<?xml version="1.0" encoding="UTF-8"?>
<!DOCTYPE ags:resources SYSTEM "http://purl.org/agmes/agrisap/dtd/">
<ags:resources xmlns:ags="http://purl.org/agmes/1.1/" xmlns:dc="http://purl.org/dc/elements/1.1/" xmlns:agls="http://www.naa.gov.au/recordkeeping/gov_online/agls/1.2" xmlns:dcterms="http://purl.org/dc/terms/">
<ags:resource ags:ARN="AR2015B00000">
	<dc:title><![CDATA[DOS NUEVOS REGISTROS DE HELECHOS PARA EL NOROESTE ARGENTINO]]></dc:title>
	<dc:creator>
		<ags:creatorPersonal><![CDATA[Cacharani, Daniel]]></ags:creatorPersonal>
		<ags:creatorPersonal><![CDATA[Ramos, Mario]]></ags:creatorPersonal>
		<ags:creatorPersonal><![CDATA[Martínez, Olga]]></ags:creatorPersonal>
	</dc:creator>
	<dc:publisher>
		<ags:publisherName><![CDATA[Instituto de Botánica Darwinion y Museo Botánico de Córdoba]]></ags:publisherName>
	</dc:publisher>
	<dc:date><dcterms:dateIssued><![CDATA[2014]]></dcterms:dateIssued></dc:date>
	<dc:description><dcterms:abstract><![CDATA[En este trabajo se registra por primera vez para Argentina la presencia de Adiantum peruvianum (Pteridaceae) y Serpocaulon polystichum (Polypodiaceae). Estos nuevos registros fueron coleccionados durante exploraciones botánicas realizadas en los departamentos de La Caldera y Chicoana, en la provincia de Salta. Se describen e ilustran los caracteres diagnósticos, se proporcionan claves para la identificación de las especies y mapa de su distribución.]]></dcterms:abstract>
	</dc:description>
	<dc:identifier scheme="dcterms:URI"><![CDATA[10.14522/darwiniana.2014.22.622]]></dc:identifier>
	<dc:format><dcterms:extent><![CDATA[p.277-283]]></dcterms:extent></dc:format>
	<dc:language scheme="ags:ISO639-1"><![CDATA[ES]]></dc:language>
	<ags:citation>
		<ags:citationTitle><![CDATA[Darwiniana, nueva serie]]></ags:citationTitle>
		<ags:citationIdentifier scheme="ags:ISSN">0011-6793</ags:citationIdentifier>
		<ags:citationNumber><![CDATA[v.2(2)]]></ags:citationNumber>
	</ags:citation>
</ags:resource>
<ags:resource ags:ARN="AR2015B00001">
	<dc:title><![CDATA[OBITUARIO Encarnación Rosa Guaglianone (1932-2014)]]></dc:title>
	<dc:creator>
		<ags:creatorPersonal><![CDATA[Múlgura, María]]></ags:creatorPersonal>
		<ags:creatorPersonal><![CDATA[Ponce, M.]]></ags:creatorPersonal>
		<ags:creatorPersonal><![CDATA[Kiesling, Roberto]]></ags:creatorPersonal>
	</dc:creator>
	<dc:publisher>
		<ags:publisherName><![CDATA[Instituto de Botánica Darwinion y Museo Botánico de Córdoba]]></ags:publisherName>
	</dc:publisher>
	<dc:date><dcterms:dateIssued><![CDATA[2014]]></dcterms:dateIssued></dc:date>
	<dc:identifier scheme="dcterms:URI"><![CDATA[10.14522/darwiniana.2014.22.625]]></dc:identifier>
	<dc:format><dcterms:extent><![CDATA[p.284-289]]></dcterms:extent></dc:format>
	<dc:language scheme="ags:ISO639-1"><![CDATA[ES]]></dc:language>
	<ags:citation>
		<ags:citationTitle><![CDATA[Darwiniana, nueva serie]]></ags:citationTitle>
		<ags:citationIdentifier scheme="ags:ISSN">0011-6793</ags:citationIdentifier>
		<ags:citationNumber><![CDATA[v.2(2)]]></ags:citationNumber>
	</ags:citation>
</ags:resource>
<ags:resource ags:ARN="AR2015B00002">
	<dc:title><![CDATA[PRUNELLA LACINIATA (LAMIACEAE), NUEVA CITA PARA LA FLORA ARGENTINA]]></dc:title>
	<dc:creator>
		<ags:creatorPersonal><![CDATA[Torres, Cristian]]></ags:creatorPersonal>
		<ags:creatorPersonal><![CDATA[Puntieri, Javier]]></ags:creatorPersonal>
	</dc:creator>
	<dc:publisher>
		<ags:publisherName><![CDATA[Instituto de Botánica Darwinion y Museo Botánico de Córdoba]]></ags:publisherName>
	</dc:publisher>
	<dc:date><dcterms:dateIssued><![CDATA[2014]]></dcterms:dateIssued></dc:date>
	<dc:description><dcterms:abstract><![CDATA[Prunella es un género de especies herbáceas perennes, originarias de Eurasia y el norte de África. Este género incluye ocho especies, entre las cuales P. vulgaris es la de más amplia distribución, ya que se presenta como maleza en casi todo el mundo, incluyendo la mayor parte de América y la Argentina. El presente trabajo informa, por primera vez, la presencia en Argentina de una especie menos común, P. laciniata. El ejemplar determinado se encontró en el Parque Nacional Lanín en la provincia de Neuquén. Se describe morfológicamente el material de P. laciniata encontrado, destacando sus diferencias con P. vulgaris, y se aporta una ilustración y el mapa de distribución en Argentina.]]></dcterms:abstract>
	</dc:description>
	<dc:identifier scheme="dcterms:URI"><![CDATA[10.14522/darwiniana.2014.22.613]]></dc:identifier>
	<dc:format><dcterms:extent><![CDATA[p.243-247]]></dcterms:extent></dc:format>
	<dc:language scheme="ags:ISO639-1"><![CDATA[ES]]></dc:language>
	<ags:citation>
		<ags:citationTitle><![CDATA[Darwiniana, nueva serie]]></ags:citationTitle>
		<ags:citationIdentifier scheme="ags:ISSN">0011-6793</ags:citationIdentifier>
		<ags:citationNumber><![CDATA[v.2(2)]]></ags:citationNumber>
	</ags:citation>
</ags:resource>
<ags:resource ags:ARN="AR2015B00003">
	<dc:title><![CDATA[NUEVOS REGISTROS DE GEASTRACEAE (BASIDIOMYCOTA, PHALLOMYCETIDAE) EN REMANENTES Y RELICTOS DE MATA ATLÁNTICA DEL NORDESTE DE BRASIL]]></dc:title>
	<dc:creator>
		<ags:creatorPersonal><![CDATA[Sousa, Julieth]]></ags:creatorPersonal>
		<ags:creatorPersonal><![CDATA[Silva, Bianca]]></ags:creatorPersonal>
		<ags:creatorPersonal><![CDATA[Alfredo, Dônis]]></ags:creatorPersonal>
		<ags:creatorPersonal><![CDATA[Baseia, Iuri]]></ags:creatorPersonal>
	</dc:creator>
	<dc:publisher>
		<ags:publisherName><![CDATA[Instituto de Botánica Darwinion y Museo Botánico de Córdoba]]></ags:publisherName>
	</dc:publisher>
	<dc:date><dcterms:dateIssued><![CDATA[2014]]></dcterms:dateIssued></dc:date>
	<dc:description><dcterms:abstract><![CDATA[En este trabajo se presentan registros de Geastraceae en el noreste brasileño, recolectados en los remanentes de las formaciones vegetales de la Mata Atlántica y los relictos de Mata Atlántica “Brejo de Altitude”. Las especies se han identificado sobre la base de la macro y micro morfología con ayuda de la literatura específica. Once especies se distribuyen en dos géneros: Geastrum fimbriatum, G. javanicum, G. lageniforme, G. lloydianum, G. minimum, G. pectinatum, G. rusticum, G. schweinitzii, G. setiferum y G. triplex y Myriostoma coliforme. Nueve de estos registros son nuevos para Rio Grande do Norte, cinco para Paraíba y cinco para Ceará. Geastrum minimum es el primer registro para el nordeste de Brasil, G. rusticum es la primera cita para la región semiárida, mientras que G. pectinatum y M. coliforme son los primeros registros para el nordeste de la Mata Atlántica y los relictos de Mata Atlántica “ Brejo de Altitude”. También se incluyen observaciones taxonómicas del hábitat y la distribución de las especies en Brasil.]]></dcterms:abstract>
	</dc:description>
	<dc:identifier scheme="dcterms:URI"><![CDATA[10.14522/darwiniana.2014.22.595]]></dc:identifier>
	<dc:format><dcterms:extent><![CDATA[p.207-221]]></dcterms:extent></dc:format>
	<dc:language scheme="ags:ISO639-1"><![CDATA[EN]]></dc:language>
	<ags:citation>
		<ags:citationTitle><![CDATA[Darwiniana, nueva serie]]></ags:citationTitle>
		<ags:citationIdentifier scheme="ags:ISSN">0011-6793</ags:citationIdentifier>
		<ags:citationNumber><![CDATA[v.2(2)]]></ags:citationNumber>
	</ags:citation>
</ags:resource>
<ags:resource ags:ARN="AR2015B00004">
	<dc:title><![CDATA[ESTUDIOS EN EL GÉNERO CORTADERIA (POACEAE). I. SISTEMÁTICA Y NOMENCLATURA DE LA SECT. CORTADERIA]]></dc:title>
	<dc:creator>
		<ags:creatorPersonal><![CDATA[Testoni, Daniel]]></ags:creatorPersonal>
		<ags:creatorPersonal><![CDATA[Villamil, Carlos]]></ags:creatorPersonal>
	</dc:creator>
	<dc:publisher>
		<ags:publisherName><![CDATA[Instituto de Botánica Darwinion y Museo Botánico de Córdoba]]></ags:publisherName>
	</dc:publisher>
	<dc:date><dcterms:dateIssued><![CDATA[2014]]></dcterms:dateIssued></dc:date>
	<dc:description><dcterms:abstract><![CDATA[El género Cortaderia (Poaceae) incluye 19 especies sudamericanas separadas en cuatro secciones. En este trabajo se estudian las especies incluidas en la sect. Cortaderia. Cortaderia rudiuscula y C. jubata son dos nombres utilizados con diferentes criterios según diferentes autores, lo que ha generado confusión y explica los numerosos ejemplares de herbario determinados sucesivamente como diferentes especies de la sección. La descripción original de C. rudiuscula fue realizada sobre la base de cuatro sintipos que corresponden a más de una especie. En esta contribución se analizaron los ejemplares tipo y otros materiales de herbario identificados como C. rudiuscula, además de plantas coleccionadas en muestreos poblacionales para este trabajo, y ejemplares de las restantes especies de la sección. Se realizó un análisis de componentes principales (ACP) sobre la base de caracteres tradicionalmente utilizados para delimitar las especies de la sección. El análisis mostró tres grupos morfológicos discretos que corresponden a C. araucana, C. selloana y C. speciosa. El lectotipo de C. rudiuscula se ubicó entre los ejemplares de C. speciosa, y, por lo tanto, se propone la sinonimia de ambas. Un análisis similar permitió establecer que C. jubata representa sólo una porción de la variabilidad morfológica de C. selloana y se propone la nueva combinación Cortaderia selloana subsp. jubata. Los nombres C. quila y C. quila var. pygmaeum pasan a la sinonimia de C. speciosa. Las especies Cortaderia araucana y C. selloana fueron descritas originalmente como dioicas y posteriormente como ginodioicas. En este trabajo se hallaron, además, poblaciones con plantas únicamente pistiladas (apomícticas) y, consecuentemente, se enmiendan ambas descripciones para incluir en ellas sus poblaciones apomícticas. Se presenta una clave para la determinación de los cuatro taxones que se reconocen para la sect. Cortaderia, descripciones, sinonimias y mapas de distribución.]]></dcterms:abstract>
	</dc:description>
	<dc:identifier scheme="dcterms:URI"><![CDATA[10.14522/darwiniana.2014.22.591]]></dc:identifier>
	<dc:format><dcterms:extent><![CDATA[p.260-276]]></dcterms:extent></dc:format>
	<dc:language scheme="ags:ISO639-1"><![CDATA[ES]]></dc:language>
	<ags:citation>
		<ags:citationTitle><![CDATA[Darwiniana, nueva serie]]></ags:citationTitle>
		<ags:citationIdentifier scheme="ags:ISSN">0011-6793</ags:citationIdentifier>
		<ags:citationNumber><![CDATA[v.2(2)]]></ags:citationNumber>
	</ags:citation>
</ags:resource>
<ags:resource ags:ARN="AR2015B00005">
	<dc:title><![CDATA[PRIMER REGISTRO DE ASPLENIUM HARPEODES (ASPLENIACEAE) PARA LA FLORA ARGENTINA]]></dc:title>
	<dc:creator>
		<ags:creatorPersonal><![CDATA[Ganem, M.]]></ags:creatorPersonal>
		<ags:creatorPersonal><![CDATA[Arana, Marcelo]]></ags:creatorPersonal>
		<ags:creatorPersonal><![CDATA[Luna, M.]]></ags:creatorPersonal>
		<ags:creatorPersonal><![CDATA[Ahumada, Osvaldo]]></ags:creatorPersonal>
		<ags:creatorPersonal><![CDATA[Giudice, Gabriela]]></ags:creatorPersonal>
	</dc:creator>
	<dc:publisher>
		<ags:publisherName><![CDATA[Instituto de Botánica Darwinion y Museo Botánico de Córdoba]]></ags:publisherName>
	</dc:publisher>
	<dc:date><dcterms:dateIssued><![CDATA[2014]]></dcterms:dateIssued></dc:date>
	<dc:description><dcterms:abstract><![CDATA[Se da a conocer el primer hallazgo de Asplenium harpeodes para la Argentina. Esta especie crece en las provincias de Jujuy y Salta, en las Yungas. Se presenta la descripción e ilustración del taxón y se brindan datos de su distribución y hábitat. Se brinda una clave para diferenciar esta especie de las más afines con lámina pinnada.]]></dcterms:abstract>
	</dc:description>
	<dc:identifier scheme="dcterms:URI"><![CDATA[10.14522/darwiniana.2014.22.602]]></dc:identifier>
	<dc:format><dcterms:extent><![CDATA[p.237-242]]></dcterms:extent></dc:format>
	<dc:language scheme="ags:ISO639-1"><![CDATA[ES]]></dc:language>
	<ags:citation>
		<ags:citationTitle><![CDATA[Darwiniana, nueva serie]]></ags:citationTitle>
		<ags:citationIdentifier scheme="ags:ISSN">0011-6793</ags:citationIdentifier>
		<ags:citationNumber><![CDATA[v.2(2)]]></ags:citationNumber>
	</ags:citation>
</ags:resource>
<ags:resource ags:ARN="AR2015B00006">
	<dc:title><![CDATA[NUEVA CIRCUNSCRIPCION DE LA TRIBU LEUCOCORYNEAE (AMARYLLIDACEAE, ALLIOIDEAE)]]></dc:title>
	<dc:creator>
		<ags:creatorPersonal><![CDATA[Sassone, Agostina]]></ags:creatorPersonal>
		<ags:creatorPersonal><![CDATA[Arroyo-Leuenberger, Silvia]]></ags:creatorPersonal>
		<ags:creatorPersonal><![CDATA[Giussani, Liliana]]></ags:creatorPersonal>
	</dc:creator>
	<dc:publisher>
		<ags:publisherName><![CDATA[Instituto de Botánica Darwinion y Museo Botánico de Córdoba]]></ags:publisherName>
	</dc:publisher>
	<dc:date><dcterms:dateIssued><![CDATA[2014]]></dcterms:dateIssued></dc:date>
	<dc:description><dcterms:abstract><![CDATA[Sobre la base de estudios morfológicos, anatómicos y filogenéticos en la subfamilia Allioideae, se presenta una nueva circunscripción de la tribu Leucocoryneae que comprende seis géneros americanos: Beauverdia, Ipheion, Leucocoryne, Nothoscordum, Tristagma y Zoellnerallium. Se incluye una sinopsis de la tribu Leucocoryneae con su descripción (enmendada), una clave para diferenciar las tribus y una clave de los géneros de Leucocoryneae, sus descripciones y distribución geográfica.]]></dcterms:abstract>
	</dc:description>
	<dc:identifier scheme="dcterms:URI"><![CDATA[10.14522/darwiniana.2014.22.584]]></dc:identifier>
	<dc:format><dcterms:extent><![CDATA[p.197-206]]></dcterms:extent></dc:format>
	<dc:language scheme="ags:ISO639-1"><![CDATA[EN]]></dc:language>
	<ags:citation>
		<ags:citationTitle><![CDATA[Darwiniana, nueva serie]]></ags:citationTitle>
		<ags:citationIdentifier scheme="ags:ISSN">0011-6793</ags:citationIdentifier>
		<ags:citationNumber><![CDATA[v.2(2)]]></ags:citationNumber>
	</ags:citation>
</ags:resource>
<ags:resource ags:ARN="AR2015B00007">
	<dc:title><![CDATA[DELIMITACIÓN DE LAS ESPECIES ARGENTINAS DEL GENERO INGA (MIMOSOIDEAE) MEDIANTE TÉCNICAS NUMÉRICAS]]></dc:title>
	<dc:creator>
		<ags:creatorPersonal><![CDATA[Zapater, Maria]]></ags:creatorPersonal>
		<ags:creatorPersonal><![CDATA[Hoc, Patricia]]></ags:creatorPersonal>
		<ags:creatorPersonal><![CDATA[Lozano, Evangelina]]></ags:creatorPersonal>
		<ags:creatorPersonal><![CDATA[Sühring, Silvia]]></ags:creatorPersonal>
	</dc:creator>
	<dc:publisher>
		<ags:publisherName><![CDATA[Instituto de Botánica Darwinion y Museo Botánico de Córdoba]]></ags:publisherName>
	</dc:publisher>
	<dc:date><dcterms:dateIssued><![CDATA[2014]]></dcterms:dateIssued></dc:date>
	<dc:description><dcterms:abstract><![CDATA[En Argentina, el género Inga está representado por seis especies y una variedad. Sin embargo surgen dudas acerca de la validez de estos taxones. Se estudiaron las relaciones fenéticas entre 75 ejemplares de los siete taxones reconocidos para evaluar su validez. Se analizó una matriz de 46 caracteres morfológicos por métodos de agrupamiento y ordenamiento. Tanto el dendrograma como la distribución de los ejemplares en el análisis de componentes principales (ACP) muestran seis grupos, lo cual evidencia la existencia de seis especies: Inga saltensis, I. marginata, I. laurina, I. virescens, I. affinis e I. uraguensis. Se presenta una clave para la identificación de las especies y mapas de distribución en Argentina.]]></dcterms:abstract>
	</dc:description>
	<dc:identifier scheme="dcterms:URI"><![CDATA[10.14522/darwiniana.2014.22.614]]></dc:identifier>
	<dc:format><dcterms:extent><![CDATA[p.248-259]]></dcterms:extent></dc:format>
	<dc:language scheme="ags:ISO639-1"><![CDATA[ES]]></dc:language>
	<ags:citation>
		<ags:citationTitle><![CDATA[Darwiniana, nueva serie]]></ags:citationTitle>
		<ags:citationIdentifier scheme="ags:ISSN">0011-6793</ags:citationIdentifier>
		<ags:citationNumber><![CDATA[v.2(2)]]></ags:citationNumber>
	</ags:citation>
</ags:resource>
<ags:resource ags:ARN="AR2015B00008">
	<dc:title><![CDATA[ESTUDIO TAXONÓMICO DEL GÉNERO DYSCHORISTE (ACANTHACEAE) EN LA ARGENTINA]]></dc:title>
	<dc:creator>
		<ags:creatorPersonal><![CDATA[Ezcurra, Cecilia]]></ags:creatorPersonal>
	</dc:creator>
	<dc:publisher>
		<ags:publisherName><![CDATA[Instituto de Botánica Darwinion y Museo Botánico de Córdoba]]></ags:publisherName>
	</dc:publisher>
	<dc:date><dcterms:dateIssued><![CDATA[2014]]></dcterms:dateIssued></dc:date>
	<dc:description><dcterms:abstract><![CDATA[Dyschoriste es un género de distribución mundial en regiones cálidas, con dos centros de diversidad importantes, en América, uno en el sur de América del Norte y otro en Sudamérica subtropical. Este trabajo tiene como objetivo analizar la taxonomía de las seis especies de Dyschoriste presentes en Argentina. Las especies se delimitan, se resuelve su nomenclatura y su sinonimia sobre la base de material tipo, se describen e ilustran, y se presenta una clave para diferenciarlas. El trabajo incluye observaciones sobre su morfología, nomenclatura, tipificación, distribución, fenología y hábitat, y citas de ejemplares representativos. Se designa un lectotipo para Dyschoriste humilis y un neotipo para D. niederleinii.]]></dcterms:abstract>
	</dc:description>
	<dc:identifier scheme="dcterms:URI"><![CDATA[10.14522/darwiniana.2014.22.606]]></dc:identifier>
	<dc:format><dcterms:extent><![CDATA[p.222-236]]></dcterms:extent></dc:format>
	<dc:language scheme="ags:ISO639-1"><![CDATA[ES]]></dc:language>
	<ags:citation>
		<ags:citationTitle><![CDATA[Darwiniana, nueva serie]]></ags:citationTitle>
		<ags:citationIdentifier scheme="ags:ISSN">0011-6793</ags:citationIdentifier>
		<ags:citationNumber><![CDATA[v.2(2)]]></ags:citationNumber>
	</ags:citation>
</ags:resource>
</ags:resources>