<?xml version="1.0" encoding="UTF-8"?><xml><records><record><database name="Zernobobovye i krupânye kulʹtury 1(13)_2015.enl" path="Zernobobovye i krupânye kulʹtury 1(13)_2015.enl">Zernobobovye i krupânye kulʹtury 1(13)_2015.enl</database><ref-type name="Journal Article">0</ref-type><contributors><authors><author>A.A., Zelenov</author><author>Novikova N.E.</author></authors></contributors><titles><title>PHYSIOLOGICAL FEATURES OF DISSECTED PINNULED LEAF MORPHOTYPE OF PEAS IN THE PURE AND MIXED SOWINGS</title><secondary-title>Legumes and Groat Crops</secondary-title></titles><periodical><full-title>Legumes and Groat Crops</full-title></periodical><pages>15-20</pages><volume>1</volume><issue>13</issue><keywords><keyword>dissected pinnuled leaf morphotype</keyword><keyword>mixed sowings</keyword><keyword>peas</keyword><keyword>physiology</keyword><keyword>selection</keyword></keywords><dates><year>2015</year></dates><publisher>The All-Russia Research Institute of Legumes and Groat Crops, Russia, Orel</publisher><isbn>9 785905 402036</isbn><language>rus</language><urls><pdf-urls><url>internal-pdf://Article_4.pdf</url></pdf-urls><web-urls><url>http://journal.vniizbk.ru/jurnals/13/Article_4.pdf</url></web-urls></urls><abstract>Dissected pinnuled leaf morphotype possesses a number of advantages over modern cultivated varieties, and the main thing from them is high indicators of biological and yield potential. How- ever, low resistance to lodging stirs its realizations. Elimination of this lack is possible at the expense of selection release of lines resistant against lodging. The second method is a companion sowing with not lodging basic component.</abstract></record><record><database name="Zernobobovye i krupânye kulʹtury 1(13)_2015.enl" path="Zernobobovye i krupânye kulʹtury 1(13)_2015.enl">Zernobobovye i krupânye kulʹtury 1(13)_2015.enl</database><ref-type name="Journal Article">0</ref-type><contributors><authors><author>A.I. Erohin</author></authors></contributors><titles><title>EFFICIENCY OF USE OF BIOLOGICAL PREPARATIONS IN PRESOWING TREAT- MENT OF SEEDS AND VEGETATING PLANTS OF LEGUMINOUS CROPS</title><secondary-title>Legumes and Groat Crops</secondary-title></titles><periodical><full-title>Legumes and Groat Crops</full-title></periodical><pages>29-33</pages><volume>1</volume><issue>13</issue><keywords><keyword>Agat-25</keyword><keyword>El-1</keyword><keyword>Hitozan</keyword><keyword>Narcissus</keyword><keyword>biologically active preparations – Baikal</keyword><keyword>plants</keyword><keyword>productivity.</keyword><keyword>seeds</keyword><keyword>treatment</keyword></keywords><dates><year>2015</year></dates><publisher>The All-Russia Research Institute of Legumes and Groat Crops, Russia, Orel</publisher><isbn>9 785905 402036</isbn><language>rus</language><urls><pdf-urls><url>internal-pdf://Article_7.pdf</url></pdf-urls><web-urls><url>http://journal.vniizbk.ru/jurnals/13/Article_7.pdf</url></web-urls></urls><abstract>Positive effect of some preparations on increase of yield qualities of treated seeds and on increase of productivity of peas and fodder beans was discovered. Possibility of decrease in dose of application of fungicide TMTD on 50 % is studied at treatment of seeds of fodder beans by preparation of El-1.</abstract></record><record><database name="Zernobobovye i krupânye kulʹtury 1(13)_2015.enl" path="Zernobobovye i krupânye kulʹtury 1(13)_2015.enl">Zernobobovye i krupânye kulʹtury 1(13)_2015.enl</database><ref-type name="Journal Article">0</ref-type><contributors><authors><author>A.Yu. Surkov</author><author>Surkova, I.V.</author></authors></contributors><titles><title>MILLET BREEDING FOR RESISTANCE TO SMUT IN CONDITIONS OF SOUTHEAST CENTRAL-CHERNOZEM ZONE</title><secondary-title>Legumes and Groat Crops</secondary-title></titles><periodical><full-title>Legumes and Groat Crops</full-title></periodical><pages>83-87</pages><volume>1</volume><issue>13</issue><keywords><keyword>breeding</keyword><keyword>millet</keyword><keyword>resistance to diseases</keyword><keyword>variety</keyword></keywords><dates><year>2015</year></dates><publisher>The All-Russia Research Institute of Legumes and Groat Crops, Russia, Orel</publisher><isbn>9 785905 402036</isbn><language>rus</language><urls><pdf-urls><url>internal-pdf://Article_19.pdf</url></pdf-urls><web-urls><url>http://journal.vniizbk.ru/jurnals/13/Article_19.pdf</url></web-urls></urls><abstract>Stated here were the results of millet breeding for resistance to smut in condition of south-east Central-Chernozem Zone. The researches showed the opportunity of millet breeding not only on for productivity and resistance to smut, but also on group resistance to diseases at artificially formed infection background. A strategy of breeding of new millet varieties has been developed, which provides breeding of high-yielding varieties with the increased quality of the grain, possessing group resistance to smut and necrotic melanose.</abstract></record><record><database name="Zernobobovye i krupânye kulʹtury 1(13)_2015.enl" path="Zernobobovye i krupânye kulʹtury 1(13)_2015.enl">Zernobobovye i krupânye kulʹtury 1(13)_2015.enl</database><ref-type name="Journal Article">0</ref-type><contributors><authors><author>Akulov, A.S.</author><author>Belyaeva, Zh. A.</author></authors></contributors><titles><title>INFLUENCE OF ELEMENTS OF TECHNOLOGY OF CULTIVATION ON PRODUCTIV- ITY OF CHICK PEA IN THE NORTH OF CENTRAL BLACK EARTH ZONE</title><secondary-title>Legumes and Groat Crops</secondary-title></titles><periodical><full-title>Legumes and Groat Crops</full-title></periodical><pages>56-60</pages><volume>1</volume><issue>13</issue><keywords><keyword>Variety</keyword><keyword>chick pea</keyword><keyword>fertilizers</keyword><keyword>seed treatment</keyword><keyword>seeding rate</keyword><keyword>sowing method</keyword></keywords><dates><year>2015</year></dates><publisher>The All-Russia Research Institute of Legumes and Groat Crops, Russia, Orel</publisher><isbn>9 785905 402036</isbn><language>rus</language><urls><pdf-urls><url>internal-pdf://Article_13.pdf</url></pdf-urls><web-urls><url>http://journal.vniizbk.ru/jurnals/13/Article_13.pdf</url></web-urls></urls><abstract>In the article results of researches on development of technology of cultivation of chick pea are resulted. For revealing of potential productivity of variety Privo-1 in the conditions of the Oryol region various agricultural methods were studied: treatment of seeds by seed dresser, sowing methods - drill, wide-row, seeding rates, mineral nutrition.</abstract></record><record><database name="Zernobobovye i krupânye kulʹtury 1(13)_2015.enl" path="Zernobobovye i krupânye kulʹtury 1(13)_2015.enl">Zernobobovye i krupânye kulʹtury 1(13)_2015.enl</database><ref-type name="Journal Article">0</ref-type><contributors><authors><author>Donskaya, M.V.</author><author>Bobkov, S.V.</author></authors></contributors><titles><title>PROTEIN CONTENT IN SEEDS OF COLLECTION SAMPLES OF CHICK PEA</title><secondary-title>Legumes and Groat Crops</secondary-title></titles><periodical><full-title>Legumes and Groat Crops</full-title></periodical><pages>53-55</pages><volume>1</volume><issue>13</issue><keywords><keyword>chick pea</keyword><keyword>collection sample</keyword><keyword>protein content</keyword><keyword>source</keyword></keywords><dates><year>2015</year></dates><publisher>The All-Russia Research Institute of Legumes and Groat Crops, Russia, Orel</publisher><isbn>9 785905 402036</isbn><language>rus</language><urls><pdf-urls><url>internal-pdf://Article_12.pdf</url></pdf-urls><web-urls><url>http://journal.vniizbk.ru/jurnals/13/Article_12.pdf</url></web-urls></urls><abstract>Results of analysis of protein content in seeds of 82 collection samples of chick pea are presented. Dependence of content of protein on suitable-environmental conditions is shown. Genotypes with high and stable content of protein in seeds are determined</abstract></record><record><database name="Zernobobovye i krupânye kulʹtury 1(13)_2015.enl" path="Zernobobovye i krupânye kulʹtury 1(13)_2015.enl">Zernobobovye i krupânye kulʹtury 1(13)_2015.enl</database><ref-type name="Journal Article">0</ref-type><contributors><authors><author>G.A. Debelyj, L.V. Kalinina, A.V. Mednov, A.V. Goncharov</author></authors></contributors><titles><title>NEW GENERATION OF VARIETIES OF LEGUMINOUS CROPS RELEASED BY THE MOSCOW RESEARCH INSTITUTE OF AGRICULTURE</title><secondary-title>Legumes and Groat Crops</secondary-title></titles><periodical><full-title>Legumes and Groat Crops</full-title></periodical><pages>10-14</pages><volume>1</volume><issue>13</issue><keywords><keyword>Varieties</keyword><keyword>lupin angustifolia</keyword><keyword>peas</keyword><keyword>selection</keyword><keyword>summer vetch</keyword></keywords><dates><year>2015</year></dates><publisher>The All-Russia Research Institute of Legumes and Groat Crops, Russia, Orel</publisher><isbn>9 785905 402036</isbn><language>rus</language><urls><pdf-urls><url>internal-pdf://Article_3.pdf</url></pdf-urls><web-urls><url>http://journal.vniizbk.ru/jurnals/13/Article_3.pdf</url></web-urls></urls><abstract>The article presents the basic results of selection work for the last five years. More technological and early high-yielding varieties of peas - Nemchinovsky 100, Flora 2, angustifolia lupin – Pheasant, spring vetch – Ugolek are released and zoned</abstract></record><record><database name="Zernobobovye i krupânye kulʹtury 1(13)_2015.enl" path="Zernobobovye i krupânye kulʹtury 1(13)_2015.enl">Zernobobovye i krupânye kulʹtury 1(13)_2015.enl</database><ref-type name="Journal Article">0</ref-type><contributors><authors><author>G.V. Soboleva</author></authors></contributors><titles><title>COMPARATIVE ESTIMATION OF REGENERATED PEA LINES OBTAINED WITH USE OF CELL SELECTION METHODS</title><secondary-title>Legumes and Groat Crops</secondary-title></titles><periodical><full-title>Legumes and Groat Crops</full-title></periodical><pages>20-25</pages><volume>1</volume><issue>13</issue><keywords><keyword>cell selection</keyword><keyword>drought resistance</keyword><keyword>pea</keyword><keyword>regenerants</keyword></keywords><dates><year>2015</year></dates><publisher>The All-Russia Research Institute of Legumes and Groat Crops, Russia, Orel</publisher><isbn>9 785905 402036</isbn><language>rus</language><urls><pdf-urls><url>internal-pdf://Article_5.pdf</url></pdf-urls><web-urls><url>http://journal.vniizbk.ru/jurnals/13/Article_5.pdf</url></web-urls></urls><abstract>Nineteen regenerated pea lines of various morphotypes obtained with use of cell selection methods were studied. Advantage of regenerated lines under initial genotypes on water-retaining capaci- ty and water content in tissues was demonstrated. Perspective regenerated lines for pea breeding were obtained. Keywords:</abstract></record><record><database name="Zernobobovye i krupânye kulʹtury 1(13)_2015.enl" path="Zernobobovye i krupânye kulʹtury 1(13)_2015.enl">Zernobobovye i krupânye kulʹtury 1(13)_2015.enl</database><ref-type name="Journal Article">0</ref-type><contributors><authors><author>Golopyatov, M.T.</author></authors></contributors><titles><title>INFLUENCE OF BIOLOGICALLY ACTIVE SUBSTANCES AND MICROFERTILIZERS ON INCREASE AND STABILIZATION OF GRAIN YIELD OF PEAS.</title><secondary-title>Legumes and Groat Crops</secondary-title></titles><periodical><full-title>Legumes and Groat Crops</full-title></periodical><pages>25-29</pages><volume>1</volume><issue>13</issue><keywords><keyword>Peas</keyword><keyword>economic efficiency</keyword><keyword>microfertilizer</keyword><keyword>protein</keyword><keyword>sodium humate</keyword><keyword>yield</keyword></keywords><dates><year>2015</year></dates><publisher>The All-Russia Research Institute of Legumes and Groat Crops (VNIIZBK), Russia, Orel</publisher><isbn>9 785905 402036</isbn><language>rus</language><urls><pdf-urls><url>internal-pdf://Article_6.pdf</url></pdf-urls><web-urls><url>http://journal.vniizbk.ru/jurnals/13/Article_6.pdf</url></web-urls></urls><abstract>In the article results of researches on studying of treatment of seeds of peas before sow- ing by solution of sodium humate and complex microfertilizer akvamiks containing in the chelate form elements for yield, quality and adaptability to manufacture of varieties of peas of new generation are reflected. Positive role of treatment of seeds for productivity is shown. The yield increase reached 0,3 t/hectares (12 %). Genotypic distinctions of varieties of peas in treatment, necessary to consider in tech- nology of their cultivation, are revealed. It is established that treatment of seeds raised content and yield of protein from area unit. Economic analysis of the studied factors showed their high efficiency</abstract></record><record><database name="Zernobobovye i krupânye kulʹtury 1(13)_2015.enl" path="Zernobobovye i krupânye kulʹtury 1(13)_2015.enl">Zernobobovye i krupânye kulʹtury 1(13)_2015.enl</database><ref-type name="Journal Article">0</ref-type><contributors><authors><author>Golovina, E.V.</author><author>Grishechkin, V.V.</author></authors></contributors><titles><title>INFLUENCE OF INOCULATION AND POTASSIUM HUMATE ON PHYSIOLOGICAL AND BIOCHEMICAL INDICATORS OF NEW VARIETIES OF SOYA</title><secondary-title>Legumes and Groat Crops</secondary-title></titles><periodical><full-title>Legumes and Groat Crops</full-title></periodical><pages>45-52</pages><volume>1</volume><issue>13</issue><keywords><keyword>Soya</keyword><keyword>catalase</keyword><keyword>inoculation</keyword><keyword>nodules</keyword><keyword>pigments</keyword><keyword>potassium humate</keyword><keyword>productivity</keyword><keyword>protein</keyword></keywords><dates><year>2015</year></dates><publisher>The All-Russia Research Institute of Legumes and Groat Crops, Russia, Orel</publisher><isbn>9 785905 402036</isbn><language>rus</language><urls><pdf-urls><url>internal-pdf://Article_11.pdf</url></pdf-urls><web-urls><url>http://journal.vniizbk.ru/jurnals/13/Article_11.pdf</url></web-urls></urls><abstract>Inoculation and potassium humate make active physiological and biochemical reactions in soya plants that positively affects symbiotic indicators, the content of chlorophyll, carotenoids and cat- alase, leads to growth of quality of grain and productivity.</abstract></record><record><database name="Zernobobovye i krupânye kulʹtury 1(13)_2015.enl" path="Zernobobovye i krupânye kulʹtury 1(13)_2015.enl">Zernobobovye i krupânye kulʹtury 1(13)_2015.enl</database><ref-type name="Journal Article">0</ref-type><contributors><authors><author>Gurjev, G.P.</author></authors></contributors><titles><title>INFLUENCE OF THE PREDECESSOR ON SYMBIOTIC NITROGEN FIXATION AT PEAS</title><secondary-title>Legumes and Groat Crops</secondary-title></titles><periodical><full-title>Legumes and Groat Crops</full-title></periodical><pages>34-38</pages><volume>1</volume><issue>13</issue><keywords><keyword>peas</keyword><keyword>predecessor</keyword><keyword>sitonas</keyword><keyword>symbiotic nitrogen fixation</keyword></keywords><dates><year>2015</year></dates><publisher>The All-Russia Research Institute of Legumes and Groat Crops, Russia, Orel</publisher><isbn>9 785905 402036</isbn><language>rus</language><urls><pdf-urls><url>internal-pdf://Article_8.pdf</url></pdf-urls><web-urls><url>http://journal.vniizbk.ru/jurnals/13/Article_8.pdf</url></web-urls></urls><abstract>In the article the data of field experiments on studying of symbiotic nitrogen fixation at peas is presented. The role of external factors on formation of nodules and symbiotic assimilation of ni- trogen is shown. Great importance is given to the choice of predecessor. Climatic factors, such as tem- perature and humidity, can essentially influence duration of the term of nitrogen fixation</abstract></record><record><database name="Zernobobovye i krupânye kulʹtury 1(13)_2015.enl" path="Zernobobovye i krupânye kulʹtury 1(13)_2015.enl">Zernobobovye i krupânye kulʹtury 1(13)_2015.enl</database><ref-type name="Journal Article">0</ref-type><contributors><authors><author>I.Yu. Nikiforova</author></authors></contributors><titles><title>EVALUATION OF ADAPTIVE POTENTIAL OF SAMPLES OF COMMON MILLET FROM VARIOUS GROUPS OF RIPENESS ON THE STATISTICAL PARAMETERS CALCULATED BY SIGN «PRODUCTIVITY OF GRAIN»</title><secondary-title>Legumes and Groat Crops</secondary-title></titles><periodical><full-title>Legumes and Groat Crops</full-title></periodical><pages>79-83</pages><volume>1</volume><issue>13</issue><keywords><keyword>adaptive indicators</keyword><keyword>co-adapted blocks of genes</keyword><keyword>millet</keyword><keyword>ripeness group</keyword></keywords><dates><year>2015</year></dates><publisher>The All-Russia Research Institute of Legumes and Groat Crops, Russia, Orel</publisher><isbn>9 785905 402036</isbn><language>rus</language><urls><pdf-urls><url>internal-pdf://Article_18.pdf</url></pdf-urls><web-urls><url>http://journal.vniizbk.ru/jurnals/13/Article_18.pdf</url></web-urls></urls><abstract>Evaluation of samples of millet of various groups of ripeness on the statistical parameters calculated by the sign «productivity of grain” is performed. The variety Kamsky of TatNiIsH selection is a source of co-adapted blocks of genes</abstract></record><record><database name="Zernobobovye i krupânye kulʹtury 1(13)_2015.enl" path="Zernobobovye i krupânye kulʹtury 1(13)_2015.enl">Zernobobovye i krupânye kulʹtury 1(13)_2015.enl</database><ref-type name="Journal Article">0</ref-type><contributors><authors><author>M.A. Antonova, A.A. Dutova, A.A. Lun'kova, P.V. Mescheryakova, P.A. Milyaeva, A.A. Sinyushin</author><author>E.A. Toshchakova</author></authors></contributors><titles><title>TO STUDYING OF INHERITANCE OF MORPHOTYPE CHAMELEON OF PEAS</title><secondary-title>Legumes and Groat Crops</secondary-title></titles><periodical><full-title>Legumes and Groat Crops</full-title></periodical><pages>5-10</pages><volume>1</volume><issue>13</issue><keywords><keyword>Common peas</keyword><keyword>compound leaf development</keyword><keyword>genetic mapping</keyword><keyword>heterofilia</keyword><keyword>hybrid analysis</keyword></keywords><dates><year>2015</year></dates><publisher>The All-Russia Research Institute of Legumes and Groat Crops, Russia, Orel</publisher><isbn>9 785905 402036</isbn><language>rus</language><urls><pdf-urls><url>internal-pdf://Article_2.pdf</url></pdf-urls><web-urls><url>http://journal.vniizbk.ru/jurnals/13/Article_2.pdf</url></web-urls></urls><abstract>Features of inheritance of morphotype chameleon of peas are studied. It is shown that this phenotype is inherent in homozygotes on two recessive mutations – af and unitac. The obtained results specify an independent character of inheritance of mutations. With use of genetic mapping it has been shown that gene UNI at lines with phenotype chameleon is localized in the IIIrd group of coupling.</abstract></record><record><database name="Zernobobovye i krupânye kulʹtury 1(13)_2015.enl" path="Zernobobovye i krupânye kulʹtury 1(13)_2015.enl">Zernobobovye i krupânye kulʹtury 1(13)_2015.enl</database><ref-type name="Journal Article">0</ref-type><contributors><authors><author>Pimokhova, L.I.</author><author>Slesareva, T.N.</author><author>Tsarapneva, Z.V.</author></authors></contributors><titles><title>EFFECT OF INSECTICIDES AGAINST DOMINANT PESTS IN LUPIN CROP</title><secondary-title>Legumes and Groat Crops</secondary-title></titles><periodical><full-title>Legumes and Groat Crops</full-title></periodical><pages>71-74</pages><volume>1</volume><issue>13</issue><keywords><keyword>chemical protection</keyword><keyword>insecticides</keyword><keyword>narrow-leafed lupin</keyword><keyword>pests</keyword><keyword>presowing seed treatment</keyword><keyword>productivity</keyword></keywords><dates><year>2015</year></dates><publisher>The All-Russia Research Institute of Legumes and Groat Crops, Russia, Orel</publisher><isbn>9 785905 402036</isbn><language>rus</language><urls><pdf-urls><url>internal-pdf://Article_16.pdf</url></pdf-urls><web-urls><url>http://journal.vniizbk.ru/jurnals/13/Article_16.pdf</url></web-urls></urls><abstract>Under field conditions it was detected that presowing insecticide seed treatment is an ef- fective way for protection against pests of lupin shoots. Productivity estimation of lupin protection against aphid and tortricid moth has shown that system action insecticides reduce pests population by 83- 93 % Keywords:</abstract></record><record><database name="Zernobobovye i krupânye kulʹtury 1(13)_2015.enl" path="Zernobobovye i krupânye kulʹtury 1(13)_2015.enl">Zernobobovye i krupânye kulʹtury 1(13)_2015.enl</database><ref-type name="Journal Article">0</ref-type><contributors><authors><author>Ryzhkova, T.A.</author><author>Tretyakov, M.Yu.</author><author>A.N. Chulkov</author></authors></contributors><titles><title>INFLUENCE LUPINUS FLOUR ADDITIVES ON BIOLOGICAL VALUE AND STRUCTURAL-MECHANICAL PROPERTIES OF THE WHEAT DOUGH</title><secondary-title>Legumes and Groat Crops</secondary-title></titles><periodical><full-title>Legumes and Groat Crops</full-title></periodical><pages>67-70</pages><volume>1</volume><issue>13</issue><keywords><keyword>Mixolab</keyword><keyword>amino acid composition</keyword><keyword>lupine flour</keyword><keyword>quality</keyword><keyword>wheat flour</keyword></keywords><dates><year>2015</year></dates><publisher>The All-Russia Research Institute of Legumes and Groat Crops, Russia, Orel</publisher><isbn>9 785905 402036</isbn><language>rus</language><urls><pdf-urls><url>internal-pdf://Article_15.pdf</url></pdf-urls><web-urls><url>http://journal.vniizbk.ru/jurnals/13/Article_15.pdf</url></web-urls></urls><abstract>The article presents data on changes in structural and mechanical properties of the test and the content of 13 amino acids at the inclusion of different lupine flour per cent of the wheat flour</abstract></record><record><database name="Zernobobovye i krupânye kulʹtury 1(13)_2015.enl" path="Zernobobovye i krupânye kulʹtury 1(13)_2015.enl">Zernobobovye i krupânye kulʹtury 1(13)_2015.enl</database><ref-type name="Journal Article">0</ref-type><contributors><authors><author>S.V. Kirjukhin</author><author>Zarjanova, Z.A.</author></authors></contributors><titles><title>STUDYING OF THE ATTRIBUTE OF SPOTTINESS OF LEAF OF RED CLOVER AND ALLOCATION OF THE PERSPECTIVE MATERIAL</title><secondary-title>Legumes and Groat Crops</secondary-title></titles><periodical><full-title>Legumes and Groat Crops</full-title></periodical><pages>102-105</pages><volume>1</volume><issue>13</issue><keywords><keyword>Red clover</keyword><keyword>correlation.</keyword><keyword>leaf</keyword><keyword>pattern</keyword><keyword>productivity of dry matter</keyword><keyword>productivity of seeds</keyword></keywords><dates><year>2015</year></dates><publisher>The All-Russia Research Institute of Legumes and Groat Crops (VNIIZBK), Russia, Orel</publisher><isbn>9 785905 402036</isbn><language>rus</language><urls><pdf-urls><url>internal-pdf://Article_21.pdf</url></pdf-urls><web-urls><url>http://journal.vniizbk.ru/jurnals/13/Article_21.pdf</url></web-urls></urls><abstract>Studying of pattern of leaf 13 of varieties and 17 selection numbers of red clover is led. In a sample of 100 leaves which have been selected in phase of stem growth of each sample, content of leaves with strongly pronounced and a little expressed pattern, and also without pattern is defined. Cor- relation link of share of each category of leaves with fodder and seed productivity is defined. Perspective varieties for selection and selection numbers of red clover, 70-80 % leaves of which have strongly pro- nounced spottiness of leaf are determined.</abstract></record><record><database name="Zernobobovye i krupânye kulʹtury 1(13)_2015.enl" path="Zernobobovye i krupânye kulʹtury 1(13)_2015.enl">Zernobobovye i krupânye kulʹtury 1(13)_2015.enl</database><ref-type name="Journal Article">0</ref-type><contributors><authors><author>V.I. Zotikov</author></authors></contributors><titles><title>«LEGUMES AND GROAT CROPS» FIGURES AND FACTS</title><secondary-title>Legumes and Groat Crops</secondary-title></titles><periodical><full-title>Legumes and Groat Crops</full-title></periodical><pages>4</pages><volume>1</volume><issue>13</issue><keywords><keyword>the all-Russia research-and-production journal «Le</keyword></keywords><dates><year>2015</year></dates><publisher>The All-Russia Research Institute of Legumes and Groat Crops, Russia, Orel</publisher><isbn>9 785905 402036</isbn><language>rus</language><urls><pdf-urls><url>internal-pdf://Article_1.pdf</url></pdf-urls><web-urls><url>http://journal.vniizbk.ru/jurnals/13/Article_1.pdf</url></web-urls></urls><abstract>3 years had passed from the moment of publication of the first number of the all-Russia research-and- production journal «Leguminous and groat crops» («Zernobobovye i krupânye kul'tury»). Our editorial board has summed up some results of work for these years. In total there were 12 separate issues of the journal. 238 scientific articles and information reports are pub- lished on 1304 pages. 528 authors who represent leading scientific institutions of Russia and large agrarian regions worked on re- lease of scientific production: VIR named after N.I. Vavilov, VNIISS named after A.L. Mazlumov, VNII of fodder named after V.R. Vilyams, VNII of lupine, VNII if rice, VNIISSOK, VNIIZK named after I.G. Kalinenko, Mos- cow NIISH «Nemchinovka», Voronezh NIISH named after V.V. Dokuchaev, Bashkirskij, Tatarskij, Ul'yanovskij, Ural'skij, Ryazanskij, Kabardino-Balkarskij, Belgorodskij NIISH, Krasnodarskij NIISH named after P.P. Luk'ya- nenko, Povolzhskij NIISS named after P.N. Konstantinov, ZNIISH of the Northeast named after N.V. Rudnitsky, NIISH of the Southeast, Altajskij NIISH, Stavropol'skij NIISH, Orel State Agrarian University, Omsk State Agra- rian University, Michurinsk State Agrarian University and others institutions. They published 189 articles. It is necessary to note activity in creative process and scientists from Ukraine, Belarus, Kazakhstan, Moldo- va; they wrote 49 scientific articles, article of collective of scientists from Italy was published. That is the statistics. To judge about scientific level of our journal, observance of the declared editorial poli- cy is up to you, readers. Editorial board hopes for mutually advantageous, more active cooperation, understanding and support. I am grateful to the authors, members of editorial board, to all who accepted and take active part in our jour- nal project, which purpose is assistance to development of agricultural science.</abstract></record><record><database name="Zernobobovye i krupânye kulʹtury 1(13)_2015.enl" path="Zernobobovye i krupânye kulʹtury 1(13)_2015.enl">Zernobobovye i krupânye kulʹtury 1(13)_2015.enl</database><ref-type name="Journal Article">0</ref-type><contributors><authors><author>V.I. Zotikov, Z.I. Glazova</author></authors></contributors><titles><title>ABOUT INCREASE OF PRODUCTION EFFICIENCY OF BUCKWHEAT GRAIN IN RUSSIA</title><secondary-title>Legumes and Groat Crops</secondary-title></titles><periodical><full-title>Legumes and Groat Crops</full-title></periodical><pages>75-78</pages><volume>1</volume><issue>13</issue><keywords><keyword>buckwheat</keyword><keyword>production</keyword><keyword>productivity</keyword><keyword>technology</keyword><keyword>variety</keyword></keywords><dates><year>2015</year></dates><publisher>The All-Russia Research Institute of Legumes and Groat Crops, Russia, Orel</publisher><isbn>9 785905 402036</isbn><language>rus</language><urls><pdf-urls><url>internal-pdf://Article_17.pdf</url></pdf-urls><web-urls><url>http://journal.vniizbk.ru/jurnals/13/Article_17.pdf</url></web-urls></urls><abstract>In the article questions of value of buckwheat as food, improving environment and eco- nomic crop are considered. Influence of some technological adapters on increase of yield of buckwheat is shown</abstract></record><record><database name="Zernobobovye i krupânye kulʹtury 1(13)_2015.enl" path="Zernobobovye i krupânye kulʹtury 1(13)_2015.enl">Zernobobovye i krupânye kulʹtury 1(13)_2015.enl</database><ref-type name="Journal Article">0</ref-type><contributors><authors><author>Voziyan, V.I.</author><author>Postolati, A.A.</author></authors></contributors><titles><title>WINTER WHEAT IN REPUBLIC MOLDOVA (HISTORICAL SKETCH)</title><secondary-title>Legumes and Groat Crops</secondary-title></titles><periodical><full-title>Legumes and Groat Crops</full-title></periodical><pages>87-102</pages><volume>1</volume><issue>13</issue><keywords><keyword>Winter wheat</keyword><keyword>productivity</keyword><keyword>selection</keyword><keyword>variety</keyword><keyword>variety mode</keyword></keywords><dates><year>2015</year></dates><publisher>The All-Russia Research Institute of Legumes and Groat Crops (VNIIZBK), Russia, Orel</publisher><isbn>9 785905 402036</isbn><language>rus</language><urls><pdf-urls><url>internal-pdf://Article_20.pdf</url></pdf-urls><web-urls><url>http://journal.vniizbk.ru/jurnals/13/Article_20.pdf</url></web-urls></urls><abstract>Сhronology and dynamics of changes of the areas of sowing, frame of varietal composi- tion, crop of cultivation and productivity of one of the main food crops in the region - winter wheat - is resulted.</abstract></record><record><database name="Zernobobovye i krupânye kulʹtury 1(13)_2015.enl" path="Zernobobovye i krupânye kulʹtury 1(13)_2015.enl">Zernobobovye i krupânye kulʹtury 1(13)_2015.enl</database><ref-type name="Journal Article">0</ref-type><contributors><authors><author>Zajceva, A.I.</author><author>Zajcev, V.N.</author></authors></contributors><titles><title>SOURCES OF ECONOMIC VALUABLE ATTRIBUTES FOR SELECTION OF COMMON VETCH IN THE CONDITIONS OF NORTHERN PART OF CENTRAL BLACK EARTH ZONE</title><secondary-title>Legumes and Groat Crops</secondary-title></titles><periodical><full-title>Legumes and Groat Crops</full-title></periodical><pages>43-44</pages><volume>1</volume><issue>13</issue><keywords><keyword>collection</keyword><keyword>common vetch</keyword><keyword>crude protein</keyword><keyword>early growth</keyword><keyword>gene pool</keyword><keyword>productivity</keyword><keyword>selection process</keyword><keyword>the vegetative period</keyword><keyword>variety</keyword></keywords><dates><year>2015</year></dates><publisher>The All-Russia Research Institute of Legumes and Groat Crops, Russia, Orel</publisher><isbn>9 785905 402036</isbn><language>rus</language><urls><pdf-urls><url>internal-pdf://Article_10.pdf</url></pdf-urls><web-urls><url>http://journal.vniizbk.ru/jurnals/13/Article_10.pdf</url></web-urls></urls><abstract>In the article results of long-term studying of VIR collection are stated. Samples which are valuable material for the further selection are determined.</abstract></record><record><database name="Zernobobovye i krupânye kulʹtury 1(13)_2015.enl" path="Zernobobovye i krupânye kulʹtury 1(13)_2015.enl">Zernobobovye i krupânye kulʹtury 1(13)_2015.enl</database><ref-type name="Journal Article">0</ref-type><contributors><authors><author>Zolotarev, V.N.</author></authors></contributors><titles><title>EFFECT OF DEPTH ON FIELD PLANTIG SEEDS GERMINATION AND SEED PRODUCTIVITY OF GRAIN FEED VETCH SEEDING</title><secondary-title>Legumes and Groat Crops</secondary-title></titles><periodical><full-title>Legumes and Groat Crops</full-title></periodical><pages>38-42</pages><volume>1</volume><issue>13</issue><keywords><keyword>crop quality</keyword><keyword>depth of planting</keyword><keyword>germination</keyword><keyword>grain feed grade</keyword><keyword>seed</keyword><keyword>vetch</keyword><keyword>yield.</keyword></keywords><dates><year>2015</year></dates><publisher>The All-Russia Research Institute of Legumes and Groat Crops, Russia, Orel</publisher><isbn>9 785905 402036</isbn><language>rus</language><urls><pdf-urls><url>internal-pdf://Article_9.pdf</url></pdf-urls><web-urls><url>http://journal.vniizbk.ru/jurnals/13/Article_9.pdf</url></web-urls></urls><abstract>The level of productivity of seeds sown wiki determined plant density per unit area, depending on the field germination of seeds. In the context of the Central Black Earth optimal seeding depth wiki seed grain feed grade Lugovskaya 98, is provided by the best indicators of field germination more intensive development of plants and the formation of high-yield seeds on sod-podzolic soil medium texture, is 3-5 cm.</abstract></record><record><database name="Zernobobovye i krupânye kulʹtury 1(13)_2015.enl" path="Zernobobovye i krupânye kulʹtury 1(13)_2015.enl">Zernobobovye i krupânye kulʹtury 1(13)_2015.enl</database><ref-type name="Journal Article">0</ref-type><contributors><authors><author>А.I. Аrtyukhov</author></authors></contributors><titles><title>LUPIN SPECIES ADAPTATION TO AGROLANDSCAPE OF RUSSIA</title><secondary-title>Legumes and Groat Crops</secondary-title></titles><periodical><full-title>Legumes and Groat Crops</full-title></periodical><pages>60-67</pages><volume>1</volume><issue>13</issue><keywords><keyword>White lupin</keyword><keyword>adapta- tion to feeding diets</keyword><keyword>adaptation to agrolandscape</keyword><keyword>anthracnose infection level</keyword><keyword>geographical regionalization</keyword><keyword>narrow-leafed lupin</keyword><keyword>sum of active temperatures</keyword><keyword>sum of rainfall</keyword><keyword>thermohydrolysis</keyword><keyword>yellow lupin</keyword></keywords><dates><year>2015</year></dates><publisher>The All-Russia Research Institute of Legumes and Groat Crops, Russia, Orel</publisher><isbn>9 785905 402036</isbn><language>rus</language><urls><pdf-urls><url>internal-pdf://Article_14.pdf</url></pdf-urls><web-urls><url>http://journal.vniizbk.ru/jurnals/13/Article_14.pdf</url></web-urls></urls><abstract>The article presents the adaptation conception of lupin species to agrolandscape, their geographical regionalization taking into account sum of average lasting productive temperatures and sum of rainfall during 110 days of vegetation period for semi-maturing varieties of white and narrow- leafed lupin. Regions where narrow-leafed lupin is recommended to be replaced by white one are listed. Lupin species are compared for lasting varieties and lines tests data on manmade anthracnose back- ground, warning against the lowest anthracnose resistance of white lupin is given. It’s recommended to cultivate white lupin under natural climate drought conditions if sum of rainfall is no high than 250 mm during 110 days of vegetation period. It’s not recommended to cultivate middle maturing narrow-leafed lupin varieties if sum of productive temperatures accumulates higher than 1850ºC during 110 days of its vegetation period and average daily temperature is higher 17ºC.</abstract></record></records></xml>
