<ags:resources xmlns:ags="http://purl.org/agmes/1.1/" xmlns:dc="http://purl.org/dc/elements/1.1/" xmlns:agls="http://www.naa.gov.au/recordkeeping/gov_online/agls/1.2" xmlns:dcterms="http://purl.org/dc/terms/">
  <ags:resource ags:ARN="RU2015C03568">
    <dc:title xml:lang="ru">Баковые смеси гербицидов – перспективный путь совершенствования химического метода в лесном хозяйстве</dc:title>
    <dc:title xml:lang="en">
      <dcterms:alternative>Tank mixes of herbicides – promising way to improve the chemical method in forestry.</dcterms:alternative>
    </dc:title>
    <dc:creator>
      <ags:creatorPersonal>Guseva A.N.</ags:creatorPersonal>
    </dc:creator>
    <ags:creatorConference>International scientific conference Innovation and technologies in forestry</ags:creatorConference>
    <dc:creator>
      <ags:creatorCorporate>Saint Petersburg Forestry Research Institute</ags:creatorCorporate>
    </dc:creator>
    <dc:date>
      <dcterms:dateIssued scheme="dcterms:W3CDTF">2012-</dcterms:dateIssued>
    </dc:date>
    <dc:subject>
      <ags:subjectClassification scheme="ags:ASC">K01</ags:subjectClassification>
    </dc:subject>
    <dc:subject>
      <ags:subjectClassification scheme="ags:ASC">K10</ags:subjectClassification>
    </dc:subject>
    <dc:subject>
      <ags:subjectClassification scheme="ags:ASC">K11</ags:subjectClassification>
    </dc:subject>
    <dc:subject>
      <ags:subjectClassification scheme="ags:ASC">K50</ags:subjectClassification>
    </dc:subject>
    <dc:subject>
      <ags:subjectClassification scheme="ags:ASC">K70</ags:subjectClassification>
    </dc:subject>
    <dc:subject>
      <ags:subjectThesaurus scheme="ags:AGROVOC" xml:lang="en">Herbicides</ags:subjectThesaurus>
    </dc:subject>
    <dc:subject>
      <ags:subjectThesaurus scheme="ags:AGROVOC">http://aims.fao.org/aos/agrovoc/c_3566</ags:subjectThesaurus>
    </dc:subject>
    <dc:description>
      <dcterms:abstract xml:lang="ru">Представлены результаты двухлетних полевых исследований о действии современных гербицидов и их баковых смесей на нежелательную травянистую и древесную растительность на разных лесных объектах. Использованы гербициды раундап, арсенал, анкор-85, разрешённые для применения в лесном хозяйстве. Даётся оценка их биологической эффективности и перспективность использования в лесокультурном производстве.</dcterms:abstract>
    </dc:description>
    <dc:description>
      <dcterms:abstract xml:lang="en">The results of field studies of two years of study on the effects of modern herbicides and tank mixtures for unwanted (weeds) herbaseous vegetation at different forest sites. Used in modern herbicides roundup, arsenal, anchore-85, permitted for use in forestry. Assesses their biological effectiveness and promising applications in the plantations industry.</dcterms:abstract>
    </dc:description>
    <dc:type>Conference Paper</dc:type>
    <dc:language scheme="ags:ISO639-1">ru</dc:language>
    <dc:language scheme="ags:ISO639-1">en</dc:language>
  </ags:resource>
</ags:resources>