<ags:resources xmlns:ags="http://purl.org/agmes/1.1/" xmlns:dc="http://purl.org/dc/elements/1.1/" xmlns:agls="http://www.naa.gov.au/recordkeeping/gov_online/agls/1.2" xmlns:dcterms="http://purl.org/dc/terms/">
  <ags:resource ags:ARN="RU2015C03259">
    <dc:title xml:lang="ru">Современные гербициды в лесных питомниках</dc:title>
    <dc:title xml:lang="en">
      <dcterms:alternative>Modern herbicides in forest nurseries</dcterms:alternative>
    </dc:title>
    <dc:creator>
      <ags:creatorPersonal>Bubnov  A.A.</ags:creatorPersonal>
    </dc:creator>
    <dc:creator>
      <ags:creatorCorporate>Saint Petersburg Forestry Research Institute</ags:creatorCorporate>
    </dc:creator>
    <dc:date>
      <dcterms:dateIssued scheme="dcterms:W3CDTF">2013-</dcterms:dateIssued>
    </dc:date>
    <dc:subject>
      <ags:subjectClassification scheme="ags:ASC">K01</ags:subjectClassification>
    </dc:subject>
    <dc:subject>
      <ags:subjectClassification scheme="ags:ASC">K10</ags:subjectClassification>
    </dc:subject>
    <dc:subject>
      <ags:subjectClassification scheme="ags:ASC">K11</ags:subjectClassification>
    </dc:subject>
    <dc:subject>
      <ags:subjectClassification scheme="ags:ASC">K50</ags:subjectClassification>
    </dc:subject>
    <dc:subject>
      <ags:subjectClassification scheme="ags:ASC">K70</ags:subjectClassification>
    </dc:subject>
    <dc:subject>
      <ags:subjectThesaurus scheme="ags:AGROVOC" xml:lang="en">Vegetation</ags:subjectThesaurus>
    </dc:subject>
    <dc:subject>
      <ags:subjectThesaurus scheme="ags:AGROVOC" xml:lang="en">Efficiency</ags:subjectThesaurus>
    </dc:subject>
    <dc:subject>
      <ags:subjectThesaurus scheme="ags:AGROVOC" xml:lang="en">Fields</ags:subjectThesaurus>
    </dc:subject>
    <dc:subject>
      <ags:subjectThesaurus scheme="ags:AGROVOC" xml:lang="en">forests</ags:subjectThesaurus>
    </dc:subject>
    <dc:subject>
      <ags:subjectThesaurus scheme="ags:AGROVOC" xml:lang="en">Forest nurseries</ags:subjectThesaurus>
    </dc:subject>
    <dc:subject>
      <ags:subjectThesaurus scheme="ags:AGROVOC" xml:lang="en">Picea</ags:subjectThesaurus>
    </dc:subject>
    <dc:subject>
      <ags:subjectThesaurus scheme="ags:AGROVOC">http://aims.fao.org/aos/agrovoc/c_8176</ags:subjectThesaurus>
    </dc:subject>
    <dc:subject>
      <ags:subjectThesaurus scheme="ags:AGROVOC">http://aims.fao.org/aos/agrovoc/c_2491</ags:subjectThesaurus>
    </dc:subject>
    <dc:subject>
      <ags:subjectThesaurus scheme="ags:AGROVOC">http://aims.fao.org/aos/agrovoc/c_2894</ags:subjectThesaurus>
    </dc:subject>
    <dc:subject>
      <ags:subjectThesaurus scheme="ags:AGROVOC">http://aims.fao.org/aos/agrovoc/c_3062</ags:subjectThesaurus>
    </dc:subject>
    <dc:subject>
      <ags:subjectThesaurus scheme="ags:AGROVOC">http://aims.fao.org/aos/agrovoc/c_34830</ags:subjectThesaurus>
    </dc:subject>
    <dc:subject>
      <ags:subjectThesaurus scheme="ags:AGROVOC">http://aims.fao.org/aos/agrovoc/c_5851</ags:subjectThesaurus>
    </dc:subject>
    <dc:description>
      <dcterms:abstract xml:lang="en">Results of field experiences on studying efficiency of toxic action of herbicides on grassy vegetation, their selectivity to spruce seedlings are resulted. On the basis of the received results the technological schemes of application of perspective herbicides in forest nurseries are given at cultivation of spruce seedling.</dcterms:abstract>
    </dc:description>
    <dc:identifier scheme="dcterms:URI">http://journal.spb-niilh.ru/pdf/2-2013/spbniilh-proceedings-2-2013-9.pdf</dc:identifier>
    <dc:type>Journal Article</dc:type>
    <dc:language scheme="ags:ISO639-1">ru</dc:language>
    <dc:language scheme="ags:ISO639-1">en</dc:language>
    <ags:citation>
      <ags:citationTitle>Труды Санкт-Петербургского научно-исследовательского института лесного хозяйства</ags:citationTitle>
      <ags:citationIdentifier scheme="ags:ISSN">2079-6080</ags:citationIdentifier>
      <ags:citationNumber>v.4/n.2</ags:citationNumber>
    </ags:citation>
  </ags:resource>
</ags:resources>