<ags:resources xmlns:ags="http://purl.org/agmes/1.1/" xmlns:dc="http://purl.org/dc/elements/1.1/" xmlns:agls="http://www.naa.gov.au/recordkeeping/gov_online/agls/1.2" xmlns:dcterms="http://purl.org/dc/terms/">
  <ags:resource ags:ARN="RU2015C03392">
    <dc:title xml:lang="ru">Основные цели, принципы и приоритеты лесной политики в малолесных странах</dc:title>
    <dc:title xml:lang="en">
      <dcterms:alternative>Main objectives</dcterms:alternative>
    </dc:title>
    <dc:title xml:lang="">
      <dcterms:alternative>principles and priorities forest policy in the countries sparsely wooded</dcterms:alternative>
    </dc:title>
    <dc:creator>
      <ags:creatorPersonal>Baizakov S.B.</ags:creatorPersonal>
    </dc:creator>
    <ags:creatorConference>International scientific conference Innovation and technologies in forestry</ags:creatorConference>
    <dc:creator>
      <ags:creatorCorporate>Kazakh national agrarian university, Forest Research Institute of Innovative</ags:creatorCorporate>
    </dc:creator>
    <dc:date>
      <dcterms:dateIssued scheme="dcterms:W3CDTF">2012-</dcterms:dateIssued>
    </dc:date>
    <dc:subject>
      <ags:subjectClassification scheme="ags:ASC">K01</ags:subjectClassification>
    </dc:subject>
    <dc:subject>
      <ags:subjectThesaurus scheme="ags:AGROVOC" xml:lang="en">Kazakhstan</ags:subjectThesaurus>
    </dc:subject>
    <dc:subject>
      <ags:subjectThesaurus scheme="ags:AGROVOC">http://aims.fao.org/aos/agrovoc/c_11952</ags:subjectThesaurus>
    </dc:subject>
    <dc:description>
      <dcterms:abstract xml:lang="ru">Изложены основные условия, принципы и приоритеты, используемые при формировании единой национальной лесной политики в малолесных странах, а также опыт разработки проекта её концептуальных основ применительно к условиям Казахстана.</dcterms:abstract>
    </dc:description>
    <dc:description>
      <dcterms:abstract xml:lang="en">The article describes the basic terms, principles and priorities used in the forma-tion of the unified national forest policy in sparsely countries, as well as experience in the design of the project its conceptual framework for the conditions of Kazakhstan.</dcterms:abstract>
    </dc:description>
    <dc:type>Conference Paper</dc:type>
    <dc:language scheme="ags:ISO639-1">ru</dc:language>
    <dc:language scheme="ags:ISO639-1">en</dc:language>
  </ags:resource>
</ags:resources>