<ags:resources xmlns:ags="http://purl.org/agmes/1.1/" xmlns:dc="http://purl.org/dc/elements/1.1/" xmlns:agls="http://www.naa.gov.au/recordkeeping/gov_online/agls/1.2" xmlns:dcterms="http://purl.org/dc/terms/">
  <ags:resource ags:ARN="RU2015C03799">
    <dc:title xml:lang="en">Managing forest carbon: UK approaches and experiences</dc:title>
    <dc:title xml:lang="ru">
      <dcterms:alternative>Управление углеродом в лесах: опыт и решения Великобритании</dcterms:alternative>
    </dc:title>
    <dc:creator>
      <ags:creatorPersonal>Matthews Robert</ags:creatorPersonal>
    </dc:creator>
    <ags:creatorConference>International scientific conference Innovation and technologies in forestry</ags:creatorConference>
    <dc:creator>
      <ags:creatorCorporate>Research Agency of the Forestry Commission of Great Britain</ags:creatorCorporate>
    </dc:creator>
    <dc:date>
      <dcterms:dateIssued scheme="dcterms:W3CDTF">2011-</dcterms:dateIssued>
    </dc:date>
    <dc:subject>
      <ags:subjectClassification scheme="ags:ASC">K01</ags:subjectClassification>
    </dc:subject>
    <dc:subject>
      <ags:subjectClassification scheme="ags:ASC">K10</ags:subjectClassification>
    </dc:subject>
    <dc:subject>
      <ags:subjectClassification scheme="ags:ASC">K11</ags:subjectClassification>
    </dc:subject>
    <dc:subject>
      <ags:subjectClassification scheme="ags:ASC">K50</ags:subjectClassification>
    </dc:subject>
    <dc:subject>
      <ags:subjectClassification scheme="ags:ASC">K70</ags:subjectClassification>
    </dc:subject>
    <dc:subject>
      <ags:subjectThesaurus scheme="ags:AGROVOC" xml:lang="en">forestry</ags:subjectThesaurus>
    </dc:subject>
    <dc:subject>
      <ags:subjectThesaurus scheme="ags:AGROVOC">http://aims.fao.org/aos/agrovoc/c_3055</ags:subjectThesaurus>
    </dc:subject>
    <dc:description>
      <dcterms:abstract xml:lang="en">This report provides a summary review of approaches and experiences in the United Kingdom (UK) with regard to the role of forests in the carbon balance, including the pos-sibility for mitigation of climate change. Forest carbon management has been the subject of scientific study and debate amongst researchers, policy-makers and practitioners in the UK for the last 20 years. Early research based on modelling established many of the key facts about forest carbon dynamics and options for management of forests to mitigate greenhouse gas emissions. Subsequent scientific research activities have accumulated a significant body of experimental, statistical and analytical information. However, to be useful as evidence to support development of appropriate forestry policies and practices, such information needs to be integrated and presented coherently. The UK is actively en-gaged in international processes aiming to mitigate greenhouse gas emissions, including consideration of measures in the forestry sector. Forestry and other land uses have a num-ber of inherent properties that need to be considered when making efforts to support greenhouse gas mitigation activities and reporting. Currently existing model-based ap-proaches and periodic National Forest Inventories are being developed to enable the UK to monitor forest carbon stocks and meet commitments to report greenhouse gas emissions and removals due to forests. Forest policy and practice in active support to greenhouse gas mitigation are still being developed.</dcterms:abstract>
    </dc:description>
    <dc:description>
      <dcterms:abstract xml:lang="ru">Приводится обзор исследований и достижений в Великобритании (UK) относительно роли лесов в углеродном балансе, включая возможность смягчающего воздействия на изменение климата. Влияние на углеродный баланс лесов вот уже 20 лет является предметом изучения и дебатов среди исследователей, политиков и юристов UK. Первоначально исследования базировались на моделировании множества ключевых факторов, определяющих динамику углерода и пути управления лесами для снижения эмиссии парниковых газов. Последующие исследования позволили накопить значительную базу данных экспериментальной, статистической и аналитической информации. Однако чтобы быть полезной для развития соответствующей лесной политики и практики эта информация должна быть обобщена и представлена когерентно. UK активно участвует в международных процессах, направленных на уменьшение эмиссии парниковых газов, включая рассмотрение мер в лесном секторе. Лесоводство и другие виды землепользования имеют свои особенности, которые необходимо учитывать, предпринимая усилия по снижению эмиссии парниковых га-зов. Современные подходы, базирующиеся на моделировании, а также данных Национальной инвентаризации лесов, направлены на создание в Великобритании возможности мониторинга запаса углерода в древостоях и выполнения обязательств по отчетам об эмиссии и связывании парниковых газов лесами. Лесная политика и практика все в большей степени способствуют уменьшению выбросов парниковых газов.</dcterms:abstract>
    </dc:description>
    <dc:identifier scheme="dcterms:URI">http://www.spb-niilh.ru/pdf/innovations/innovations_2011_1.pdf</dc:identifier>
    <dc:type>Conference Paper</dc:type>
    <dc:language scheme="ags:ISO639-1">ru</dc:language>
    <dc:language scheme="ags:ISO639-1">en</dc:language>
  </ags:resource>
</ags:resources>