<ags:resources xmlns:ags="http://purl.org/agmes/1.1/" xmlns:dc="http://purl.org/dc/elements/1.1/" xmlns:agls="http://www.naa.gov.au/recordkeeping/gov_online/agls/1.2" xmlns:dcterms="http://purl.org/dc/terms/">
  <ags:resource ags:ARN="RU2015C03243">
    <dc:title xml:lang="ru">Состояние генеративной сферы сосны обыкновенной как биоиндикатора устойчивости лесов на территории Центрально-Черноземного района в связи с глобальным изменением климата</dc:title>
    <dc:title xml:lang="en">
      <dcterms:alternative>State of Scots pine generative sphere as bioindicator of forest sustainability in the Central Chernozem  region due to global climate change</dcterms:alternative>
    </dc:title>
    <dc:creator>
      <ags:creatorPersonal>Pardayeva E.Yu.</ags:creatorPersonal>
    </dc:creator>
    <dc:creator>
      <ags:creatorPersonal>Kuznetsova N.F.</ags:creatorPersonal>
    </dc:creator>
    <dc:creator>
      <ags:creatorPersonal>Mashkina O.S.</ags:creatorPersonal>
    </dc:creator>
    <dc:creator>
      <ags:creatorCorporate>Research institute of forest genetics and  breeding</ags:creatorCorporate>
    </dc:creator>
    <dc:creator>
      <ags:creatorCorporate>Voronezh state university</ags:creatorCorporate>
    </dc:creator>
    <dc:date>
      <dcterms:dateIssued scheme="dcterms:W3CDTF">2013-</dcterms:dateIssued>
    </dc:date>
    <dc:subject>
      <ags:subjectClassification scheme="ags:ASC">K01</ags:subjectClassification>
    </dc:subject>
    <dc:subject>
      <ags:subjectClassification scheme="ags:ASC">K10</ags:subjectClassification>
    </dc:subject>
    <dc:subject>
      <ags:subjectClassification scheme="ags:ASC">K11</ags:subjectClassification>
    </dc:subject>
    <dc:subject>
      <ags:subjectClassification scheme="ags:ASC">K50</ags:subjectClassification>
    </dc:subject>
    <dc:subject>
      <ags:subjectClassification scheme="ags:ASC">K70</ags:subjectClassification>
    </dc:subject>
    <dc:subject>
      <ags:subjectThesaurus scheme="ags:AGROVOC" xml:lang="en">Pinus sylvestris</ags:subjectThesaurus>
    </dc:subject>
    <dc:subject>
      <ags:subjectThesaurus scheme="ags:AGROVOC">http://aims.fao.org/aos/agrovoc/c_5912</ags:subjectThesaurus>
    </dc:subject>
    <dc:description>
      <dcterms:abstract xml:lang="en">The climate warming is a global problem of our time. On the territory of the Central Chernozemic Region (CChR) there is a fall of groundwater level, an increase of dryness index and continentality of the climate. The traits of seed production and cytogenetic variability of seed progeny of Scots pine trees in the contrast weather conditions are studied. The groups of sensitive and tolerant trees to the drought were selected. Statistically reliable differences of cytogenetic traits between these groups established. Obtained data testify about the intensity of reaction of the different genotypes to stressful conditions and the degree of stability of the genetic material to the abnormal hydrothermic regime.</dcterms:abstract>
    </dc:description>
    <dc:identifier scheme="dcterms:URI">http://journal.spb-niilh.ru/pdf/2-2013/spbniilh-proceedings-2-2013-3.pdf</dc:identifier>
    <dc:type>Journal Article</dc:type>
    <dc:language scheme="ags:ISO639-1">ru</dc:language>
    <dc:language scheme="ags:ISO639-1">en</dc:language>
    <ags:citation>
      <ags:citationTitle>Труды Санкт-Петербургского научно-исследовательского института лесного хозяйства</ags:citationTitle>
      <ags:citationIdentifier scheme="ags:ISSN">2079-6080</ags:citationIdentifier>
      <ags:citationNumber>v.4/n.2</ags:citationNumber>
    </ags:citation>
  </ags:resource>
</ags:resources>