<ags:resources xmlns:ags="http://purl.org/agmes/1.1/" xmlns:dc="http://purl.org/dc/elements/1.1/" xmlns:agls="http://www.naa.gov.au/recordkeeping/gov_online/agls/1.2" xmlns:dcterms="http://purl.org/dc/terms/">
  <ags:resource ags:ARN="RU2015C03582">
    <dc:title xml:lang="ru">Совершенствование технологии применения гербицидов против борщевика Сосновского (Heracleum Sosnovskyi Manden)</dc:title>
    <dc:title xml:lang="en">
      <dcterms:alternative>Perfection of technology of application of herbicides against cow parsnip Sosnovsky (Heracleum Sosnovskyi Manden)</dcterms:alternative>
    </dc:title>
    <dc:creator>
      <ags:creatorPersonal>Hairullina V.I.</ags:creatorPersonal>
    </dc:creator>
    <dc:creator>
      <ags:creatorPersonal>Pavlyuchenkova L.N.</ags:creatorPersonal>
    </dc:creator>
    <ags:creatorConference>International scientific conference Innovation and technologies in forestry</ags:creatorConference>
    <dc:creator>
      <ags:creatorCorporate>Saint Petersburg Forestry Research Institute</ags:creatorCorporate>
    </dc:creator>
    <dc:date>
      <dcterms:dateIssued scheme="dcterms:W3CDTF">2012-</dcterms:dateIssued>
    </dc:date>
    <dc:subject>
      <ags:subjectClassification scheme="ags:ASC">K01</ags:subjectClassification>
    </dc:subject>
    <dc:subject>
      <ags:subjectClassification scheme="ags:ASC">K10</ags:subjectClassification>
    </dc:subject>
    <dc:subject>
      <ags:subjectClassification scheme="ags:ASC">K11</ags:subjectClassification>
    </dc:subject>
    <dc:subject>
      <ags:subjectClassification scheme="ags:ASC">K50</ags:subjectClassification>
    </dc:subject>
    <dc:subject>
      <ags:subjectClassification scheme="ags:ASC">K70</ags:subjectClassification>
    </dc:subject>
    <dc:subject>
      <ags:subjectThesaurus scheme="ags:AGROVOC" xml:lang="en">Herbicides</ags:subjectThesaurus>
    </dc:subject>
    <dc:subject>
      <ags:subjectThesaurus scheme="ags:AGROVOC" xml:lang="en">Technology</ags:subjectThesaurus>
    </dc:subject>
    <dc:subject>
      <ags:subjectThesaurus scheme="ags:AGROVOC">http://aims.fao.org/aos/agrovoc/c_3566</ags:subjectThesaurus>
    </dc:subject>
    <dc:subject>
      <ags:subjectThesaurus scheme="ags:AGROVOC">http://aims.fao.org/aos/agrovoc/c_7644</ags:subjectThesaurus>
    </dc:subject>
    <dc:description>
      <dcterms:abstract xml:lang="ru">Борщевик Сосновского (Heracleum Sosnovskyi Manden) в настоящее время занимает обширные территории на землях различных категорий, включая заброшенные сельскохозяйственные угодья. Один из перспективных путей использования невозделываемых земель – их облесение. На основании результатов полевых опытов, проведенных в 2010-2011 годах в Ленинградской области, усовершенствована технология применения гербицидов для борьбы с борщевиком при создании культур сосны обыкновенной и ели европейской на таких площадях. Использованы гербициды арсенал, анкор-85, раундап, магнум в различных нормах применения и сочетаниях. Подавление борщевика способствует высокой приживаемости и хорошему росту саженцев уже в первый год после посадки.</dcterms:abstract>
    </dc:description>
    <dc:description>
      <dcterms:abstract xml:lang="en">As known, cow parsnip Sosnovsky (Heracleum Sosnovskyi Manden), now occupies extensive territories on the lands of various categories, including forest lands. One of perspective ways of use of these not cultivated lands – them reforestation. On the basis of results of the field experiences which have been carried out in 2010-2011 years in Leningrad region, the technology of application of herbicides for control cow parsnip Sosnovsky, and also technology of foundation of plantation of Scotch pine and Norway spruce on these areas is advanced. Herbicides an arsenal, anchor-85, raundup, magnum in various norms of application and combinations are used. Suppression cow parsnip promotes high survival and to good growth seedlings already in the first year after planting.</dcterms:abstract>
    </dc:description>
    <dc:type>Conference Paper</dc:type>
    <dc:language scheme="ags:ISO639-1">ru</dc:language>
    <dc:language scheme="ags:ISO639-1">en</dc:language>
  </ags:resource>
</ags:resources>