<ags:resources xmlns:ags="http://purl.org/agmes/1.1/" xmlns:dc="http://purl.org/dc/elements/1.1/" xmlns:agls="http://www.naa.gov.au/recordkeeping/gov_online/agls/1.2" xmlns:dcterms="http://purl.org/dc/terms/">
  <ags:resource ags:ARN="RU2015C03997">
    <dc:title xml:lang="ru">Об инновациях лесохозяйственного производства</dc:title>
    <dc:title xml:lang="en">
      <dcterms:alternative>On the innovation of forestry management</dcterms:alternative>
    </dc:title>
    <dc:creator>
      <ags:creatorPersonal>Davydov D.S.</ags:creatorPersonal>
    </dc:creator>
    <ags:creatorConference>International scientific conference Innovation and technologies in forestry</ags:creatorConference>
    <dc:creator>
      <ags:creatorCorporate>Lisinsky Forest College</ags:creatorCorporate>
    </dc:creator>
    <dc:date>
      <dcterms:dateIssued scheme="dcterms:W3CDTF">2013-</dcterms:dateIssued>
    </dc:date>
    <dc:subject>
      <ags:subjectClassification scheme="ags:ASC">K01</ags:subjectClassification>
    </dc:subject>
    <dc:subject>
      <ags:subjectClassification scheme="ags:ASC">K10</ags:subjectClassification>
    </dc:subject>
    <dc:subject>
      <ags:subjectClassification scheme="ags:ASC">K11</ags:subjectClassification>
    </dc:subject>
    <dc:subject>
      <ags:subjectClassification scheme="ags:ASC">K50</ags:subjectClassification>
    </dc:subject>
    <dc:subject>
      <ags:subjectClassification scheme="ags:ASC">K70</ags:subjectClassification>
    </dc:subject>
    <dc:description>
      <dcterms:abstract xml:lang="ru">Рационализация лесопользования при проведении лесохозяйственных работ должна быть направлена на достижение целевых параметров таксационных показателей древостоев, обеспечивающих их высокую производительность.
Проектирование лесохозяйственных работ, включая осушение лесных земель, следует проводить по блокам – водосборным площадям с укрупнением таксационных выделов с близкими лесорастительными условиями</dcterms:abstract>
    </dc:description>
    <dc:description>
      <dcterms:abstract xml:lang="en">Rationalization of forest exploitation should be aimed at achieving the target parameters of the stand characteristics to ensure their high productivity. Design of silvicultural works including drainage of forest lands should be carried out on blocks - watersheds with integration of forest inventory units with similar site conditions</dcterms:abstract>
    </dc:description>
    <dc:identifier scheme="dcterms:URI">http://www.spb-niilh.ru/pdf/innovations/innovations_2013_1.pdf</dc:identifier>
    <dc:type>Conference Paper</dc:type>
    <dc:language scheme="ags:ISO639-1">ru</dc:language>
    <dc:language scheme="ags:ISO639-1">en</dc:language>
  </ags:resource>
</ags:resources>