<ags:resources xmlns:ags="http://purl.org/agmes/1.1/" xmlns:dc="http://purl.org/dc/elements/1.1/" xmlns:agls="http://www.naa.gov.au/recordkeeping/gov_online/agls/1.2" xmlns:dcterms="http://purl.org/dc/terms/">
  <ags:resource ags:ARN="RU2015C03479">
    <dc:title xml:lang="ru">Анализ результатов опроса о применении огнетушащих составов для тушения лесных пожаров в Российской Федерации</dc:title>
    <dc:title xml:lang="en">
      <dcterms:alternative>Аnalysis of the results of the survey on the application of fire extinguishing compositions for extinguishing forest fires in the Russian Federation</dcterms:alternative>
    </dc:title>
    <dc:creator>
      <ags:creatorPersonal>Gutsev N.D.</ags:creatorPersonal>
    </dc:creator>
    <dc:creator>
      <ags:creatorPersonal>Mihailova  N.V.</ags:creatorPersonal>
    </dc:creator>
    <dc:creator>
      <ags:creatorPersonal>Korchunova I. J.</ags:creatorPersonal>
    </dc:creator>
    <dc:creator>
      <ags:creatorCorporate>Saint Petersburg Forestry Research Institute</ags:creatorCorporate>
    </dc:creator>
    <dc:date>
      <dcterms:dateIssued scheme="dcterms:W3CDTF">2014-</dcterms:dateIssued>
    </dc:date>
    <dc:subject>
      <ags:subjectClassification scheme="ags:ASC">K01</ags:subjectClassification>
    </dc:subject>
    <dc:subject>
      <ags:subjectClassification scheme="ags:ASC">K10</ags:subjectClassification>
    </dc:subject>
    <dc:subject>
      <ags:subjectClassification scheme="ags:ASC">K11</ags:subjectClassification>
    </dc:subject>
    <dc:subject>
      <ags:subjectClassification scheme="ags:ASC">K50</ags:subjectClassification>
    </dc:subject>
    <dc:subject>
      <ags:subjectClassification scheme="ags:ASC">K70</ags:subjectClassification>
    </dc:subject>
    <dc:subject>
      <ags:subjectThesaurus scheme="ags:AGROVOC" xml:lang="en">concentration</ags:subjectThesaurus>
    </dc:subject>
    <dc:subject>
      <ags:subjectThesaurus scheme="ags:AGROVOC" xml:lang="en">questionnaire</ags:subjectThesaurus>
    </dc:subject>
    <dc:subject>
      <ags:subjectThesaurus scheme="ags:AGROVOC" xml:lang="en">forests</ags:subjectThesaurus>
    </dc:subject>
    <dc:subject>
      <ags:subjectThesaurus scheme="ags:AGROVOC" xml:lang="en">Fires</ags:subjectThesaurus>
    </dc:subject>
    <dc:subject>
      <ags:subjectThesaurus scheme="ags:AGROVOC" xml:lang="en">Forest fires</ags:subjectThesaurus>
    </dc:subject>
    <dc:subject>
      <ags:subjectThesaurus scheme="ags:AGROVOC" xml:lang="en">Agents</ags:subjectThesaurus>
    </dc:subject>
    <dc:subject>
      <ags:subjectThesaurus scheme="ags:AGROVOC" xml:lang="en">Russian Federation</ags:subjectThesaurus>
    </dc:subject>
    <dc:subject>
      <ags:subjectThesaurus scheme="ags:AGROVOC" xml:lang="en">Decentralization</ags:subjectThesaurus>
    </dc:subject>
    <dc:subject>
      <ags:subjectThesaurus scheme="ags:AGROVOC" xml:lang="en">Surfactants</ags:subjectThesaurus>
    </dc:subject>
    <dc:subject>
      <ags:subjectThesaurus scheme="ags:AGROVOC" xml:lang="en">Application methods</ags:subjectThesaurus>
    </dc:subject>
    <dc:subject>
      <ags:subjectThesaurus scheme="ags:AGROVOC" xml:lang="en">Foaming</ags:subjectThesaurus>
    </dc:subject>
    <dc:subject>
      <ags:subjectThesaurus scheme="ags:AGROVOC" xml:lang="en">Uses</ags:subjectThesaurus>
    </dc:subject>
    <dc:subject>
      <ags:subjectThesaurus scheme="ags:AGROVOC">http://aims.fao.org/aos/agrovoc/c_1801</ags:subjectThesaurus>
    </dc:subject>
    <dc:subject>
      <ags:subjectThesaurus scheme="ags:AGROVOC">http://aims.fao.org/aos/agrovoc/c_37342</ags:subjectThesaurus>
    </dc:subject>
    <dc:subject>
      <ags:subjectThesaurus scheme="ags:AGROVOC">http://aims.fao.org/aos/agrovoc/c_3062</ags:subjectThesaurus>
    </dc:subject>
    <dc:subject>
      <ags:subjectThesaurus scheme="ags:AGROVOC">http://aims.fao.org/aos/agrovoc/c_2915</ags:subjectThesaurus>
    </dc:subject>
    <dc:subject>
      <ags:subjectThesaurus scheme="ags:AGROVOC">http://aims.fao.org/aos/agrovoc/c_3045</ags:subjectThesaurus>
    </dc:subject>
    <dc:subject>
      <ags:subjectThesaurus scheme="ags:AGROVOC">http://aims.fao.org/aos/agrovoc/c_49873</ags:subjectThesaurus>
    </dc:subject>
    <dc:subject>
      <ags:subjectThesaurus scheme="ags:AGROVOC">http://aims.fao.org/aos/agrovoc/c_33240</ags:subjectThesaurus>
    </dc:subject>
    <dc:subject>
      <ags:subjectThesaurus scheme="ags:AGROVOC">http://aims.fao.org/aos/agrovoc/c_2143</ags:subjectThesaurus>
    </dc:subject>
    <dc:subject>
      <ags:subjectThesaurus scheme="ags:AGROVOC">http://aims.fao.org/aos/agrovoc/c_7529</ags:subjectThesaurus>
    </dc:subject>
    <dc:subject>
      <ags:subjectThesaurus scheme="ags:AGROVOC">http://aims.fao.org/aos/agrovoc/c_542</ags:subjectThesaurus>
    </dc:subject>
    <dc:subject>
      <ags:subjectThesaurus scheme="ags:AGROVOC">http://aims.fao.org/aos/agrovoc/c_24841</ags:subjectThesaurus>
    </dc:subject>
    <dc:subject>
      <ags:subjectThesaurus scheme="ags:AGROVOC">http://aims.fao.org/aos/agrovoc/c_8117</ags:subjectThesaurus>
    </dc:subject>
    <dc:description>
      <dcterms:abstract xml:lang="ru">Рассмотрены результаты опроса региональных органов исполнительной власти субъектов РФ, уполномоченных в области лесных отношений, о приобретении и применении огнетушащих составов при борьбе с лесными пожарами. Представлены результаты анализа полученной информации. Показано, что децентрализация тушения лесных пожаров привела к снижению масштабов использования огнетушащих составов при тушении лесных пожаров. Более половины опрошенных не приобретает и не использует химические вещества для борьбы с лесными пожарами. В значительной части регионов отсутствует информация о новых огнетушащих составах, технологии и способах их применения. Это приводит к тому, что зачастую приобретаются не самые эффективные препараты. В то же время во многих регионах, использующих огнетушащие вещества, нет указаний и рекомендаций по их применению при тушении лесных пожаров и условиям, в которых их целесообразно и необходимо использовать. 97% опрошенных
выразили заинтересованность в разработке перечня новых перспективных ОС и рекомендаций по их применению при тушении лесных пожаров. Также необходимо создание новых, высокоэффективных, экологически безопасных и, в то же время, дешёвых огнетушащих составов, разработка универсального огнетушащего состава, обладающего смачивающими, пенообразующими и антипиренными свойствами.
Пожелания регионов и результаты ранее проведенных исследований позволили авторам выработать требования к огнетушащим составам для тушения лесных пожаров.</dcterms:abstract>
    </dc:description>
    <dc:description>
      <dcterms:abstract xml:lang="en">The results of the survey of regional Executive authorities of subjects of the Russian Federation, authorized in the field of forest relations, concerning acquisition and use of fire extinguishing
compositions in the fight against forest fires are presented. The analysis of the received information was carried out. It is shown that decentralization of forest fires has led to the reduction in the use of fire extinguishing compositions for fighting forest fires. More than half of the respondents do not use extinguishing compositions for fighting forest fires. The lack of information about new highly effective fire extinguishing compositions, techniques, and methods of their application in significant part of the regions leads to the fact that often purchased compositions are not the most effective. In many regions there are no indications and recommendations for using of extinguishing compositions in fighting forest fires. 97% of respondents expressed interest in developing a list of promising new fire-extinguishing agent and recommendations for their use in fighting forest fires.
The creation of new, highly efficient, environmentally friendly and, at the same time, cheap fire extinguishing compositions is of great significance. It is advisable to carry out works on the
development of universal extinguishing agent with wetting, foaming and antipyrene properties.
According this the authors developed demands to fire extinguishing compositions for extinguishing forest fires.</dcterms:abstract>
    </dc:description>
    <dc:identifier scheme="dcterms:URI">http://journal.spb-niilh.ru/pdf/4-2014/spbniilh-proceedings-4-2014-6.pdf</dc:identifier>
    <dc:type>Journal Article</dc:type>
    <dc:language scheme="ags:ISO639-1">ru</dc:language>
    <dc:language scheme="ags:ISO639-1">en</dc:language>
    <ags:citation>
      <ags:citationTitle>Труды Санкт-Петербургского научно-исследовательского института лесного хозяйства</ags:citationTitle>
      <ags:citationIdentifier scheme="ags:ISSN">2079-6080</ags:citationIdentifier>
      <ags:citationNumber>v.9/n.4</ags:citationNumber>
    </ags:citation>
  </ags:resource>
</ags:resources>