<ags:resources xmlns:ags="http://purl.org/agmes/1.1/" xmlns:dc="http://purl.org/dc/elements/1.1/" xmlns:agls="http://www.naa.gov.au/recordkeeping/gov_online/agls/1.2" xmlns:dcterms="http://purl.org/dc/terms/">
  <ags:resource ags:ARN="RU2015C03971">
    <dc:title xml:lang="ru">Видовой состав патогенных микромицетов в лесных питомниках Беларуси, по результатам молекулярно-генетического анализа</dc:title>
    <dc:title xml:lang="en">
      <dcterms:alternative>Species of pathogenic micromycetes in forest nurseries of Belarus based on data of molecular genetic analysis</dcterms:alternative>
    </dc:title>
    <dc:creator>
      <ags:creatorPersonal>Baranov O.Yu.</ags:creatorPersonal>
    </dc:creator>
    <dc:creator>
      <ags:creatorPersonal>Panteleev S.V.</ags:creatorPersonal>
    </dc:creator>
    <ags:creatorConference>International scientific conference Innovation and technologies in forestry</ags:creatorConference>
    <dc:creator>
      <ags:creatorCorporate>Forest Institute of the National Academy of Sciences of Belarus</ags:creatorCorporate>
    </dc:creator>
    <dc:date>
      <dcterms:dateIssued scheme="dcterms:W3CDTF">2013-</dcterms:dateIssued>
    </dc:date>
    <dc:subject>
      <ags:subjectClassification scheme="ags:ASC">K01</ags:subjectClassification>
    </dc:subject>
    <dc:subject>
      <ags:subjectClassification scheme="ags:ASC">K10</ags:subjectClassification>
    </dc:subject>
    <dc:subject>
      <ags:subjectClassification scheme="ags:ASC">K11</ags:subjectClassification>
    </dc:subject>
    <dc:subject>
      <ags:subjectClassification scheme="ags:ASC">K50</ags:subjectClassification>
    </dc:subject>
    <dc:subject>
      <ags:subjectClassification scheme="ags:ASC">K70</ags:subjectClassification>
    </dc:subject>
    <dc:subject>
      <ags:subjectThesaurus scheme="ags:AGROVOC" xml:lang="en">Forest nurseries</ags:subjectThesaurus>
    </dc:subject>
    <dc:subject>
      <ags:subjectThesaurus scheme="ags:AGROVOC" xml:lang="en">PCR</ags:subjectThesaurus>
    </dc:subject>
    <dc:subject>
      <ags:subjectThesaurus scheme="ags:AGROVOC">http://aims.fao.org/aos/agrovoc/c_34830</ags:subjectThesaurus>
    </dc:subject>
    <dc:subject>
      <ags:subjectThesaurus scheme="ags:AGROVOC">http://aims.fao.org/aos/agrovoc/c_34079</ags:subjectThesaurus>
    </dc:subject>
    <dc:description>
      <dcterms:abstract xml:lang="ru">В работе приведены результаты молекулярно-генетической диагностики патогенов, вызывающих заболевания посадочного материала в лесных питомниках Беларуси. Определен доминирующий видовой состав фитопатогенных грибов. Идентифицировано 50 видов патогенных микромицетов. Показана доминирующая роль представителей родов Phoma, Cladosporium, Alternaria и Epicoccum в формировании заболеваний сеянцев и саженцев. Продемонстрирована возможность применения методов молекулярно-генетического анализа для проведения диагностики и идентификации заболеваний посадочного материала в лесных питомниках</dcterms:abstract>
    </dc:description>
    <dc:description>
      <dcterms:abstract xml:lang="en">The paper presents the results of phytopathogenic species identification in forest nurseries, based on DNA analysis. In the course of molecular phytopathological research 50 species of pathogenic micromycetes were identified. It is shown that the
dominant role of the formation of seedlings and saplings infection belongs to the genera Phoma, Cladosporium, Alternaria, and Epicoccum. It is shown that molecular genetic markers are a useful tool for diagnosis and species identification of fungal infections in forest nurseries.</dcterms:abstract>
    </dc:description>
    <dc:identifier scheme="dcterms:URI">http://www.spb-niilh.ru/pdf/innovations/innovations_2013_1.pdf</dc:identifier>
    <dc:type>Conference Paper</dc:type>
    <dc:language scheme="ags:ISO639-1">ru</dc:language>
    <dc:language scheme="ags:ISO639-1">en</dc:language>
  </ags:resource>
</ags:resources>