<ags:resources xmlns:ags="http://purl.org/agmes/1.1/" xmlns:dc="http://purl.org/dc/elements/1.1/" xmlns:agls="http://www.naa.gov.au/recordkeeping/gov_online/agls/1.2" xmlns:dcterms="http://purl.org/dc/terms/">
  <ags:resource ags:ARN="RU2015C03411">
    <dc:title xml:lang="ru">Применение гис-технологий при инвентаризации защитных лесных насаждений</dc:title>
    <dc:title xml:lang="en">
      <dcterms:alternative>Using GIS-technologies for inventory of protective afforestation</dcterms:alternative>
    </dc:title>
    <dc:creator>
      <ags:creatorPersonal>Koshelev A.V.</ags:creatorPersonal>
    </dc:creator>
    <dc:creator>
      <ags:creatorPersonal>Rulev A.S.</ags:creatorPersonal>
    </dc:creator>
    <ags:creatorConference>International scientific conference Innovation and technologies in forestry</ags:creatorConference>
    <dc:creator>
      <ags:creatorCorporate>All Russian Research Institute of Agroforestry Reclamation</ags:creatorCorporate>
    </dc:creator>
    <dc:date>
      <dcterms:dateIssued scheme="dcterms:W3CDTF">2012-</dcterms:dateIssued>
    </dc:date>
    <dc:subject>
      <ags:subjectClassification scheme="ags:ASC">K01</ags:subjectClassification>
    </dc:subject>
    <dc:subject>
      <ags:subjectThesaurus scheme="ags:AGROVOC" xml:lang="en">Geographical information systems</ags:subjectThesaurus>
    </dc:subject>
    <dc:subject>
      <ags:subjectThesaurus scheme="ags:AGROVOC" xml:lang="en">Afforestation</ags:subjectThesaurus>
    </dc:subject>
    <dc:subject>
      <ags:subjectThesaurus scheme="ags:AGROVOC" xml:lang="en">Remote sensing</ags:subjectThesaurus>
    </dc:subject>
    <dc:subject>
      <ags:subjectThesaurus scheme="ags:AGROVOC" xml:lang="en">Data</ags:subjectThesaurus>
    </dc:subject>
    <dc:subject>
      <ags:subjectThesaurus scheme="ags:AGROVOC" xml:lang="en">Geographical information systems</ags:subjectThesaurus>
    </dc:subject>
    <dc:subject>
      <ags:subjectThesaurus scheme="ags:AGROVOC">http://aims.fao.org/aos/agrovoc/c_35131</ags:subjectThesaurus>
    </dc:subject>
    <dc:subject>
      <ags:subjectThesaurus scheme="ags:AGROVOC">http://aims.fao.org/aos/agrovoc/c_162</ags:subjectThesaurus>
    </dc:subject>
    <dc:subject>
      <ags:subjectThesaurus scheme="ags:AGROVOC">http://aims.fao.org/aos/agrovoc/c_6498</ags:subjectThesaurus>
    </dc:subject>
    <dc:subject>
      <ags:subjectThesaurus scheme="ags:AGROVOC">http://aims.fao.org/aos/agrovoc/c_49816</ags:subjectThesaurus>
    </dc:subject>
    <dc:subject>
      <ags:subjectThesaurus scheme="ags:AGROVOC">http://aims.fao.org/aos/agrovoc/c_35131</ags:subjectThesaurus>
    </dc:subject>
    <dc:description>
      <dcterms:abstract xml:lang="ru">Представлены материалы по оценке состояния защитных лесных насаждений Краснодарского края с использованием дистанционных данных и ГИС-технологий.</dcterms:abstract>
    </dc:description>
    <dc:description>
      <dcterms:abstract xml:lang="en">Materials on assessment of the state of protective afforestation of Krasnodar re-gion with remote sensing data and GIS technologies are presented.</dcterms:abstract>
    </dc:description>
    <dc:type>Conference Paper</dc:type>
    <dc:language scheme="ags:ISO639-1">ru</dc:language>
    <dc:language scheme="ags:ISO639-1">en</dc:language>
  </ags:resource>
</ags:resources>