<ags:resources xmlns:ags="http://purl.org/agmes/1.1/" xmlns:dc="http://purl.org/dc/elements/1.1/" xmlns:agls="http://www.naa.gov.au/recordkeeping/gov_online/agls/1.2" xmlns:dcterms="http://purl.org/dc/terms/">
  <ags:resource ags:ARN="RU2015C03957">
    <dc:title xml:lang="ru">Перспективы использования орехово- промысловых зон Хабаровского края</dc:title>
    <dc:title xml:lang="en">
      <dcterms:alternative>New method of calculation of annual allowable cut for selective cuts</dcterms:alternative>
    </dc:title>
    <dc:creator>
      <ags:creatorPersonal>Alexeenko A.Yu.</ags:creatorPersonal>
    </dc:creator>
    <ags:creatorConference>International scientific conference Innovation and technologies in forestry</ags:creatorConference>
    <dc:creator>
      <ags:creatorCorporate>Far East Forestry Research Institute</ags:creatorCorporate>
    </dc:creator>
    <dc:date>
      <dcterms:dateIssued scheme="dcterms:W3CDTF">2013-</dcterms:dateIssued>
    </dc:date>
    <dc:subject>
      <ags:subjectClassification scheme="ags:ASC">K01</ags:subjectClassification>
    </dc:subject>
    <dc:subject>
      <ags:subjectClassification scheme="ags:ASC">K10</ags:subjectClassification>
    </dc:subject>
    <dc:subject>
      <ags:subjectClassification scheme="ags:ASC">K11</ags:subjectClassification>
    </dc:subject>
    <dc:subject>
      <ags:subjectClassification scheme="ags:ASC">K50</ags:subjectClassification>
    </dc:subject>
    <dc:subject>
      <ags:subjectClassification scheme="ags:ASC">K70</ags:subjectClassification>
    </dc:subject>
    <dc:description>
      <dcterms:abstract xml:lang="ru">Орехово-промысловые зоны занимают 233,6 тыс. га в 11 лесничествах Хабаровского края. Исследование состояния их лесов и ресурсного потенциала пищевых и лекарственных растений позволили инициировать подготовку материалов для передачи участков в аренду.</dcterms:abstract>
    </dc:description>
    <dc:description>
      <dcterms:abstract xml:lang="en">The nuts-trade zones occupies 233,6 thousands ha in 11 forestry’s of Khabarovsk region. The assessment of forests condition and productivity of non timber forest products made it possible to initiate the preparation to lease the forest of nuts-trade zones</dcterms:abstract>
    </dc:description>
    <dc:identifier scheme="dcterms:URI">http://www.spb-niilh.ru/pdf/innovations/innovations_2013_1.pdf</dc:identifier>
    <dc:type>Conference Paper</dc:type>
    <dc:language scheme="ags:ISO639-1">ru</dc:language>
    <dc:language scheme="ags:ISO639-1">en</dc:language>
  </ags:resource>
</ags:resources>