<ags:resources xmlns:ags="http://purl.org/agmes/1.1/" xmlns:dc="http://purl.org/dc/elements/1.1/" xmlns:agls="http://www.naa.gov.au/recordkeeping/gov_online/agls/1.2" xmlns:dcterms="http://purl.org/dc/terms/">
  <ags:resource ags:ARN="RU2015C03481">
    <dc:title xml:lang="ru">20-летний опыт проведения выборочных и постепенных рубок в защитных лесах северного Приладожья</dc:title>
    <dc:title xml:lang="en">
      <dcterms:alternative>20 years of selective and gradual fellings in protective forests of northern Ladoga region</dcterms:alternative>
    </dc:title>
    <dc:creator>
      <ags:creatorPersonal>Ananyev V.A.</ags:creatorPersonal>
    </dc:creator>
    <dc:creator>
      <ags:creatorPersonal>Moshnikov S.A.</ags:creatorPersonal>
    </dc:creator>
    <ags:creatorConference>International scientific conference Innovation and technologies in forestry</ags:creatorConference>
    <dc:creator>
      <ags:creatorCorporate>Forest Research Institute, Karelian research Centre of RAS</ags:creatorCorporate>
    </dc:creator>
    <dc:date>
      <dcterms:dateIssued scheme="dcterms:W3CDTF">2012-</dcterms:dateIssued>
    </dc:date>
    <dc:subject>
      <ags:subjectClassification scheme="ags:ASC">K01</ags:subjectClassification>
    </dc:subject>
    <dc:subject>
      <ags:subjectClassification scheme="ags:ASC">K10</ags:subjectClassification>
    </dc:subject>
    <dc:subject>
      <ags:subjectClassification scheme="ags:ASC">K11</ags:subjectClassification>
    </dc:subject>
    <dc:subject>
      <ags:subjectClassification scheme="ags:ASC">K50</ags:subjectClassification>
    </dc:subject>
    <dc:subject>
      <ags:subjectClassification scheme="ags:ASC">K70</ags:subjectClassification>
    </dc:subject>
    <dc:subject>
      <ags:subjectThesaurus scheme="ags:AGROVOC" xml:lang="en">volume</ags:subjectThesaurus>
    </dc:subject>
    <dc:subject>
      <ags:subjectThesaurus scheme="ags:AGROVOC" xml:lang="en">forest management</ags:subjectThesaurus>
    </dc:subject>
    <dc:subject>
      <ags:subjectThesaurus scheme="ags:AGROVOC" xml:lang="en">forests</ags:subjectThesaurus>
    </dc:subject>
    <dc:subject>
      <ags:subjectThesaurus scheme="ags:AGROVOC" xml:lang="en">Uneven aged stands</ags:subjectThesaurus>
    </dc:subject>
    <dc:subject>
      <ags:subjectThesaurus scheme="ags:AGROVOC" xml:lang="en">Even aged stands</ags:subjectThesaurus>
    </dc:subject>
    <dc:subject>
      <ags:subjectThesaurus scheme="ags:AGROVOC" xml:lang="en">Selective felling</ags:subjectThesaurus>
    </dc:subject>
    <dc:subject>
      <ags:subjectThesaurus scheme="ags:AGROVOC" xml:lang="en">Harvesting</ags:subjectThesaurus>
    </dc:subject>
    <dc:subject>
      <ags:subjectThesaurus scheme="ags:AGROVOC" xml:lang="en">Data</ags:subjectThesaurus>
    </dc:subject>
    <dc:subject>
      <ags:subjectThesaurus scheme="ags:AGROVOC" xml:lang="en">Self management</ags:subjectThesaurus>
    </dc:subject>
    <dc:subject>
      <ags:subjectThesaurus scheme="ags:AGROVOC" xml:lang="en">length</ags:subjectThesaurus>
    </dc:subject>
    <dc:subject>
      <ags:subjectThesaurus scheme="ags:AGROVOC" xml:lang="en">Elderly</ags:subjectThesaurus>
    </dc:subject>
    <dc:subject>
      <ags:subjectThesaurus scheme="ags:AGROVOC">http://aims.fao.org/aos/agrovoc/c_8288</ags:subjectThesaurus>
    </dc:subject>
    <dc:subject>
      <ags:subjectThesaurus scheme="ags:AGROVOC">http://aims.fao.org/aos/agrovoc/c_16129</ags:subjectThesaurus>
    </dc:subject>
    <dc:subject>
      <ags:subjectThesaurus scheme="ags:AGROVOC">http://aims.fao.org/aos/agrovoc/c_3062</ags:subjectThesaurus>
    </dc:subject>
    <dc:subject>
      <ags:subjectThesaurus scheme="ags:AGROVOC">http://aims.fao.org/aos/agrovoc/c_28181</ags:subjectThesaurus>
    </dc:subject>
    <dc:subject>
      <ags:subjectThesaurus scheme="ags:AGROVOC">http://aims.fao.org/aos/agrovoc/c_28081</ags:subjectThesaurus>
    </dc:subject>
    <dc:subject>
      <ags:subjectThesaurus scheme="ags:AGROVOC">http://aims.fao.org/aos/agrovoc/c_33057</ags:subjectThesaurus>
    </dc:subject>
    <dc:subject>
      <ags:subjectThesaurus scheme="ags:AGROVOC">http://aims.fao.org/aos/agrovoc/c_3500</ags:subjectThesaurus>
    </dc:subject>
    <dc:subject>
      <ags:subjectThesaurus scheme="ags:AGROVOC">http://aims.fao.org/aos/agrovoc/c_49816</ags:subjectThesaurus>
    </dc:subject>
    <dc:subject>
      <ags:subjectThesaurus scheme="ags:AGROVOC">http://aims.fao.org/aos/agrovoc/c_6956</ags:subjectThesaurus>
    </dc:subject>
    <dc:subject>
      <ags:subjectThesaurus scheme="ags:AGROVOC">http://aims.fao.org/aos/agrovoc/c_4260</ags:subjectThesaurus>
    </dc:subject>
    <dc:subject>
      <ags:subjectThesaurus scheme="ags:AGROVOC">http://aims.fao.org/aos/agrovoc/c_28629</ags:subjectThesaurus>
    </dc:subject>
    <dc:description>
      <dcterms:abstract xml:lang="ru">По материалам лесоустройства проведён сравнительный анализ состояния лесного фонда за 20-летний период интенсивного лесопользования в арендуемых лесах ОАО «Ладэнсо». Дана лесоводственно-экологическая оценка сортиментной технологии лесозаготовок. Установлено, что в одновозрастных древостоях наиболее оптимальным вариантом лесопользования, обеспечивающим со-хранение основных функций защитных лесов, являются 2-3-приемные посте-пенные рубки, в разновозрастных древостоях – выборочные рубки с интенсивностью изреживания 30-40% и оборотом хозяйства 25-30 лет.</dcterms:abstract>
    </dc:description>
    <dc:description>
      <dcterms:abstract xml:lang="en">A comparative analysis of the state of forest rented by ―Ladenso‖ was carried out using forest management data for 20 years of intensive forest use. Silvicultural and ecological aspects of cut-to-length harvesting technology were assessed. We found that in even-aged stands the best method of forest use is 2-3 step gradual fellings. They ensure that the forest retain their essential protective function. The best practice in uneven-aged stands is selective fellings with 30-40% stock removal and rotation period of 25-30 years.</dcterms:abstract>
    </dc:description>
    <dc:identifier scheme="dcterms:URI">http://www.spb-niilh.ru/pdf/innovations/innovations_2012_1.pdf</dc:identifier>
    <dc:type>Conference Paper</dc:type>
    <dc:language scheme="ags:ISO639-1">ru</dc:language>
    <dc:language scheme="ags:ISO639-1">en</dc:language>
  </ags:resource>
</ags:resources>