<ags:resources xmlns:ags="http://purl.org/agmes/1.1/" xmlns:dc="http://purl.org/dc/elements/1.1/" xmlns:agls="http://www.naa.gov.au/recordkeeping/gov_online/agls/1.2" xmlns:dcterms="http://purl.org/dc/terms/">
  <ags:resource ags:ARN="RU2015C03438">
    <dc:title xml:lang="ru">Судебная дендрохронология</dc:title>
    <dc:title xml:lang="en">
      <dcterms:alternative>Forensic dendrochronology</dcterms:alternative>
    </dc:title>
    <dc:creator>
      <ags:creatorPersonal>Giryaev N.M.</ags:creatorPersonal>
    </dc:creator>
    <dc:creator>
      <ags:creatorPersonal>Zhavoronkov Yu.M.</ags:creatorPersonal>
    </dc:creator>
    <ags:creatorConference>International scientific conference Innovation and technologies in forestry</ags:creatorConference>
    <dc:creator>
      <ags:creatorCorporate>Centre of wood expertises OOO ― ZDOROVIY LES</ags:creatorCorporate>
    </dc:creator>
    <dc:date>
      <dcterms:dateIssued scheme="dcterms:W3CDTF">2012-</dcterms:dateIssued>
    </dc:date>
    <dc:subject>
      <ags:subjectClassification scheme="ags:ASC">K01</ags:subjectClassification>
    </dc:subject>
    <dc:subject>
      <ags:subjectThesaurus scheme="ags:AGROVOC" xml:lang="en">Cross cutting</ags:subjectThesaurus>
    </dc:subject>
    <dc:subject>
      <ags:subjectThesaurus scheme="ags:AGROVOC" xml:lang="en">forests</ags:subjectThesaurus>
    </dc:subject>
    <dc:subject>
      <ags:subjectThesaurus scheme="ags:AGROVOC" xml:lang="en">Delinquent behaviour</ags:subjectThesaurus>
    </dc:subject>
    <dc:subject>
      <ags:subjectThesaurus scheme="ags:AGROVOC" xml:lang="en">Equipment</ags:subjectThesaurus>
    </dc:subject>
    <dc:subject>
      <ags:subjectThesaurus scheme="ags:AGROVOC" xml:lang="en">forestry</ags:subjectThesaurus>
    </dc:subject>
    <dc:subject>
      <ags:subjectThesaurus scheme="ags:AGROVOC" xml:lang="en">dendrochronology</ags:subjectThesaurus>
    </dc:subject>
    <dc:subject>
      <ags:subjectThesaurus scheme="ags:AGROVOC">http://aims.fao.org/aos/agrovoc/c_24012</ags:subjectThesaurus>
    </dc:subject>
    <dc:subject>
      <ags:subjectThesaurus scheme="ags:AGROVOC">http://aims.fao.org/aos/agrovoc/c_3062</ags:subjectThesaurus>
    </dc:subject>
    <dc:subject>
      <ags:subjectThesaurus scheme="ags:AGROVOC">http://aims.fao.org/aos/agrovoc/c_28663</ags:subjectThesaurus>
    </dc:subject>
    <dc:subject>
      <ags:subjectThesaurus scheme="ags:AGROVOC">http://aims.fao.org/aos/agrovoc/c_2631</ags:subjectThesaurus>
    </dc:subject>
    <dc:subject>
      <ags:subjectThesaurus scheme="ags:AGROVOC">http://aims.fao.org/aos/agrovoc/c_3055</ags:subjectThesaurus>
    </dc:subject>
    <dc:subject>
      <ags:subjectThesaurus scheme="ags:AGROVOC">http://aims.fao.org/aos/agrovoc/c_33475</ags:subjectThesaurus>
    </dc:subject>
    <dc:description>
      <dcterms:abstract xml:lang="ru">Незаконные рубки лесных насаждений являются в настоящее время одной из серьёзных проблем лесного хозяйства. Судебная дендрохронология в комплексе с современным оборудованием позволяет сформировать утвердительные экспертные выводы при раскрытии и расследовании правонарушений в лесном секторе экономики России.</dcterms:abstract>
    </dc:description>
    <dc:description>
      <dcterms:abstract xml:lang="en">Illegal cutting of forest range is currently one of the problems of modern forestry. Fo-rensic dendrochronology combined with modern equipment allows creating affirmative expert findings in the detection and investigation of crimes in the forest sector of Russian economy.</dcterms:abstract>
    </dc:description>
    <dc:type>Conference Paper</dc:type>
    <dc:language scheme="ags:ISO639-1">ru</dc:language>
    <dc:language scheme="ags:ISO639-1">en</dc:language>
  </ags:resource>
</ags:resources>