<ags:resources xmlns:ags="http://purl.org/agmes/1.1/" xmlns:dc="http://purl.org/dc/elements/1.1/" xmlns:agls="http://www.naa.gov.au/recordkeeping/gov_online/agls/1.2" xmlns:dcterms="http://purl.org/dc/terms/">
  <ags:resource ags:ARN="RU2015C03269">
    <dc:title xml:lang="ru">Зарубежный опыт стимулирования использования возобновляемых древесных источников энергии</dc:title>
    <dc:title xml:lang="en">
      <dcterms:alternative>Foreign experience in stimulation the use of renewable wood energy sources</dcterms:alternative>
    </dc:title>
    <dc:creator>
      <ags:creatorPersonal>Vasiliev I. A.</ags:creatorPersonal>
    </dc:creator>
    <dc:creator>
      <ags:creatorPersonal>Koroleva T.S.</ags:creatorPersonal>
    </dc:creator>
    <dc:creator>
      <ags:creatorPersonal>Romanyuk B.D.</ags:creatorPersonal>
    </dc:creator>
    <dc:creator>
      <ags:creatorPersonal>Kornyl’eva Yu.A.</ags:creatorPersonal>
    </dc:creator>
    <dc:creator>
      <ags:creatorPersonal>Shinkevich S.V.</ags:creatorPersonal>
    </dc:creator>
    <dc:creator>
      <ags:creatorPersonal>Zaharov G.V.</ags:creatorPersonal>
    </dc:creator>
    <dc:creator>
      <ags:creatorPersonal>Vasiliev O.I.</ags:creatorPersonal>
    </dc:creator>
    <dc:creator>
      <ags:creatorCorporate>Saint-Petersburg Forestry Research Institute</ags:creatorCorporate>
    </dc:creator>
    <dc:date>
      <dcterms:dateIssued scheme="dcterms:W3CDTF">2013-</dcterms:dateIssued>
    </dc:date>
    <dc:subject>
      <ags:subjectClassification scheme="ags:ASC">K01</ags:subjectClassification>
    </dc:subject>
    <dc:subject>
      <ags:subjectClassification scheme="ags:ASC">K10</ags:subjectClassification>
    </dc:subject>
    <dc:subject>
      <ags:subjectClassification scheme="ags:ASC">K11</ags:subjectClassification>
    </dc:subject>
    <dc:subject>
      <ags:subjectClassification scheme="ags:ASC">K50</ags:subjectClassification>
    </dc:subject>
    <dc:subject>
      <ags:subjectClassification scheme="ags:ASC">K70</ags:subjectClassification>
    </dc:subject>
    <dc:subject>
      <ags:subjectThesaurus scheme="ags:AGROVOC" xml:lang="en">biomass</ags:subjectThesaurus>
    </dc:subject>
    <dc:subject>
      <ags:subjectThesaurus scheme="ags:AGROVOC" xml:lang="en">Data</ags:subjectThesaurus>
    </dc:subject>
    <dc:subject>
      <ags:subjectThesaurus scheme="ags:AGROVOC" xml:lang="en">Industry</ags:subjectThesaurus>
    </dc:subject>
    <dc:subject>
      <ags:subjectThesaurus scheme="ags:AGROVOC" xml:lang="en">Wood</ags:subjectThesaurus>
    </dc:subject>
    <dc:subject>
      <ags:subjectThesaurus scheme="ags:AGROVOC" xml:lang="en">Energy sources</ags:subjectThesaurus>
    </dc:subject>
    <dc:subject>
      <ags:subjectThesaurus scheme="ags:AGROVOC">http://aims.fao.org/aos/agrovoc/c_926</ags:subjectThesaurus>
    </dc:subject>
    <dc:subject>
      <ags:subjectThesaurus scheme="ags:AGROVOC">http://aims.fao.org/aos/agrovoc/c_49816</ags:subjectThesaurus>
    </dc:subject>
    <dc:subject>
      <ags:subjectThesaurus scheme="ags:AGROVOC">http://aims.fao.org/aos/agrovoc/c_3848</ags:subjectThesaurus>
    </dc:subject>
    <dc:subject>
      <ags:subjectThesaurus scheme="ags:AGROVOC">http://aims.fao.org/aos/agrovoc/c_8421</ags:subjectThesaurus>
    </dc:subject>
    <dc:subject>
      <ags:subjectThesaurus scheme="ags:AGROVOC">http://aims.fao.org/aos/agrovoc/c_2570</ags:subjectThesaurus>
    </dc:subject>
    <dc:description>
      <dcterms:abstract xml:lang="en">The experience data of several countries on the state support of development of timber power industry are represented.</dcterms:abstract>
    </dc:description>
    <dc:identifier scheme="dcterms:URI">http://journal.spb-niilh.ru/pdf/3-2013/spbniilh-proceedings-3-2013-1.pdf</dc:identifier>
    <dc:type>Journal Article</dc:type>
    <dc:language scheme="ags:ISO639-1">ru</dc:language>
    <dc:language scheme="ags:ISO639-1">en</dc:language>
    <ags:citation>
      <ags:citationTitle>Труды Санкт-Петербургского научно-исследовательского института лесного хозяйства</ags:citationTitle>
      <ags:citationIdentifier scheme="ags:ISSN">2079-6080</ags:citationIdentifier>
      <ags:citationNumber>v.5/n.3</ags:citationNumber>
    </ags:citation>
  </ags:resource>
</ags:resources>