<ags:resources xmlns:ags="http://purl.org/agmes/1.1/" xmlns:dc="http://purl.org/dc/elements/1.1/" xmlns:agls="http://www.naa.gov.au/recordkeeping/gov_online/agls/1.2" xmlns:dcterms="http://purl.org/dc/terms/">
  <ags:resource ags:ARN="RU2015C03469">
    <dc:title xml:lang="ru">Перспективы использования искусственной микоризации при выращивании сеянцев c закрытой корневой системой</dc:title>
    <dc:title xml:lang="en">
      <dcterms:alternative>Prospects of the use of artificial mycorrhization for growing tree seedlings with closed root system</dcterms:alternative>
    </dc:title>
    <dc:creator>
      <ags:creatorPersonal>Geronina E.A.</ags:creatorPersonal>
    </dc:creator>
    <dc:creator>
      <ags:creatorCorporate>Saint Petersburg Forestry Research Institute</ags:creatorCorporate>
    </dc:creator>
    <dc:date>
      <dcterms:dateIssued scheme="dcterms:W3CDTF">2014-</dcterms:dateIssued>
    </dc:date>
    <dc:subject>
      <ags:subjectClassification scheme="ags:ASC">K01</ags:subjectClassification>
    </dc:subject>
    <dc:subject>
      <ags:subjectClassification scheme="ags:ASC">K10</ags:subjectClassification>
    </dc:subject>
    <dc:subject>
      <ags:subjectClassification scheme="ags:ASC">K11</ags:subjectClassification>
    </dc:subject>
    <dc:subject>
      <ags:subjectClassification scheme="ags:ASC">K50</ags:subjectClassification>
    </dc:subject>
    <dc:subject>
      <ags:subjectClassification scheme="ags:ASC">K70</ags:subjectClassification>
    </dc:subject>
    <dc:subject>
      <ags:subjectThesaurus scheme="ags:AGROVOC" xml:lang="en">Picea</ags:subjectThesaurus>
    </dc:subject>
    <dc:subject>
      <ags:subjectThesaurus scheme="ags:AGROVOC" xml:lang="en">Economic analysis</ags:subjectThesaurus>
    </dc:subject>
    <dc:subject>
      <ags:subjectThesaurus scheme="ags:AGROVOC" xml:lang="en">storage</ags:subjectThesaurus>
    </dc:subject>
    <dc:subject>
      <ags:subjectThesaurus scheme="ags:AGROVOC" xml:lang="en">Forest nurseries</ags:subjectThesaurus>
    </dc:subject>
    <dc:subject>
      <ags:subjectThesaurus scheme="ags:AGROVOC" xml:lang="en">Root systems</ags:subjectThesaurus>
    </dc:subject>
    <dc:subject>
      <ags:subjectThesaurus scheme="ags:AGROVOC" xml:lang="en">Fungi</ags:subjectThesaurus>
    </dc:subject>
    <dc:subject>
      <ags:subjectThesaurus scheme="ags:AGROVOC" xml:lang="en">Pinus</ags:subjectThesaurus>
    </dc:subject>
    <dc:subject>
      <ags:subjectThesaurus scheme="ags:AGROVOC" xml:lang="en">Casuarina cunninghamiana</ags:subjectThesaurus>
    </dc:subject>
    <dc:subject>
      <ags:subjectThesaurus scheme="ags:AGROVOC" xml:lang="en">Hive equipment</ags:subjectThesaurus>
    </dc:subject>
    <dc:subject>
      <ags:subjectThesaurus scheme="ags:AGROVOC" xml:lang="en">Mycelium</ags:subjectThesaurus>
    </dc:subject>
    <dc:subject>
      <ags:subjectThesaurus scheme="ags:AGROVOC">http://aims.fao.org/aos/agrovoc/c_5851</ags:subjectThesaurus>
    </dc:subject>
    <dc:subject>
      <ags:subjectThesaurus scheme="ags:AGROVOC">http://aims.fao.org/aos/agrovoc/c_2469</ags:subjectThesaurus>
    </dc:subject>
    <dc:subject>
      <ags:subjectThesaurus scheme="ags:AGROVOC">http://aims.fao.org/aos/agrovoc/c_7427</ags:subjectThesaurus>
    </dc:subject>
    <dc:subject>
      <ags:subjectThesaurus scheme="ags:AGROVOC">http://aims.fao.org/aos/agrovoc/c_34830</ags:subjectThesaurus>
    </dc:subject>
    <dc:subject>
      <ags:subjectThesaurus scheme="ags:AGROVOC">http://aims.fao.org/aos/agrovoc/c_16034</ags:subjectThesaurus>
    </dc:subject>
    <dc:subject>
      <ags:subjectThesaurus scheme="ags:AGROVOC">http://aims.fao.org/aos/agrovoc/c_17826</ags:subjectThesaurus>
    </dc:subject>
    <dc:subject>
      <ags:subjectThesaurus scheme="ags:AGROVOC">http://aims.fao.org/aos/agrovoc/c_5890</ags:subjectThesaurus>
    </dc:subject>
    <dc:subject>
      <ags:subjectThesaurus scheme="ags:AGROVOC">http://aims.fao.org/aos/agrovoc/c_36964</ags:subjectThesaurus>
    </dc:subject>
    <dc:subject>
      <ags:subjectThesaurus scheme="ags:AGROVOC">http://aims.fao.org/aos/agrovoc/c_3638</ags:subjectThesaurus>
    </dc:subject>
    <dc:subject>
      <ags:subjectThesaurus scheme="ags:AGROVOC">http://aims.fao.org/aos/agrovoc/c_25272</ags:subjectThesaurus>
    </dc:subject>
    <dc:description>
      <dcterms:abstract xml:lang="ru">Проанализированы преимущества и недостатки различных способов искусственной микоризации. Наиболее подходящими оказались микоризация спорами и микоризация мицелием. Главным преимуществом первого способа является возможность внесения препарата через поливную систему, во втором – длительный срок хранения приготовленного субстрата. При этом недостатком инокуляции спорами является отсутствие возможности длительного хранения готового препарата, а при использовании мицелия усложняется процесс приготовления субстрата. Анализ состава препаратов для искусственной микоризации на основе спор «Супер Корень» (Россия) и «Great White» (Plant Success, США), а также препарата на основе мицелия «Микоризный» (ООО «Микобакс», Россия) показывает, что штаммы грибов, содержащихся в них, могут образовывать микоризу с сеянцами сосны, ели и дуба. Проведенный анализ
экономической информации применения искусственной микоризации в лесных питомниках при выращивании сеянцев с закрытой корневой системой показал, что использование для искусственной микоризации сеянцев способа инокуляции спорами через поливную систему требует меньше затрат, чем способ инокуляции мицелием.</dcterms:abstract>
    </dc:description>
    <dc:description>
      <dcterms:abstract xml:lang="en">The advantages and disadvantages of various methods of artificial mycorrhization have been analyzed. The most suitable were mycorrhization with spores and mycelium mycorrhization. The
main advantage of the first method is the possibility of entering the preparation through the irrigation system, the second long-term storage of the prepared substrate. However, a disadvantage
for inoculation of spores is the lack of opportunities prolonged storage of the finished product, and the use of mycelium the process of preparation of the substrate becomes more complicated.
Analysis of the composition of preparations for artificial mycorrhization on the basis of the spores
«Super Root» (Russia) and the «Great White» (Plant Success, USA), and the preparation on the basis of the mycelium «mycorrhizal» (LLC «Mikobaks», Russia) shows that strains of fungi contained in them can form mycorrhizas with seedlings of pine, spruce and oak. The analysis of the economic information of the use of artificial mycorrhization in forest nurseries for growing seedlings with closed root system showed that the use of artificial mycorrhization of seedlings method of inoculation with spores through the irrigation system is less expensive than the method
of inoculation with mycelium.</dcterms:abstract>
    </dc:description>
    <dc:identifier scheme="dcterms:URI">http://journal.spb-niilh.ru/pdf/4-2014/spbniilh-proceedings-4-2014-4.pdf</dc:identifier>
    <dc:type>Journal Article</dc:type>
    <dc:language scheme="ags:ISO639-1">ru</dc:language>
    <dc:language scheme="ags:ISO639-1">en</dc:language>
    <ags:citation>
      <ags:citationTitle>Труды Санкт-Петербургского научно-исследовательского института лесного хозяйства</ags:citationTitle>
      <ags:citationIdentifier scheme="ags:ISSN">2079-6080</ags:citationIdentifier>
      <ags:citationNumber>v.9/n.4</ags:citationNumber>
    </ags:citation>
  </ags:resource>
</ags:resources>