<ags:resources xmlns:ags="http://purl.org/agmes/1.1/" xmlns:dc="http://purl.org/dc/elements/1.1/" xmlns:agls="http://www.naa.gov.au/recordkeeping/gov_online/agls/1.2" xmlns:dcterms="http://purl.org/dc/terms/">
  <ags:resource ags:ARN="RU2015C03591">
    <dc:title xml:lang="ru">Испытание режимов выращивания сеянцев сосны с закрытой корневой системой под плёнкой и без плёнки в условиях Севера</dc:title>
    <dc:title xml:lang="en">
      <dcterms:alternative>Testing of growth regimes of ball-rooted pine seedlings in greenhouse and without a greenhouse in the conditions of the North</dcterms:alternative>
    </dc:title>
    <dc:creator>
      <ags:creatorPersonal>Mochalov B.A.</ags:creatorPersonal>
    </dc:creator>
    <dc:creator>
      <ags:creatorPersonal>Bobushkina S.V.</ags:creatorPersonal>
    </dc:creator>
    <ags:creatorConference>International scientific conference Innovation and technologies in forestry</ags:creatorConference>
    <dc:creator>
      <ags:creatorCorporate>Northern Research Institute of Forestry</ags:creatorCorporate>
    </dc:creator>
    <dc:date>
      <dcterms:dateIssued scheme="dcterms:W3CDTF">2012-</dcterms:dateIssued>
    </dc:date>
    <dc:subject>
      <ags:subjectClassification scheme="ags:ASC">K01</ags:subjectClassification>
    </dc:subject>
    <dc:subject>
      <ags:subjectClassification scheme="ags:ASC">K10</ags:subjectClassification>
    </dc:subject>
    <dc:subject>
      <ags:subjectClassification scheme="ags:ASC">K11</ags:subjectClassification>
    </dc:subject>
    <dc:subject>
      <ags:subjectClassification scheme="ags:ASC">K50</ags:subjectClassification>
    </dc:subject>
    <dc:subject>
      <ags:subjectClassification scheme="ags:ASC">K70</ags:subjectClassification>
    </dc:subject>
    <dc:subject>
      <ags:subjectThesaurus scheme="ags:AGROVOC" xml:lang="en">Seedlings</ags:subjectThesaurus>
    </dc:subject>
    <dc:subject>
      <ags:subjectThesaurus scheme="ags:AGROVOC">http://aims.fao.org/aos/agrovoc/c_6945</ags:subjectThesaurus>
    </dc:subject>
    <dc:description>
      <dcterms:abstract xml:lang="ru">В результате исследования динамики роста сеянцев сосны с закрытой корневой системой при различных режимах выращивания в Вельском тепличном комплексе установлено, что при содержании их в течение половины вегетационного сезона в теплице и доращивании весь следующий сезон без пленки, сеянцы будут пригодны для производства лесных культур. Однако, следует проводить искусственный обогрев теплиц в начале вегетационного сезона и принудительную вентиляцию при повышенных температурах воздуха.</dcterms:abstract>
    </dc:description>
    <dc:description>
      <dcterms:abstract xml:lang="en">On researches of dynamics of growth pine seedlings at various regimes in the Velsk greenhouse complex it is established that at their cultivation half a season in a greenhouse and growth still a season without a greenhouse, seedlings there will be available for manufacture of artificial stands. However, it is necessary to spend artificial heating of greenhouses in the beginning of a vegetative season and compulsory ventilation at the raised temperatures of air.</dcterms:abstract>
    </dc:description>
    <dc:type>Conference Paper</dc:type>
    <dc:language scheme="ags:ISO639-1">ru</dc:language>
    <dc:language scheme="ags:ISO639-1">en</dc:language>
  </ags:resource>
</ags:resources>