<ags:resources xmlns:ags="http://purl.org/agmes/1.1/" xmlns:dc="http://purl.org/dc/elements/1.1/" xmlns:agls="http://www.naa.gov.au/recordkeeping/gov_online/agls/1.2" xmlns:dcterms="http://purl.org/dc/terms/">
  <ags:resource ags:ARN="RU2015C03968">
    <dc:title xml:lang="ru">Инновационные способы воспроизводства лесов, направленные на повышение общей эффективности и устойчивости лесных культур в аридных условиях (на примере ленточных боров Казахстанского Прииртышья)</dc:title>
    <dc:title xml:lang="en">
      <dcterms:alternative>Innovative methods of the forest regeneration</dcterms:alternative>
    </dc:title>
    <dc:title xml:lang="">
      <dcterms:alternative>aimed at enhancing the general efficiency and sustainability of forest cultures in arid conditions (in the example of the ribbon like pine forests in Kazakhstan Irtysh Region)</dcterms:alternative>
    </dc:title>
    <dc:creator>
      <ags:creatorPersonal>Baizakov S.B.</ags:creatorPersonal>
    </dc:creator>
    <dc:creator>
      <ags:creatorPersonal>Iskakov S.I.</ags:creatorPersonal>
    </dc:creator>
    <dc:creator>
      <ags:creatorPersonal>Nyssanbaev  E.N.</ags:creatorPersonal>
    </dc:creator>
    <ags:creatorConference>International scientific conference Innovation and technologies in forestry</ags:creatorConference>
    <dc:creator>
      <ags:creatorCorporate>Kazakh national agrarian university, Forest Research Institute of Innovative</ags:creatorCorporate>
    </dc:creator>
    <dc:creator>
      <ags:creatorCorporate>The Ministry of Environment of the Republic of Kazakhstan</ags:creatorCorporate>
    </dc:creator>
    <dc:date>
      <dcterms:dateIssued scheme="dcterms:W3CDTF">2013-</dcterms:dateIssued>
    </dc:date>
    <dc:subject>
      <ags:subjectClassification scheme="ags:ASC">K01</ags:subjectClassification>
    </dc:subject>
    <dc:subject>
      <ags:subjectClassification scheme="ags:ASC">K10</ags:subjectClassification>
    </dc:subject>
    <dc:subject>
      <ags:subjectClassification scheme="ags:ASC">K11</ags:subjectClassification>
    </dc:subject>
    <dc:subject>
      <ags:subjectClassification scheme="ags:ASC">K50</ags:subjectClassification>
    </dc:subject>
    <dc:subject>
      <ags:subjectClassification scheme="ags:ASC">K70</ags:subjectClassification>
    </dc:subject>
    <dc:description>
      <dcterms:abstract xml:lang="ru">В работе изложена суть двух новых способов создания лесных культур, способствующих существенному повышению эффективности лесокультурного производства и противопожарной устойчивости лесных насаждений в аридных
условиях – на примере ленточных боров Казахстанского Прииртышья</dcterms:abstract>
    </dc:description>
    <dc:description>
      <dcterms:abstract xml:lang="en">The article describes the essence of the two new methods forest cultures planting</dcterms:abstract>
    </dc:description>
    <dc:description>
      <dcterms:abstract xml:lang="">these methods contribute to a significant increase in the efficiency of silvicultural production and fire-protection sustainability of new plantings in the arid conditions on the example of the ribbon-like pine forests in the Kazakhstan Irtysh region</dcterms:abstract>
    </dc:description>
    <dc:identifier scheme="dcterms:URI">http://www.spb-niilh.ru/pdf/innovations/innovations_2013_1.pdf</dc:identifier>
    <dc:type>Conference Paper</dc:type>
    <dc:language scheme="ags:ISO639-1">ru</dc:language>
    <dc:language scheme="ags:ISO639-1">en</dc:language>
  </ags:resource>
</ags:resources>