<ags:resources xmlns:ags="http://purl.org/agmes/1.1/" xmlns:dc="http://purl.org/dc/elements/1.1/" xmlns:agls="http://www.naa.gov.au/recordkeeping/gov_online/agls/1.2" xmlns:dcterms="http://purl.org/dc/terms/">
  <ags:resource ags:ARN="RU2015C03687">
    <dc:title xml:lang="ru">Влияние равномерно-постепенных рубок на товарную структуру березово-еловых насаждений</dc:title>
    <dc:title xml:lang="en">
      <dcterms:alternative>The Influence of even productive fellings on birch and spruce plantations structure</dcterms:alternative>
    </dc:title>
    <dc:creator>
      <ags:creatorPersonal>Gribov S.E.</ags:creatorPersonal>
    </dc:creator>
    <dc:creator>
      <ags:creatorPersonal>Druzhinin F.N.</ags:creatorPersonal>
    </dc:creator>
    <ags:creatorConference>International scientific conference Innovation and technologies in forestry</ags:creatorConference>
    <dc:creator>
      <ags:creatorCorporate>The N. Vereshchagin Vologda State Dairy Farming Academy, The Vologda Region Laboratory of the Northern Research Institute of Forestry</ags:creatorCorporate>
    </dc:creator>
    <dc:date>
      <dcterms:dateIssued scheme="dcterms:W3CDTF">2012-</dcterms:dateIssued>
    </dc:date>
    <dc:subject>
      <ags:subjectClassification scheme="ags:ASC">K01</ags:subjectClassification>
    </dc:subject>
    <dc:subject>
      <ags:subjectClassification scheme="ags:ASC">K10</ags:subjectClassification>
    </dc:subject>
    <dc:subject>
      <ags:subjectClassification scheme="ags:ASC">K11</ags:subjectClassification>
    </dc:subject>
    <dc:subject>
      <ags:subjectClassification scheme="ags:ASC">K50</ags:subjectClassification>
    </dc:subject>
    <dc:subject>
      <ags:subjectClassification scheme="ags:ASC">K70</ags:subjectClassification>
    </dc:subject>
    <dc:subject>
      <ags:subjectThesaurus scheme="ags:AGROVOC" xml:lang="en">Felling</ags:subjectThesaurus>
    </dc:subject>
    <dc:subject>
      <ags:subjectThesaurus scheme="ags:AGROVOC" xml:lang="en">plantations</ags:subjectThesaurus>
    </dc:subject>
    <dc:subject>
      <ags:subjectThesaurus scheme="ags:AGROVOC" xml:lang="en">silviculture</ags:subjectThesaurus>
    </dc:subject>
    <dc:subject>
      <ags:subjectThesaurus scheme="ags:AGROVOC" xml:lang="en">Betula</ags:subjectThesaurus>
    </dc:subject>
    <dc:subject>
      <ags:subjectThesaurus scheme="ags:AGROVOC" xml:lang="en">Picea</ags:subjectThesaurus>
    </dc:subject>
    <dc:subject>
      <ags:subjectThesaurus scheme="ags:AGROVOC" xml:lang="en">Undergrowth</ags:subjectThesaurus>
    </dc:subject>
    <dc:subject>
      <ags:subjectThesaurus scheme="ags:AGROVOC" xml:lang="en">Diameter</ags:subjectThesaurus>
    </dc:subject>
    <dc:subject>
      <ags:subjectThesaurus scheme="ags:AGROVOC" xml:lang="en">trees</ags:subjectThesaurus>
    </dc:subject>
    <dc:subject>
      <ags:subjectThesaurus scheme="ags:AGROVOC" xml:lang="en">Thinning</ags:subjectThesaurus>
    </dc:subject>
    <dc:subject>
      <ags:subjectThesaurus scheme="ags:AGROVOC">http://aims.fao.org/aos/agrovoc/c_2847</ags:subjectThesaurus>
    </dc:subject>
    <dc:subject>
      <ags:subjectThesaurus scheme="ags:AGROVOC">http://aims.fao.org/aos/agrovoc/c_5990</ags:subjectThesaurus>
    </dc:subject>
    <dc:subject>
      <ags:subjectThesaurus scheme="ags:AGROVOC">http://aims.fao.org/aos/agrovoc/c_7071</ags:subjectThesaurus>
    </dc:subject>
    <dc:subject>
      <ags:subjectThesaurus scheme="ags:AGROVOC">http://aims.fao.org/aos/agrovoc/c_892</ags:subjectThesaurus>
    </dc:subject>
    <dc:subject>
      <ags:subjectThesaurus scheme="ags:AGROVOC">http://aims.fao.org/aos/agrovoc/c_5851</ags:subjectThesaurus>
    </dc:subject>
    <dc:subject>
      <ags:subjectThesaurus scheme="ags:AGROVOC">http://aims.fao.org/aos/agrovoc/c_24414</ags:subjectThesaurus>
    </dc:subject>
    <dc:subject>
      <ags:subjectThesaurus scheme="ags:AGROVOC">http://aims.fao.org/aos/agrovoc/c_16072</ags:subjectThesaurus>
    </dc:subject>
    <dc:subject>
      <ags:subjectThesaurus scheme="ags:AGROVOC">http://aims.fao.org/aos/agrovoc/c_7887</ags:subjectThesaurus>
    </dc:subject>
    <dc:subject>
      <ags:subjectThesaurus scheme="ags:AGROVOC">http://aims.fao.org/aos/agrovoc/c_7729</ags:subjectThesaurus>
    </dc:subject>
    <dc:description>
      <dcterms:abstract xml:lang="ru">Равномерно-постепенные рубки насаждений являются перспективным направлением в интенсификации ведения лесного хозяйства Вологодской области. В статье рассмотрены изменения в структуре березово-елового древостоя под влиянием этих рубок. Оценена интенсивность изреживания на формирование подпологовой ели, состоящей из тонкомера и подроста. Определена товарная структура березово-елового насаждения, сформировавшегося после проведения первого приема равномерно-постепенных рубок.</dcterms:abstract>
    </dc:description>
    <dc:description>
      <dcterms:abstract xml:lang="en">Even productive fellings of plantations are considered to be a perspective direction to intensify the conolucting of silviculture in Vologda region. In the given article changes in the structure of birch and spruce stand under the influence of these fellings have been considered. The intensity of thinning on undershelter spruce formation consisting of trees with a small diameter and undergrowth has been estimated. The merchantable structure of birch and spruce plantation formed after conducting the first stage of even productive fellings has been defined.</dcterms:abstract>
    </dc:description>
    <dc:type>Conference Poster</dc:type>
    <dc:language scheme="ags:ISO639-1">ru</dc:language>
    <dc:language scheme="ags:ISO639-1">en</dc:language>
  </ags:resource>
</ags:resources>