<?xml version="1.0" encoding="UTF-8"?>
<!DOCTYPE ags:resources SYSTEM "http://purl.org/agmes/agrisap/dtd/">
<ags:resources xmlns:ags="http://purl.org/agmes/1.1/" xmlns:dc="http://purl.org/dc/elements/1.1/" xmlns:agls="http://www.naa.gov.au/recordkeeping/gov_online/agls/1.2" xmlns:dcterms="http://purl.org/dc/terms/">
<ags:resource ags:ARN="GB2015401400">
	<dc:title><![CDATA[Livelihood security of pastoralists in semi-arid rangelands under global change - A social-ecological modelling study]]></dc:title>
	<dc:creator>
		<ags:creatorPersonal><![CDATA[Romina Martin]]></ags:creatorPersonal>
	</dc:creator>
	<dc:identifier scheme="dcterms:URI"><![CDATA[http://core.kmi.open.ac.uk/download/pdf/12011505.pdf]]></dc:identifier>
	<dc:identifier scheme="dcterms:URI"><![CDATA[oai:core.kmi.open.ac.uk:12011505]]></dc:identifier>
	<dc:format><dcterms:medium><![CDATA[text]]></dcterms:medium></dc:format>
</ags:resource>
<ags:resource ags:ARN="GB2015401401">
	<dc:title><![CDATA[Structural and functional characterization of natural alleles of potato (Solanum tuberosum L.) starch phosphorylases associated with tuber quality traits]]></dc:title>
	<dc:creator>
		<ags:creatorPersonal><![CDATA[ESA ICRISAT]]></ags:creatorPersonal>
	</dc:creator>
	<dc:identifier scheme="dcterms:URI"><![CDATA[oai:core.kmi.open.ac.uk:12011246]]></dc:identifier>
	<dc:identifier scheme="dcterms:URI"><![CDATA[http://core.kmi.open.ac.uk/download/pdf/12011246.pdf]]></dc:identifier>
	<dc:format><dcterms:medium><![CDATA[text]]></dcterms:medium></dc:format>
</ags:resource>
<ags:resource ags:ARN="GB2015401402">
	<dc:title><![CDATA[Combating desertification in Turkmenistan on the grass roots level example of the Central Karakum Desert]]></dc:title>
	<dc:creator>
		<ags:creatorPersonal><![CDATA[József Tóth]]></ags:creatorPersonal>
		<ags:creatorPersonal><![CDATA[Áron Török]]></ags:creatorPersonal>
	</dc:creator>
	<dc:identifier scheme="dcterms:URI"><![CDATA[http://core.kmi.open.ac.uk/download/pdf/12008514.pdf]]></dc:identifier>
	<dc:identifier scheme="dcterms:URI"><![CDATA[oai:core.kmi.open.ac.uk:12008514]]></dc:identifier>
	<dc:format><dcterms:medium><![CDATA[text]]></dcterms:medium></dc:format>
</ags:resource>
<ags:resource ags:ARN="GB2015401403">
	<dc:title><![CDATA[Structure and assembly cues of Arabidopsis root-inhabiting bacterial communities and comparative genomics of selected Rhizobium members]]></dc:title>
	<dc:creator>
		<ags:creatorPersonal><![CDATA[M. Ganesan]]></ags:creatorPersonal>
	</dc:creator>
	<dc:identifier scheme="dcterms:URI"><![CDATA[http://core.kmi.open.ac.uk/download/pdf/12011476.pdf]]></dc:identifier>
	<dc:identifier scheme="dcterms:URI"><![CDATA[oai:core.kmi.open.ac.uk:12011476]]></dc:identifier>
	<dc:format><dcterms:medium><![CDATA[text]]></dcterms:medium></dc:format>
</ags:resource>
<ags:resource ags:ARN="GB2015401404">
	<dc:title><![CDATA[Regulation of the floral transition at the shoot apical meristem of Arabidopsis as studied by genetics and next generation sequencing]]></dc:title>
	<dc:creator>
		<ags:creatorPersonal><![CDATA[Stefano Torti]]></ags:creatorPersonal>
	</dc:creator>
	<dc:identifier scheme="dcterms:URI"><![CDATA[http://core.kmi.open.ac.uk/download/pdf/12011010.pdf]]></dc:identifier>
	<dc:identifier scheme="dcterms:URI"><![CDATA[oai:core.kmi.open.ac.uk:12011010]]></dc:identifier>
	<dc:format><dcterms:medium><![CDATA[text]]></dcterms:medium></dc:format>
</ags:resource>
<ags:resource ags:ARN="GB2015401405">
	<dc:title><![CDATA[Production Efficiency in Peasant Agriculture: An Application of LISREL Model]]></dc:title>
	<dc:creator>
		<ags:creatorPersonal><![CDATA[Yohannes Mariam]]></ags:creatorPersonal>
		<ags:creatorPersonal><![CDATA[Thomas Eisemon]]></ags:creatorPersonal>
		<ags:creatorPersonal><![CDATA[Garth Coffin]]></ags:creatorPersonal>
	</dc:creator>
	<dc:identifier scheme="dcterms:URI"><![CDATA[http://core.kmi.open.ac.uk/download/pdf/12011728.pdf]]></dc:identifier>
	<dc:identifier scheme="dcterms:URI"><![CDATA[oai:core.kmi.open.ac.uk:12011728]]></dc:identifier>
	<dc:format><dcterms:medium><![CDATA[text]]></dcterms:medium></dc:format>
</ags:resource>
<ags:resource ags:ARN="GB2015401406">
	<dc:title><![CDATA[Strategic Decision-Making: Adoption of Agricultural Technologies and Risk in a Peasant Economy]]></dc:title>
	<dc:creator>
		<ags:creatorPersonal><![CDATA[Yohannes Mariam]]></ags:creatorPersonal>
		<ags:creatorPersonal><![CDATA[John Galaty]]></ags:creatorPersonal>
		<ags:creatorPersonal><![CDATA[Garth Coffin]]></ags:creatorPersonal>
	</dc:creator>
	<dc:identifier scheme="dcterms:URI"><![CDATA[http://core.kmi.open.ac.uk/download/pdf/12011719.pdf]]></dc:identifier>
	<dc:identifier scheme="dcterms:URI"><![CDATA[oai:core.kmi.open.ac.uk:12011719]]></dc:identifier>
	<dc:format><dcterms:medium><![CDATA[text]]></dcterms:medium></dc:format>
</ags:resource>
<ags:resource ags:ARN="GB2015401407">
	<dc:title><![CDATA[Crop and Milk Production Structure of Smallholders in Ethiopia]]></dc:title>
	<dc:creator>
		<ags:creatorPersonal><![CDATA[Yohannes Mariam]]></ags:creatorPersonal>
		<ags:creatorPersonal><![CDATA[Garth Coffin]]></ags:creatorPersonal>
	</dc:creator>
	<dc:identifier scheme="dcterms:URI"><![CDATA[http://core.kmi.open.ac.uk/download/pdf/12011730.pdf]]></dc:identifier>
	<dc:identifier scheme="dcterms:URI"><![CDATA[oai:core.kmi.open.ac.uk:12011730]]></dc:identifier>
	<dc:format><dcterms:medium><![CDATA[text]]></dcterms:medium></dc:format>
</ags:resource>
<ags:resource ags:ARN="GB2015401408">
	<dc:title><![CDATA[Goals and Strategies of Peasants in the Central Highlands of Ethiopia]]></dc:title>
	<dc:creator>
		<ags:creatorPersonal><![CDATA[Yohannes Mariam]]></ags:creatorPersonal>
		<ags:creatorPersonal><![CDATA[John Galaty]]></ags:creatorPersonal>
		<ags:creatorPersonal><![CDATA[Garth Coffin]]></ags:creatorPersonal>
	</dc:creator>
	<dc:identifier scheme="dcterms:URI"><![CDATA[oai:core.kmi.open.ac.uk:12011732]]></dc:identifier>
	<dc:identifier scheme="dcterms:URI"><![CDATA[http://core.kmi.open.ac.uk/download/pdf/12011732.pdf]]></dc:identifier>
	<dc:format><dcterms:medium><![CDATA[text]]></dcterms:medium></dc:format>
</ags:resource>
<ags:resource ags:ARN="GB2015401409">
	<dc:title><![CDATA[The potential use of derivatives to manage the price risk of seafood markets: the case of sole and cuttlefish in France]]></dc:title>
	<dc:creator>
		<ags:creatorPersonal><![CDATA[Jean-Loïc Bégué-Turon]]></ags:creatorPersonal>
		<ags:creatorPersonal><![CDATA[Yves Perraudeau]]></ags:creatorPersonal>
		<ags:creatorPersonal><![CDATA[Nicolas Rautureau]]></ags:creatorPersonal>
	</dc:creator>
	<dc:identifier scheme="dcterms:URI"><![CDATA[http://core.kmi.open.ac.uk/download/pdf/12011971.pdf]]></dc:identifier>
	<dc:identifier scheme="dcterms:URI"><![CDATA[oai:core.kmi.open.ac.uk:12011971]]></dc:identifier>
	<dc:format><dcterms:medium><![CDATA[text]]></dcterms:medium></dc:format>
</ags:resource>
<ags:resource ags:ARN="GB2015401410">
	<dc:title><![CDATA[Agricultural Information and Indigenous Knowledge in Peasant Economy]]></dc:title>
	<dc:creator>
		<ags:creatorPersonal><![CDATA[Yohannes Mariam]]></ags:creatorPersonal>
		<ags:creatorPersonal><![CDATA[John Galaty]]></ags:creatorPersonal>
	</dc:creator>
	<dc:identifier scheme="dcterms:URI"><![CDATA[oai:core.kmi.open.ac.uk:12011733]]></dc:identifier>
	<dc:identifier scheme="dcterms:URI"><![CDATA[http://core.kmi.open.ac.uk/download/pdf/12011733.pdf]]></dc:identifier>
	<dc:format><dcterms:medium><![CDATA[text]]></dcterms:medium></dc:format>
</ags:resource>
<ags:resource ags:ARN="GB2015401411">
	<dc:title><![CDATA[Unfinished business: customary land individualization in olilit village, tanimbar islands]]></dc:title>
	<dc:creator>
		<ags:creatorPersonal><![CDATA[Bayuni Shantiko]]></ags:creatorPersonal>
	</dc:creator>
	<dc:identifier scheme="dcterms:URI"><![CDATA[oai:core.kmi.open.ac.uk:12012015]]></dc:identifier>
	<dc:identifier scheme="dcterms:URI"><![CDATA[http://core.kmi.open.ac.uk/download/pdf/12012015.pdf]]></dc:identifier>
	<dc:format><dcterms:medium><![CDATA[text]]></dcterms:medium></dc:format>
</ags:resource>
<ags:resource ags:ARN="GB2015401412">
	<dc:title><![CDATA[Unfinished business: Customary Land Individualization in Olilit Village, Tanimbar Islands]]></dc:title>
	<dc:creator>
		<ags:creatorPersonal><![CDATA[Bayuni Shantiko]]></ags:creatorPersonal>
	</dc:creator>
	<dc:identifier scheme="dcterms:URI"><![CDATA[http://core.kmi.open.ac.uk/download/pdf/12012025.pdf]]></dc:identifier>
	<dc:identifier scheme="dcterms:URI"><![CDATA[oai:core.kmi.open.ac.uk:12012025]]></dc:identifier>
	<dc:format><dcterms:medium><![CDATA[text]]></dcterms:medium></dc:format>
</ags:resource>
<ags:resource ags:ARN="GB2015401413">
	<dc:title><![CDATA[Un modelo RSDAIDS para las importaciones de madera de Estados Unidos y sus implicaciones para Colombia]]></dc:title>
	<dc:creator>
		<ags:creatorPersonal><![CDATA[Mauricio Alviar Ramírez]]></ags:creatorPersonal>
		<ags:creatorPersonal><![CDATA[Medardo Restrepo Patiño]]></ags:creatorPersonal>
		<ags:creatorPersonal><![CDATA[Santiago Gallón Gómez]]></ags:creatorPersonal>
	</dc:creator>
	<dc:identifier scheme="dcterms:URI"><![CDATA[http://core.kmi.open.ac.uk/download/pdf/12011983.pdf]]></dc:identifier>
	<dc:identifier scheme="dcterms:URI"><![CDATA[oai:core.kmi.open.ac.uk:12011983]]></dc:identifier>
	<dc:format><dcterms:medium><![CDATA[text]]></dcterms:medium></dc:format>
</ags:resource>
<ags:resource ags:ARN="GB2015401414">
	<dc:title><![CDATA[PRODUCTION AND TRADE OF ANIMAL PRODUCTS IN SELECTED ECO COUNTRIES]]></dc:title>
	<dc:creator>
		<ags:creatorPersonal><![CDATA[Annegret Honsbein]]></ags:creatorPersonal>
	</dc:creator>
	<dc:identifier scheme="dcterms:URI"><![CDATA[http://core.kmi.open.ac.uk/download/pdf/12011657.pdf]]></dc:identifier>
	<dc:identifier scheme="dcterms:URI"><![CDATA[oai:core.kmi.open.ac.uk:12011657]]></dc:identifier>
	<dc:format><dcterms:medium><![CDATA[text]]></dcterms:medium></dc:format>
</ags:resource>
<ags:resource ags:ARN="GB2015401415">
	<dc:title><![CDATA[Production Efficiency and Agricultural Technologies in the Ethiopian Agriculture]]></dc:title>
	<dc:creator>
		<ags:creatorPersonal><![CDATA[Yohannes Mariam]]></ags:creatorPersonal>
		<ags:creatorPersonal><![CDATA[Garth Coffin]]></ags:creatorPersonal>
	</dc:creator>
	<dc:identifier scheme="dcterms:URI"><![CDATA[http://core.kmi.open.ac.uk/download/pdf/12011729.pdf]]></dc:identifier>
	<dc:identifier scheme="dcterms:URI"><![CDATA[oai:core.kmi.open.ac.uk:12011729]]></dc:identifier>
	<dc:format><dcterms:medium><![CDATA[text]]></dcterms:medium></dc:format>
</ags:resource>
<ags:resource ags:ARN="GB2015401416">
	<dc:title><![CDATA[Production efficiency in Peasant Agriculture: The Case of Mixed Farming System in the Ethiopian Highlands]]></dc:title>
	<dc:creator>
		<ags:creatorPersonal><![CDATA[Yohannes Mariam]]></ags:creatorPersonal>
		<ags:creatorPersonal><![CDATA[Garth Coffin]]></ags:creatorPersonal>
		<ags:creatorPersonal><![CDATA[Thomas Eisemon]]></ags:creatorPersonal>
	</dc:creator>
	<dc:identifier scheme="dcterms:URI"><![CDATA[http://core.kmi.open.ac.uk/download/pdf/12011731.pdf]]></dc:identifier>
	<dc:identifier scheme="dcterms:URI"><![CDATA[oai:core.kmi.open.ac.uk:12011731]]></dc:identifier>
	<dc:format><dcterms:medium><![CDATA[text]]></dcterms:medium></dc:format>
</ags:resource>
<ags:resource ags:ARN="GB2015401417">
	<dc:title><![CDATA[Emerging Issues and Concerns of African Countries in the WTO Negotiations on Agriculture and the Doha Round]]></dc:title>
	<dc:creator>
		<ags:creatorPersonal><![CDATA[Patrick N. Osakwe]]></ags:creatorPersonal>
	</dc:creator>
	<dc:identifier scheme="dcterms:URI"><![CDATA[http://core.kmi.open.ac.uk/download/pdf/12012483.pdf]]></dc:identifier>
	<dc:identifier scheme="dcterms:URI"><![CDATA[oai:core.kmi.open.ac.uk:12012483]]></dc:identifier>
	<dc:format><dcterms:medium><![CDATA[text]]></dcterms:medium></dc:format>
</ags:resource>
<ags:resource ags:ARN="GB2015401418">
	<dc:title><![CDATA[Rethinking the Role of Agriculture and Agro-Industry in the Economic Development of Thailand: Input-Output and CGE Analyses (Ph.D. Dissertation)]]></dc:title>
	<dc:creator>
		<ags:creatorPersonal><![CDATA[Nalitra Thaiprasert]]></ags:creatorPersonal>
	</dc:creator>
	<dc:identifier scheme="dcterms:URI"><![CDATA[http://core.kmi.open.ac.uk/download/pdf/12012096.pdf]]></dc:identifier>
	<dc:identifier scheme="dcterms:URI"><![CDATA[oai:core.kmi.open.ac.uk:12012096]]></dc:identifier>
	<dc:format><dcterms:medium><![CDATA[text]]></dcterms:medium></dc:format>
</ags:resource>
<ags:resource ags:ARN="GB2015401419">
	<dc:title><![CDATA[Rethinking the Role of the Agricultural Sector in the Thai Economy and Its Income Distribution: A SAM Analysis]]></dc:title>
	<dc:creator>
		<ags:creatorPersonal><![CDATA[Wusana Agung W]]></ags:creatorPersonal>
		<ags:creatorPersonal><![CDATA[Sunu H Pranolo]]></ags:creatorPersonal>
		<ags:creatorPersonal><![CDATA[Gede Noorochadi]]></ags:creatorPersonal>
		<ags:creatorPersonal><![CDATA[Lusia Ratna M]]></ags:creatorPersonal>
	</dc:creator>
	<dc:identifier scheme="dcterms:URI"><![CDATA[http://core.kmi.open.ac.uk/download/pdf/12012084.pdf]]></dc:identifier>
	<dc:identifier scheme="dcterms:URI"><![CDATA[oai:core.kmi.open.ac.uk:12012084]]></dc:identifier>
	<dc:format><dcterms:medium><![CDATA[text]]></dcterms:medium></dc:format>
</ags:resource>
<ags:resource ags:ARN="GB2015401420">
	<dc:title><![CDATA[El Instituto de Desarrollo Agrario (IDA), el desarrollo productivo y el bienestar social en el medio rural de Costa Rica. análisis evaluativo sobre el cumplimiento de sus objetivos y funciones.]]></dc:title>
	<dc:creator>
		<ags:creatorPersonal><![CDATA[Jorge Mora-Alfaro]]></ags:creatorPersonal>
	</dc:creator>
	<dc:identifier scheme="dcterms:URI"><![CDATA[oai:core.kmi.open.ac.uk:12012716]]></dc:identifier>
	<dc:identifier scheme="dcterms:URI"><![CDATA[http://core.kmi.open.ac.uk/download/pdf/12012716.pdf]]></dc:identifier>
	<dc:format><dcterms:medium><![CDATA[text]]></dcterms:medium></dc:format>
</ags:resource>
<ags:resource ags:ARN="GB2015401421">
	<dc:title><![CDATA[Subsidies and regulatory reform in West African cotton: What are the development stakes?]]></dc:title>
	<dc:creator>
		<ags:creatorPersonal><![CDATA[Graciela Chichilnisky]]></ags:creatorPersonal>
		<ags:creatorPersonal><![CDATA[G. Gallopin]]></ags:creatorPersonal>
	</dc:creator>
	<dc:identifier scheme="dcterms:URI"><![CDATA[oai:core.kmi.open.ac.uk:12012706]]></dc:identifier>
	<dc:identifier scheme="dcterms:URI"><![CDATA[http://core.kmi.open.ac.uk/download/pdf/12012706.pdf]]></dc:identifier>
	<dc:format><dcterms:medium><![CDATA[text]]></dcterms:medium></dc:format>
</ags:resource>
<ags:resource ags:ARN="GB2015401422">
	<dc:title><![CDATA[EU and US safeguards against Chinese textile exports: What consequences for West African cotton-producing countries?]]></dc:title>
	<dc:creator>
		<ags:creatorPersonal><![CDATA[Claire Delpeuch]]></ags:creatorPersonal>
	</dc:creator>
	<dc:identifier scheme="dcterms:URI"><![CDATA[oai:core.kmi.open.ac.uk:12012722]]></dc:identifier>
	<dc:identifier scheme="dcterms:URI"><![CDATA[http://core.kmi.open.ac.uk/download/pdf/12012722.pdf]]></dc:identifier>
	<dc:format><dcterms:medium><![CDATA[text]]></dcterms:medium></dc:format>
</ags:resource>
<ags:resource ags:ARN="GB2015401423">
	<dc:title><![CDATA[Pertumbuhan dan Konvergensi pada Industri Tebu di Asia Tenggara]]></dc:title>
	<dc:creator>
		<ags:creatorPersonal><![CDATA[Erlangga Agustino L]]></ags:creatorPersonal>
		<ags:creatorPersonal><![CDATA[iyanto]]></ags:creatorPersonal>
		<ags:creatorPersonal><![CDATA[Wirya Wardaya]]></ags:creatorPersonal>
	</dc:creator>
	<dc:identifier scheme="dcterms:URI"><![CDATA[oai:core.kmi.open.ac.uk:12012929]]></dc:identifier>
	<dc:identifier scheme="dcterms:URI"><![CDATA[http://core.kmi.open.ac.uk/download/pdf/12012929.pdf]]></dc:identifier>
	<dc:format><dcterms:medium><![CDATA[text]]></dcterms:medium></dc:format>
</ags:resource>
<ags:resource ags:ARN="GB2015401424">
	<dc:title><![CDATA[A Gravity approach to evaluate the significance of trade liberalization in vertically-related goods in the presence of non-tariff barriers]]></dc:title>
	<dc:creator>
		<ags:creatorPersonal><![CDATA[Syed Naimul Wadood]]></ags:creatorPersonal>
		<ags:creatorPersonal><![CDATA[Russell L. Lamb]]></ags:creatorPersonal>
	</dc:creator>
	<dc:identifier scheme="dcterms:URI"><![CDATA[oai:core.kmi.open.ac.uk:12012944]]></dc:identifier>
	<dc:identifier scheme="dcterms:URI"><![CDATA[http://core.kmi.open.ac.uk/download/pdf/12012944.pdf]]></dc:identifier>
	<dc:format><dcterms:medium><![CDATA[text]]></dcterms:medium></dc:format>
</ags:resource>
<ags:resource ags:ARN="GB2015401425">
	<dc:title><![CDATA[Rural class differentiation in Nigeria: Theory and practice - a quantitative approach in the case of Nupeland]]></dc:title>
	<dc:creator>
		<ags:creatorPersonal><![CDATA[Dirk Kohnert]]></ags:creatorPersonal>
	</dc:creator>
	<dc:identifier scheme="dcterms:URI"><![CDATA[oai:core.kmi.open.ac.uk:12013428]]></dc:identifier>
	<dc:identifier scheme="dcterms:URI"><![CDATA[http://core.kmi.open.ac.uk/download/pdf/12013428.pdf]]></dc:identifier>
	<dc:format><dcterms:medium><![CDATA[text]]></dcterms:medium></dc:format>
</ags:resource>
<ags:resource ags:ARN="GB2015401426">
	<dc:title><![CDATA[Endogenous growth, decline in social capital and expansion of market activities]]></dc:title>
	<dc:creator>
		<ags:creatorPersonal><![CDATA[Stefano Bartolini]]></ags:creatorPersonal>
		<ags:creatorPersonal><![CDATA[Luigi Bonatti]]></ags:creatorPersonal>
	</dc:creator>
	<dc:identifier scheme="dcterms:URI"><![CDATA[http://core.kmi.open.ac.uk/download/pdf/12013239.pdf]]></dc:identifier>
	<dc:identifier scheme="dcterms:URI"><![CDATA[oai:core.kmi.open.ac.uk:12013239]]></dc:identifier>
	<dc:format><dcterms:medium><![CDATA[text]]></dcterms:medium></dc:format>
</ags:resource>
<ags:resource ags:ARN="GB2015401427">
	<dc:title><![CDATA[A Gravity Approach to Assess the Effects of Association Agreements on Euromediterranean Trade of Fruits and Vegetables]]></dc:title>
	<dc:creator>
		<ags:creatorPersonal><![CDATA[Mariano Negri]]></ags:creatorPersonal>
		<ags:creatorPersonal><![CDATA[Guido Porto]]></ags:creatorPersonal>
	</dc:creator>
	<dc:identifier scheme="dcterms:URI"><![CDATA[oai:core.kmi.open.ac.uk:12013651]]></dc:identifier>
	<dc:identifier scheme="dcterms:URI"><![CDATA[http://core.kmi.open.ac.uk/download/pdf/12013651.pdf]]></dc:identifier>
	<dc:format><dcterms:medium><![CDATA[text]]></dcterms:medium></dc:format>
</ags:resource>
<ags:resource ags:ARN="GB2015401428">
	<dc:title><![CDATA[Assessing Euro-Med trade preferences: the case of entry price reduction]]></dc:title>
	<dc:creator>
		<ags:creatorPersonal><![CDATA[Jose Maria Garcia-Alvarez-Coque]]></ags:creatorPersonal>
		<ags:creatorPersonal><![CDATA[Maria-Luis Martí-Selva]]></ags:creatorPersonal>
	</dc:creator>
	<dc:identifier scheme="dcterms:URI"><![CDATA[http://core.kmi.open.ac.uk/download/pdf/12012494.pdf]]></dc:identifier>
	<dc:identifier scheme="dcterms:URI"><![CDATA[oai:core.kmi.open.ac.uk:12012494]]></dc:identifier>
	<dc:format><dcterms:medium><![CDATA[text]]></dcterms:medium></dc:format>
</ags:resource>
<ags:resource ags:ARN="GB2015401429">
	<dc:title><![CDATA[Many hands make hard work, or why agriculture is not a puzzle]]></dc:title>
	<dc:creator>
		<ags:creatorPersonal><![CDATA[Ricardo Andrés Guzmán]]></ags:creatorPersonal>
	</dc:creator>
	<dc:identifier scheme="dcterms:URI"><![CDATA[oai:core.kmi.open.ac.uk:12013664]]></dc:identifier>
	<dc:identifier scheme="dcterms:URI"><![CDATA[http://core.kmi.open.ac.uk/download/pdf/12013664.pdf]]></dc:identifier>
	<dc:format><dcterms:medium><![CDATA[text]]></dcterms:medium></dc:format>
</ags:resource>
<ags:resource ags:ARN="GB2015401430">
	<dc:title><![CDATA[The Economic Value of Industrial Minerals and Rocks for Developing Countries: A Discussion of Key Issues]]></dc:title>
	<dc:creator>
		<ags:creatorPersonal><![CDATA[Tetevi Bahun Wilson]]></ags:creatorPersonal>
		<ags:creatorPersonal><![CDATA[Voxi Heinrich Amavilah]]></ags:creatorPersonal>
	</dc:creator>
	<dc:identifier scheme="dcterms:URI"><![CDATA[oai:core.kmi.open.ac.uk:12012659]]></dc:identifier>
	<dc:identifier scheme="dcterms:URI"><![CDATA[http://core.kmi.open.ac.uk/download/pdf/12012659.pdf]]></dc:identifier>
	<dc:format><dcterms:medium><![CDATA[text]]></dcterms:medium></dc:format>
</ags:resource>
<ags:resource ags:ARN="GB2015401431">
	<dc:title><![CDATA[The Impact of Institutional Credit on Agricultural Production in Pakistan]]></dc:title>
	<dc:creator>
		<ags:creatorPersonal><![CDATA[Muhammad Iqbal]]></ags:creatorPersonal>
		<ags:creatorPersonal><![CDATA[Munir Ahmad]]></ags:creatorPersonal>
		<ags:creatorPersonal><![CDATA[Kalbe Abbas]]></ags:creatorPersonal>
	</dc:creator>
	<dc:identifier scheme="dcterms:URI"><![CDATA[http://core.kmi.open.ac.uk/download/pdf/12013431.pdf]]></dc:identifier>
	<dc:identifier scheme="dcterms:URI"><![CDATA[oai:core.kmi.open.ac.uk:12013431]]></dc:identifier>
	<dc:format><dcterms:medium><![CDATA[text]]></dcterms:medium></dc:format>
</ags:resource>
<ags:resource ags:ARN="GB2015401432">
	<dc:title><![CDATA[Die neoliberale Agrargesetzgebung in México, 1992-2005]]></dc:title>
	<dc:creator>
		<ags:creatorPersonal><![CDATA[Irma Lorena Acosta Reveles]]></ags:creatorPersonal>
	</dc:creator>
	<dc:date><dcterms:dateIssued><![CDATA[1992-2005]]></dcterms:dateIssued></dc:date>
	<dc:identifier scheme="dcterms:URI"><![CDATA[oai:core.kmi.open.ac.uk:12014129]]></dc:identifier>
	<dc:identifier scheme="dcterms:URI"><![CDATA[http://core.kmi.open.ac.uk/download/pdf/12014129.pdf]]></dc:identifier>
	<dc:format><dcterms:medium><![CDATA[text]]></dcterms:medium></dc:format>
</ags:resource>
<ags:resource ags:ARN="GB2015401433">
	<dc:title><![CDATA[The Application of Robust Regression to a Production Function Comparison – the Example of Swiss Corn]]></dc:title>
	<dc:creator>
		<ags:creatorPersonal><![CDATA[Robert Finger]]></ags:creatorPersonal>
		<ags:creatorPersonal><![CDATA[Werner Hediger]]></ags:creatorPersonal>
	</dc:creator>
	<dc:identifier scheme="dcterms:URI"><![CDATA[oai:core.kmi.open.ac.uk:12013957]]></dc:identifier>
	<dc:identifier scheme="dcterms:URI"><![CDATA[http://core.kmi.open.ac.uk/download/pdf/12013957.pdf]]></dc:identifier>
	<dc:format><dcterms:medium><![CDATA[text]]></dcterms:medium></dc:format>
</ags:resource>
<ags:resource ags:ARN="GB2015401434">
	<dc:title><![CDATA[Impact of Land Certification on Land Rental Market Participation in Tigray Region, Northern Ethiopia]]></dc:title>
	<dc:creator>
		<ags:creatorPersonal><![CDATA[David Boansi]]></ags:creatorPersonal>
		<ags:creatorPersonal><![CDATA[Christian Crentsil]]></ags:creatorPersonal>
	</dc:creator>
	<dc:identifier scheme="dcterms:URI"><![CDATA[http://core.kmi.open.ac.uk/download/pdf/12014193.pdf]]></dc:identifier>
	<dc:identifier scheme="dcterms:URI"><![CDATA[oai:core.kmi.open.ac.uk:12014193]]></dc:identifier>
	<dc:format><dcterms:medium><![CDATA[text]]></dcterms:medium></dc:format>
</ags:resource>
<ags:resource ags:ARN="GB2015401435">
	<dc:title><![CDATA[Environmental lobbying with imperfect monitoring of environmental quality]]></dc:title>
	<dc:creator>
		<ags:creatorPersonal><![CDATA[Agus Wijaya]]></ags:creatorPersonal>
	</dc:creator>
	<dc:identifier scheme="dcterms:URI"><![CDATA[http://core.kmi.open.ac.uk/download/pdf/12014274.pdf]]></dc:identifier>
	<dc:identifier scheme="dcterms:URI"><![CDATA[oai:core.kmi.open.ac.uk:12014274]]></dc:identifier>
	<dc:format><dcterms:medium><![CDATA[text]]></dcterms:medium></dc:format>
</ags:resource>
<ags:resource ags:ARN="GB2015401436">
	<dc:title><![CDATA[Reforming farmland and rangeland in Tharparkar: Suggested implementations for income generation]]></dc:title>
	<dc:creator>
		<ags:creatorPersonal><![CDATA[Gobind Herani]]></ags:creatorPersonal>
		<ags:creatorPersonal><![CDATA[Allah Wasayo Rajar]]></ags:creatorPersonal>
		<ags:creatorPersonal><![CDATA[Muhammad Ali Khaskheli]]></ags:creatorPersonal>
	</dc:creator>
	<dc:identifier scheme="dcterms:URI"><![CDATA[http://core.kmi.open.ac.uk/download/pdf/12014370.pdf]]></dc:identifier>
	<dc:identifier scheme="dcterms:URI"><![CDATA[oai:core.kmi.open.ac.uk:12014370]]></dc:identifier>
	<dc:format><dcterms:medium><![CDATA[text]]></dcterms:medium></dc:format>
</ags:resource>
<ags:resource ags:ARN="GB2015401437">
	<dc:title><![CDATA[The economics of U.S. ethanol import tariffs with a consumption mandate and tax credit]]></dc:title>
	<dc:creator>
		<ags:creatorPersonal><![CDATA[Harry de Gorter]]></ags:creatorPersonal>
		<ags:creatorPersonal><![CDATA[David R. Just]]></ags:creatorPersonal>
	</dc:creator>
	<dc:identifier scheme="dcterms:URI"><![CDATA[oai:core.kmi.open.ac.uk:12014353]]></dc:identifier>
	<dc:identifier scheme="dcterms:URI"><![CDATA[http://core.kmi.open.ac.uk/download/pdf/12014353.pdf]]></dc:identifier>
	<dc:format><dcterms:medium><![CDATA[text]]></dcterms:medium></dc:format>
</ags:resource>
<ags:resource ags:ARN="GB2015401438">
	<dc:title><![CDATA[Atlas of wooden furniture industry in Jepara, Indonesia]]></dc:title>
	<dc:creator>
		<ags:creatorPersonal><![CDATA[Jean-Marc Roda]]></ags:creatorPersonal>
		<ags:creatorPersonal><![CDATA[Philippe Cadène]]></ags:creatorPersonal>
		<ags:creatorPersonal><![CDATA[Philippe Guizol]]></ags:creatorPersonal>
		<ags:creatorPersonal><![CDATA[Levania Santoso]]></ags:creatorPersonal>
		<ags:creatorPersonal><![CDATA[Achmad Uzair Fauzan]]></ags:creatorPersonal>
	</dc:creator>
	<dc:identifier scheme="dcterms:URI"><![CDATA[http://core.kmi.open.ac.uk/download/pdf/12014569.pdf]]></dc:identifier>
	<dc:identifier scheme="dcterms:URI"><![CDATA[oai:core.kmi.open.ac.uk:12014569]]></dc:identifier>
	<dc:format><dcterms:medium><![CDATA[text]]></dcterms:medium></dc:format>
</ags:resource>
<ags:resource ags:ARN="GB2015401439">
	<dc:title><![CDATA[El asalariado agrícola en América Latina. Estado del conocimiento y propuesta de interpretación]]></dc:title>
	<dc:creator>
		<ags:creatorPersonal><![CDATA[Irma Lorena Acosta Reveles]]></ags:creatorPersonal>
	</dc:creator>
	<dc:identifier scheme="dcterms:URI"><![CDATA[http://core.kmi.open.ac.uk/download/pdf/12014695.pdf]]></dc:identifier>
	<dc:identifier scheme="dcterms:URI"><![CDATA[oai:core.kmi.open.ac.uk:12014695]]></dc:identifier>
	<dc:format><dcterms:medium><![CDATA[text]]></dcterms:medium></dc:format>
</ags:resource>
<ags:resource ags:ARN="GB2015401440">
	<dc:title><![CDATA[Wage and income differentials on the basis of gender in Indian agriculture]]></dc:title>
	<dc:creator>
		<ags:creatorPersonal><![CDATA[Adya Prasad P]]></ags:creatorPersonal>
		<ags:creatorPersonal><![CDATA[ey]]></ags:creatorPersonal>
		<ags:creatorPersonal><![CDATA[Shivesh Shivesh]]></ags:creatorPersonal>
	</dc:creator>
	<dc:identifier scheme="dcterms:URI"><![CDATA[oai:core.kmi.open.ac.uk:12014715]]></dc:identifier>
	<dc:identifier scheme="dcterms:URI"><![CDATA[http://core.kmi.open.ac.uk/download/pdf/12014715.pdf]]></dc:identifier>
	<dc:format><dcterms:medium><![CDATA[text]]></dcterms:medium></dc:format>
</ags:resource>
<ags:resource ags:ARN="GB2015401441">
	<dc:title><![CDATA[Ericulture as a Remedy of Rural Poverty in Assam: A Micro Level Study in Barpeta District]]></dc:title>
	<dc:creator>
		<ags:creatorPersonal><![CDATA[NURFITRIANA IKA]]></ags:creatorPersonal>
	</dc:creator>
	<dc:identifier scheme="dcterms:URI"><![CDATA[http://core.kmi.open.ac.uk/download/pdf/12014852.pdf]]></dc:identifier>
	<dc:identifier scheme="dcterms:URI"><![CDATA[oai:core.kmi.open.ac.uk:12014852]]></dc:identifier>
	<dc:format><dcterms:medium><![CDATA[text]]></dcterms:medium></dc:format>
</ags:resource>
<ags:resource ags:ARN="GB2015401442">
	<dc:title><![CDATA[FOCUSING THE BALTIC AGRICULTURAL SECTOR TOWARDS THE NEW CONSUMER: ESTONIA'S CASE]]></dc:title>
	<dc:creator>
		<ags:creatorPersonal><![CDATA[Tina Gornall]]></ags:creatorPersonal>
	</dc:creator>
	<dc:identifier scheme="dcterms:URI"><![CDATA[http://core.kmi.open.ac.uk/download/pdf/12014848.pdf]]></dc:identifier>
	<dc:identifier scheme="dcterms:URI"><![CDATA[oai:core.kmi.open.ac.uk:12014848]]></dc:identifier>
	<dc:format><dcterms:medium><![CDATA[text]]></dcterms:medium></dc:format>
</ags:resource>
<ags:resource ags:ARN="GB2015401443">
	<dc:title><![CDATA[Environment, Human Development and Economic Growth after Liberalisation: An Analysis of Indian States]]></dc:title>
	<dc:creator>
		<ags:creatorPersonal><![CDATA[Sacchidan]]></ags:creatorPersonal>
		<ags:creatorPersonal><![CDATA[a Mukherjee]]></ags:creatorPersonal>
		<ags:creatorPersonal><![CDATA[Debashis Chakraborty]]></ags:creatorPersonal>
	</dc:creator>
	<dc:identifier scheme="dcterms:URI"><![CDATA[http://core.kmi.open.ac.uk/download/pdf/12014968.pdf]]></dc:identifier>
	<dc:identifier scheme="dcterms:URI"><![CDATA[oai:core.kmi.open.ac.uk:12014968]]></dc:identifier>
	<dc:format><dcterms:medium><![CDATA[text]]></dcterms:medium></dc:format>
</ags:resource>
<ags:resource ags:ARN="GB2015401444">
	<dc:title><![CDATA[Who Does Bear the Costs of Compliance with Sanitary and Phytosanitary Measures in Poor Countries?]]></dc:title>
	<dc:creator>
		<ags:creatorPersonal><![CDATA[Mehdi Shafaeddin]]></ags:creatorPersonal>
	</dc:creator>
	<dc:identifier scheme="dcterms:URI"><![CDATA[http://core.kmi.open.ac.uk/download/pdf/12015076.pdf]]></dc:identifier>
	<dc:identifier scheme="dcterms:URI"><![CDATA[oai:core.kmi.open.ac.uk:12015076]]></dc:identifier>
	<dc:format><dcterms:medium><![CDATA[text]]></dcterms:medium></dc:format>
</ags:resource>
<ags:resource ags:ARN="GB2015401445">
	<dc:title><![CDATA[Oil and Challenges of Trade Policy Making In Sudan in a Globalizing Arena]]></dc:title>
	<dc:creator>
		<ags:creatorPersonal><![CDATA[Mehdi Shafaeddin]]></ags:creatorPersonal>
	</dc:creator>
	<dc:identifier scheme="dcterms:URI"><![CDATA[http://core.kmi.open.ac.uk/download/pdf/12015116.pdf]]></dc:identifier>
	<dc:identifier scheme="dcterms:URI"><![CDATA[oai:core.kmi.open.ac.uk:12015116]]></dc:identifier>
	<dc:format><dcterms:medium><![CDATA[text]]></dcterms:medium></dc:format>
</ags:resource>
<ags:resource ags:ARN="GB2015401446">
	<dc:title><![CDATA[Agriculture, Development and Urban Bias]]></dc:title>
	<dc:creator>
		<ags:creatorPersonal><![CDATA[Dirk J Bezemer]]></ags:creatorPersonal>
		<ags:creatorPersonal><![CDATA[Derek Headey]]></ags:creatorPersonal>
	</dc:creator>
	<dc:identifier scheme="dcterms:URI"><![CDATA[http://core.kmi.open.ac.uk/download/pdf/12015303.pdf]]></dc:identifier>
	<dc:identifier scheme="dcterms:URI"><![CDATA[oai:core.kmi.open.ac.uk:12015303]]></dc:identifier>
	<dc:format><dcterms:medium><![CDATA[text]]></dcterms:medium></dc:format>
</ags:resource>
<ags:resource ags:ARN="GB2015401447">
	<dc:title><![CDATA[Fisheries Management: A new Challenge to Sociology]]></dc:title>
	<dc:creator>
		<ags:creatorPersonal><![CDATA[António Moniz]]></ags:creatorPersonal>
	</dc:creator>
	<dc:identifier scheme="dcterms:URI"><![CDATA[http://core.kmi.open.ac.uk/download/pdf/12015211.pdf]]></dc:identifier>
	<dc:identifier scheme="dcterms:URI"><![CDATA[oai:core.kmi.open.ac.uk:12015211]]></dc:identifier>
	<dc:format><dcterms:medium><![CDATA[text]]></dcterms:medium></dc:format>
</ags:resource>
<ags:resource ags:ARN="GB2015401448">
	<dc:title><![CDATA[L’azienda agraria. Introduzione all’economia dell’unità di produzione agricola (REVIEW)]]></dc:title>
	<dc:creator>
		<ags:creatorPersonal><![CDATA[Antonio Sortino]]></ags:creatorPersonal>
	</dc:creator>
	<dc:identifier scheme="dcterms:URI"><![CDATA[http://core.kmi.open.ac.uk/download/pdf/12015437.pdf]]></dc:identifier>
	<dc:identifier scheme="dcterms:URI"><![CDATA[oai:core.kmi.open.ac.uk:12015437]]></dc:identifier>
	<dc:format><dcterms:medium><![CDATA[text]]></dcterms:medium></dc:format>
</ags:resource>
<ags:resource ags:ARN="GB2015401449">
	<dc:title><![CDATA[Coordination risk and cost impacts on economic development in poor rural areas]]></dc:title>
	<dc:creator>
		<ags:creatorPersonal><![CDATA[Andrew Dorward]]></ags:creatorPersonal>
		<ags:creatorPersonal><![CDATA[Jonathan Kydd]]></ags:creatorPersonal>
		<ags:creatorPersonal><![CDATA[Colin Poulton]]></ags:creatorPersonal>
		<ags:creatorPersonal><![CDATA[Dirk Bezemer]]></ags:creatorPersonal>
	</dc:creator>
	<dc:identifier scheme="dcterms:URI"><![CDATA[oai:core.kmi.open.ac.uk:12015305]]></dc:identifier>
	<dc:identifier scheme="dcterms:URI"><![CDATA[http://core.kmi.open.ac.uk/download/pdf/12015305.pdf]]></dc:identifier>
	<dc:format><dcterms:medium><![CDATA[text]]></dcterms:medium></dc:format>
</ags:resource>
<ags:resource ags:ARN="GB2015401450">
	<dc:title><![CDATA[Mujeres trabajadoras en el medio rural. Una aproximación a la agricultura mexicana]]></dc:title>
	<dc:creator>
		<ags:creatorPersonal><![CDATA[C. Justin Cook]]></ags:creatorPersonal>
	</dc:creator>
	<dc:identifier scheme="dcterms:URI"><![CDATA[http://core.kmi.open.ac.uk/download/pdf/12015511.pdf]]></dc:identifier>
	<dc:identifier scheme="dcterms:URI"><![CDATA[oai:core.kmi.open.ac.uk:12015511]]></dc:identifier>
	<dc:format><dcterms:medium><![CDATA[text]]></dcterms:medium></dc:format>
</ags:resource>
<ags:resource ags:ARN="GB2015401451">
	<dc:title><![CDATA[The future of modernized agriculture and the return of traditional techniques]]></dc:title>
	<dc:creator>
		<ags:creatorPersonal><![CDATA[Imre Ertsey]]></ags:creatorPersonal>
		<ags:creatorPersonal><![CDATA[Veronika Fenyves]]></ags:creatorPersonal>
		<ags:creatorPersonal><![CDATA[Szilvia Katona]]></ags:creatorPersonal>
		<ags:creatorPersonal><![CDATA[Sándor Kovács]]></ags:creatorPersonal>
		<ags:creatorPersonal><![CDATA[József Ákos Papdi]]></ags:creatorPersonal>
		<ags:creatorPersonal><![CDATA[Szilvia Szőke]]></ags:creatorPersonal>
	</dc:creator>
	<dc:identifier scheme="dcterms:URI"><![CDATA[oai:core.kmi.open.ac.uk:12015569]]></dc:identifier>
	<dc:identifier scheme="dcterms:URI"><![CDATA[http://core.kmi.open.ac.uk/download/pdf/12015569.pdf]]></dc:identifier>
	<dc:format><dcterms:medium><![CDATA[text]]></dcterms:medium></dc:format>
</ags:resource>
<ags:resource ags:ARN="GB2015401452">
	<dc:title><![CDATA[EXPORT POTENTIAL OF INDIA IN LIVESTOCK SECTOR: STRATEGY, PROSPECTS AND POLICY ISSUES]]></dc:title>
	<dc:creator>
		<ags:creatorPersonal><![CDATA[Balázs Gyenge]]></ags:creatorPersonal>
		<ags:creatorPersonal><![CDATA[Alex Arutyunjan]]></ags:creatorPersonal>
		<ags:creatorPersonal><![CDATA[Péter Badinszky]]></ags:creatorPersonal>
		<ags:creatorPersonal><![CDATA[Oszkár Bíró]]></ags:creatorPersonal>
		<ags:creatorPersonal><![CDATA[Attila Kovács]]></ags:creatorPersonal>
		<ags:creatorPersonal><![CDATA[Olga Markó]]></ags:creatorPersonal>
		<ags:creatorPersonal><![CDATA[László Ózsvári]]></ags:creatorPersonal>
		<ags:creatorPersonal><![CDATA[Viktória Tervey]]></ags:creatorPersonal>
	</dc:creator>
	<dc:identifier scheme="dcterms:URI"><![CDATA[oai:core.kmi.open.ac.uk:12015459]]></dc:identifier>
	<dc:identifier scheme="dcterms:URI"><![CDATA[http://core.kmi.open.ac.uk/download/pdf/12015459.pdf]]></dc:identifier>
	<dc:format><dcterms:medium><![CDATA[text]]></dcterms:medium></dc:format>
</ags:resource>
<ags:resource ags:ARN="GB2015401453">
	<dc:title><![CDATA[The relationship between farm size and productivity: empirical evidence from the Nepalese mid-hills]]></dc:title>
	<dc:creator>
		<ags:creatorPersonal><![CDATA[M. Pechrová]]></ags:creatorPersonal>
		<ags:creatorPersonal><![CDATA[E. Vlašicová]]></ags:creatorPersonal>
	</dc:creator>
	<dc:identifier scheme="dcterms:URI"><![CDATA[oai:core.kmi.open.ac.uk:12015624]]></dc:identifier>
	<dc:identifier scheme="dcterms:URI"><![CDATA[http://core.kmi.open.ac.uk/download/pdf/12015624.pdf]]></dc:identifier>
	<dc:format><dcterms:medium><![CDATA[text]]></dcterms:medium></dc:format>
</ags:resource>
<ags:resource ags:ARN="GB2015401454">
	<dc:title><![CDATA[National Revenue Funds: Their Efficacy for Fiscal Stability and Intergenerational Equity]]></dc:title>
	<dc:creator>
		<ags:creatorPersonal><![CDATA[Samuel Asfaha]]></ags:creatorPersonal>
	</dc:creator>
	<dc:identifier scheme="dcterms:URI"><![CDATA[oai:core.kmi.open.ac.uk:12015634]]></dc:identifier>
	<dc:identifier scheme="dcterms:URI"><![CDATA[http://core.kmi.open.ac.uk/download/pdf/12015634.pdf]]></dc:identifier>
	<dc:format><dcterms:medium><![CDATA[text]]></dcterms:medium></dc:format>
</ags:resource>
<ags:resource ags:ARN="GB2015401455">
	<dc:title><![CDATA[China’s New Development Strategy: Environment and Energy Security]]></dc:title>
	<dc:creator>
		<ags:creatorPersonal><![CDATA[Haider Khan]]></ags:creatorPersonal>
	</dc:creator>
	<dc:identifier scheme="dcterms:URI"><![CDATA[oai:core.kmi.open.ac.uk:12015625]]></dc:identifier>
	<dc:identifier scheme="dcterms:URI"><![CDATA[http://core.kmi.open.ac.uk/download/pdf/12015625.pdf]]></dc:identifier>
	<dc:format><dcterms:medium><![CDATA[text]]></dcterms:medium></dc:format>
</ags:resource>
<ags:resource ags:ARN="GB2015401456">
	<dc:title><![CDATA[Ecological Economics of Water in China: Towards A Strategy for Sustainable Development]]></dc:title>
	<dc:creator>
		<ags:creatorPersonal><![CDATA[Haider Khan]]></ags:creatorPersonal>
		<ags:creatorPersonal><![CDATA[Yibei Liu]]></ags:creatorPersonal>
	</dc:creator>
	<dc:identifier scheme="dcterms:URI"><![CDATA[oai:core.kmi.open.ac.uk:12015656]]></dc:identifier>
	<dc:identifier scheme="dcterms:URI"><![CDATA[http://core.kmi.open.ac.uk/download/pdf/12015656.pdf]]></dc:identifier>
	<dc:format><dcterms:medium><![CDATA[text]]></dcterms:medium></dc:format>
</ags:resource>
<ags:resource ags:ARN="GB2015401457">
	<dc:title><![CDATA[Re-visiting the Porter Hypothesis]]></dc:title>
	<dc:creator>
		<ags:creatorPersonal><![CDATA[Sahar Dalahmeh]]></ags:creatorPersonal>
	</dc:creator>
	<dc:identifier scheme="dcterms:URI"><![CDATA[oai:core.kmi.open.ac.uk:12015771]]></dc:identifier>
	<dc:identifier scheme="dcterms:URI"><![CDATA[http://core.kmi.open.ac.uk/download/pdf/12015771.pdf]]></dc:identifier>
	<dc:format><dcterms:medium><![CDATA[text]]></dcterms:medium></dc:format>
</ags:resource>
<ags:resource ags:ARN="GB2015401458">
	<dc:title><![CDATA[The Welfare Economics of an Excise-Tax Exemption for Biofuels]]></dc:title>
	<dc:creator>
		<ags:creatorPersonal><![CDATA[Harry de Gorter]]></ags:creatorPersonal>
		<ags:creatorPersonal><![CDATA[David R. Just]]></ags:creatorPersonal>
	</dc:creator>
	<dc:identifier scheme="dcterms:URI"><![CDATA[oai:core.kmi.open.ac.uk:12014160]]></dc:identifier>
	<dc:identifier scheme="dcterms:URI"><![CDATA[http://core.kmi.open.ac.uk/download/pdf/12014160.pdf]]></dc:identifier>
	<dc:format><dcterms:medium><![CDATA[text]]></dcterms:medium></dc:format>
</ags:resource>
<ags:resource ags:ARN="GB2015401459">
	<dc:title><![CDATA[Políticas públicas e expansão recente do agronegócio na fronteira agrícola do Brasil]]></dc:title>
	<dc:creator>
		<ags:creatorPersonal><![CDATA[Pedro Ivan Christoffoli]]></ags:creatorPersonal>
	</dc:creator>
	<dc:identifier scheme="dcterms:URI"><![CDATA[http://core.kmi.open.ac.uk/download/pdf/12012664.pdf]]></dc:identifier>
	<dc:identifier scheme="dcterms:URI"><![CDATA[oai:core.kmi.open.ac.uk:12012664]]></dc:identifier>
	<dc:format><dcterms:medium><![CDATA[text]]></dcterms:medium></dc:format>
</ags:resource>
<ags:resource ags:ARN="GB2015401460">
	<dc:title><![CDATA[Mergers, pollution and environmental policy]]></dc:title>
	<dc:creator>
		<ags:creatorPersonal><![CDATA[Francesco Contò]]></ags:creatorPersonal>
		<ags:creatorPersonal><![CDATA[Mariantonietta Fiore]]></ags:creatorPersonal>
		<ags:creatorPersonal><![CDATA[Anna Paola Antonazzo]]></ags:creatorPersonal>
		<ags:creatorPersonal><![CDATA[Piermichele La Sala]]></ags:creatorPersonal>
	</dc:creator>
	<dc:identifier scheme="dcterms:URI"><![CDATA[oai:core.kmi.open.ac.uk:12015772]]></dc:identifier>
	<dc:identifier scheme="dcterms:URI"><![CDATA[http://core.kmi.open.ac.uk/download/pdf/12015772.pdf]]></dc:identifier>
	<dc:format><dcterms:medium><![CDATA[text]]></dcterms:medium></dc:format>
</ags:resource>
<ags:resource ags:ARN="GB2015401461">
	<dc:title><![CDATA[The Impact of Climate Change on the Profitability of Site Specific Technologies]]></dc:title>
	<dc:creator>
		<ags:creatorPersonal><![CDATA[Robert Finger]]></ags:creatorPersonal>
		<ags:creatorPersonal><![CDATA[Claude N. Gerwig]]></ags:creatorPersonal>
	</dc:creator>
	<dc:identifier scheme="dcterms:URI"><![CDATA[oai:core.kmi.open.ac.uk:12013989]]></dc:identifier>
	<dc:identifier scheme="dcterms:URI"><![CDATA[http://core.kmi.open.ac.uk/download/pdf/12013989.pdf]]></dc:identifier>
	<dc:format><dcterms:medium><![CDATA[text]]></dcterms:medium></dc:format>
</ags:resource>
<ags:resource ags:ARN="GB2015401462">
	<dc:title><![CDATA[Adapting the Romanian rural economy to the European agricultural policy from the perspective of sustainable development]]></dc:title>
	<dc:creator>
		<ags:creatorPersonal><![CDATA[K.M. Singh]]></ags:creatorPersonal>
		<ags:creatorPersonal><![CDATA[R.K.P. Singh]]></ags:creatorPersonal>
		<ags:creatorPersonal><![CDATA[A.K. Jha]]></ags:creatorPersonal>
		<ags:creatorPersonal><![CDATA[Abhay Kumar]]></ags:creatorPersonal>
		<ags:creatorPersonal><![CDATA[Anjani Kumar]]></ags:creatorPersonal>
		<ags:creatorPersonal><![CDATA[M.S. Meena]]></ags:creatorPersonal>
	</dc:creator>
	<dc:identifier scheme="dcterms:URI"><![CDATA[oai:core.kmi.open.ac.uk:12015822]]></dc:identifier>
	<dc:identifier scheme="dcterms:URI"><![CDATA[http://core.kmi.open.ac.uk/download/pdf/12015822.pdf]]></dc:identifier>
	<dc:format><dcterms:medium><![CDATA[text]]></dcterms:medium></dc:format>
</ags:resource>
<ags:resource ags:ARN="GB2015401463">
	<dc:title><![CDATA[Was the Barrier to Labor Mobility an Important Factor for the Prewar Japanese Stagnation?]]></dc:title>
	<dc:creator>
		<ags:creatorPersonal><![CDATA[Shuhei Aoki]]></ags:creatorPersonal>
	</dc:creator>
	<dc:identifier scheme="dcterms:URI"><![CDATA[oai:core.kmi.open.ac.uk:12015936]]></dc:identifier>
	<dc:identifier scheme="dcterms:URI"><![CDATA[http://core.kmi.open.ac.uk/download/pdf/12015936.pdf]]></dc:identifier>
	<dc:format><dcterms:medium><![CDATA[text]]></dcterms:medium></dc:format>
</ags:resource>
<ags:resource ags:ARN="GB2015401464">
	<dc:title><![CDATA[The economic value of the Earth's resources]]></dc:title>
	<dc:creator>
		<ags:creatorPersonal><![CDATA[Graciela Chichilnisky]]></ags:creatorPersonal>
	</dc:creator>
	<dc:identifier scheme="dcterms:URI"><![CDATA[oai:core.kmi.open.ac.uk:12016125]]></dc:identifier>
	<dc:identifier scheme="dcterms:URI"><![CDATA[http://core.kmi.open.ac.uk/download/pdf/12016125.pdf]]></dc:identifier>
	<dc:format><dcterms:medium><![CDATA[text]]></dcterms:medium></dc:format>
</ags:resource>
<ags:resource ags:ARN="GB2015401465">
	<dc:title><![CDATA[Natural resources and institutions: the “natural resources curse” revisited]]></dc:title>
	<dc:creator>
		<ags:creatorPersonal><![CDATA[Argentino Pessoa]]></ags:creatorPersonal>
	</dc:creator>
	<dc:identifier scheme="dcterms:URI"><![CDATA[http://core.kmi.open.ac.uk/download/pdf/12016221.pdf]]></dc:identifier>
	<dc:identifier scheme="dcterms:URI"><![CDATA[oai:core.kmi.open.ac.uk:12016221]]></dc:identifier>
	<dc:format><dcterms:medium><![CDATA[text]]></dcterms:medium></dc:format>
</ags:resource>
<ags:resource ags:ARN="GB2015401466">
	<dc:title><![CDATA[Property rights and the dynamics of North-South trade, chapter 8]]></dc:title>
	<dc:creator>
		<ags:creatorPersonal><![CDATA[Graciela Chichilnisky]]></ags:creatorPersonal>
	</dc:creator>
	<dc:identifier scheme="dcterms:URI"><![CDATA[oai:core.kmi.open.ac.uk:12016142]]></dc:identifier>
	<dc:identifier scheme="dcterms:URI"><![CDATA[http://core.kmi.open.ac.uk/download/pdf/12016142.pdf]]></dc:identifier>
	<dc:format><dcterms:medium><![CDATA[text]]></dcterms:medium></dc:format>
</ags:resource>
<ags:resource ags:ARN="GB2015401467">
	<dc:title><![CDATA[EMERGENCE, ORGANIZATIONAL TRANSFORMATIONS, AND DECLINE OF THE PIQUETERO MOVEMENT: A COMPARATIVE INSTITUTIONAL EXPLANATION]]></dc:title>
	<dc:creator>
		<ags:creatorPersonal><![CDATA[ALDO PONCE]]></ags:creatorPersonal>
	</dc:creator>
	<dc:identifier scheme="dcterms:URI"><![CDATA[http://core.kmi.open.ac.uk/download/pdf/12016299.pdf]]></dc:identifier>
	<dc:identifier scheme="dcterms:URI"><![CDATA[oai:core.kmi.open.ac.uk:12016299]]></dc:identifier>
	<dc:format><dcterms:medium><![CDATA[text]]></dcterms:medium></dc:format>
</ags:resource>
<ags:resource ags:ARN="GB2015401468">
	<dc:title><![CDATA[Энергетическая стратегия России и развитие возобновляемой энергетики]]></dc:title>
	<dc:creator>
		<ags:creatorPersonal><![CDATA[Andrei Bazhanov]]></ags:creatorPersonal>
		<ags:creatorPersonal><![CDATA[Igor Tyukhov]]></ags:creatorPersonal>
	</dc:creator>
	<dc:identifier scheme="dcterms:URI"><![CDATA[http://core.kmi.open.ac.uk/download/pdf/12016334.pdf]]></dc:identifier>
	<dc:identifier scheme="dcterms:URI"><![CDATA[oai:core.kmi.open.ac.uk:12016334]]></dc:identifier>
	<dc:format><dcterms:medium><![CDATA[text]]></dcterms:medium></dc:format>
</ags:resource>
<ags:resource ags:ARN="GB2015401469">
	<dc:title><![CDATA[Industrial Upgrade, Adverse Employment Shock and Land Centralization]]></dc:title>
	<dc:creator>
		<ags:creatorPersonal><![CDATA[Jianghuai Zheng]]></ags:creatorPersonal>
		<ags:creatorPersonal><![CDATA[Chengsi Wang]]></ags:creatorPersonal>
		<ags:creatorPersonal><![CDATA[Shunfeng Song]]></ags:creatorPersonal>
	</dc:creator>
	<dc:identifier scheme="dcterms:URI"><![CDATA[oai:core.kmi.open.ac.uk:12016409]]></dc:identifier>
	<dc:identifier scheme="dcterms:URI"><![CDATA[http://core.kmi.open.ac.uk/download/pdf/12016409.pdf]]></dc:identifier>
	<dc:format><dcterms:medium><![CDATA[text]]></dcterms:medium></dc:format>
</ags:resource>
<ags:resource ags:ARN="GB2015401470">
	<dc:title><![CDATA[New challenges and opportunities for Italian exports of table wines and high quality wines]]></dc:title>
	<dc:creator>
		<ags:creatorPersonal><![CDATA[Sukanya Raghavan]]></ags:creatorPersonal>
	</dc:creator>
	<dc:identifier scheme="dcterms:URI"><![CDATA[http://core.kmi.open.ac.uk/download/pdf/12016285.pdf]]></dc:identifier>
	<dc:identifier scheme="dcterms:URI"><![CDATA[oai:core.kmi.open.ac.uk:12016285]]></dc:identifier>
	<dc:format><dcterms:medium><![CDATA[text]]></dcterms:medium></dc:format>
</ags:resource>
<ags:resource ags:ARN="GB2015401471">
	<dc:title><![CDATA[The Application of Robust Regression to a Production Function Comparison – the Example of Swiss Corn]]></dc:title>
	<dc:creator>
		<ags:creatorPersonal><![CDATA[Robert Finger]]></ags:creatorPersonal>
		<ags:creatorPersonal><![CDATA[Werner Hediger]]></ags:creatorPersonal>
	</dc:creator>
	<dc:identifier scheme="dcterms:URI"><![CDATA[oai:core.kmi.open.ac.uk:12016510]]></dc:identifier>
	<dc:identifier scheme="dcterms:URI"><![CDATA[http://core.kmi.open.ac.uk/download/pdf/12016510.pdf]]></dc:identifier>
	<dc:format><dcterms:medium><![CDATA[text]]></dcterms:medium></dc:format>
</ags:resource>
<ags:resource ags:ARN="GB2015401472">
	<dc:title><![CDATA[Many hands make hard work, or why agriculture is not a puzzle]]></dc:title>
	<dc:creator>
		<ags:creatorPersonal><![CDATA[Ricardo Andrés Guzmán]]></ags:creatorPersonal>
	</dc:creator>
	<dc:identifier scheme="dcterms:URI"><![CDATA[http://core.kmi.open.ac.uk/download/pdf/12016726.pdf]]></dc:identifier>
	<dc:identifier scheme="dcterms:URI"><![CDATA[oai:core.kmi.open.ac.uk:12016726]]></dc:identifier>
	<dc:format><dcterms:medium><![CDATA[text]]></dcterms:medium></dc:format>
</ags:resource>
<ags:resource ags:ARN="GB2015401473">
	<dc:title><![CDATA[Economic growth as the limiting factor for wildlife conservation]]></dc:title>
	<dc:creator>
		<ags:creatorPersonal><![CDATA[Venkatanarayana Motkuri]]></ags:creatorPersonal>
		<ags:creatorPersonal><![CDATA[Suresh Naik Veslawatha]]></ags:creatorPersonal>
	</dc:creator>
	<dc:identifier scheme="dcterms:URI"><![CDATA[oai:core.kmi.open.ac.uk:12016482]]></dc:identifier>
	<dc:identifier scheme="dcterms:URI"><![CDATA[http://core.kmi.open.ac.uk/download/pdf/12016482.pdf]]></dc:identifier>
	<dc:format><dcterms:medium><![CDATA[text]]></dcterms:medium></dc:format>
</ags:resource>
<ags:resource ags:ARN="GB2015401474">
	<dc:title><![CDATA[Determinants of Work Animal Density in Tamil Nadu: An Econometric Analysis]]></dc:title>
	<dc:creator>
		<ags:creatorPersonal><![CDATA[Syed Ali Raza]]></ags:creatorPersonal>
		<ags:creatorPersonal><![CDATA[Yasir Ali]]></ags:creatorPersonal>
		<ags:creatorPersonal><![CDATA[Farhan Mehboob]]></ags:creatorPersonal>
	</dc:creator>
	<dc:identifier scheme="dcterms:URI"><![CDATA[oai:core.kmi.open.ac.uk:12016737]]></dc:identifier>
	<dc:identifier scheme="dcterms:URI"><![CDATA[http://core.kmi.open.ac.uk/download/pdf/12016737.pdf]]></dc:identifier>
	<dc:format><dcterms:medium><![CDATA[text]]></dcterms:medium></dc:format>
</ags:resource>
<ags:resource ags:ARN="GB2015401475">
	<dc:title><![CDATA[Sustainable growth: The extraction-saving relationship]]></dc:title>
	<dc:creator>
		<ags:creatorPersonal><![CDATA[Andrei Bazhanov]]></ags:creatorPersonal>
	</dc:creator>
	<dc:identifier scheme="dcterms:URI"><![CDATA[oai:core.kmi.open.ac.uk:12016910]]></dc:identifier>
	<dc:identifier scheme="dcterms:URI"><![CDATA[http://core.kmi.open.ac.uk/download/pdf/12016910.pdf]]></dc:identifier>
	<dc:format><dcterms:medium><![CDATA[text]]></dcterms:medium></dc:format>
</ags:resource>
<ags:resource ags:ARN="GB2015401476">
	<dc:title><![CDATA[Distortions to Agricultural Incentives in Nigeria]]></dc:title>
	<dc:creator>
		<ags:creatorPersonal><![CDATA[Peter Walkenhorst]]></ags:creatorPersonal>
	</dc:creator>
	<dc:identifier scheme="dcterms:URI"><![CDATA[oai:core.kmi.open.ac.uk:12016995]]></dc:identifier>
	<dc:identifier scheme="dcterms:URI"><![CDATA[http://core.kmi.open.ac.uk/download/pdf/12016995.pdf]]></dc:identifier>
	<dc:format><dcterms:medium><![CDATA[text]]></dcterms:medium></dc:format>
</ags:resource>
<ags:resource ags:ARN="GB2015401477">
	<dc:title><![CDATA[Sustainable growth: Compatibility between criterion and the initial state]]></dc:title>
	<dc:creator>
		<ags:creatorPersonal><![CDATA[Andrei Bazhanov]]></ags:creatorPersonal>
	</dc:creator>
	<dc:identifier scheme="dcterms:URI"><![CDATA[oai:core.kmi.open.ac.uk:12016911]]></dc:identifier>
	<dc:identifier scheme="dcterms:URI"><![CDATA[http://core.kmi.open.ac.uk/download/pdf/12016911.pdf]]></dc:identifier>
	<dc:format><dcterms:medium><![CDATA[text]]></dcterms:medium></dc:format>
</ags:resource>
<ags:resource ags:ARN="GB2015401478">
	<dc:title><![CDATA[The environmental impact of globalization on Latin America: a prospective approach]]></dc:title>
	<dc:creator>
		<ags:creatorPersonal><![CDATA[Rene Schils]]></ags:creatorPersonal>
		<ags:creatorPersonal><![CDATA[Peter Kuikman]]></ags:creatorPersonal>
		<ags:creatorPersonal><![CDATA[Jari Liski]]></ags:creatorPersonal>
		<ags:creatorPersonal><![CDATA[Marcel Van Oijen]]></ags:creatorPersonal>
		<ags:creatorPersonal><![CDATA[Pete Smith]]></ags:creatorPersonal>
		<ags:creatorPersonal><![CDATA[Jim Webb]]></ags:creatorPersonal>
		<ags:creatorPersonal><![CDATA[Jukka Alm]]></ags:creatorPersonal>
		<ags:creatorPersonal><![CDATA[Zoltan Somogyi]]></ags:creatorPersonal>
		<ags:creatorPersonal><![CDATA[Jan Van den Akker]]></ags:creatorPersonal>
		<ags:creatorPersonal><![CDATA[Mike Billett]]></ags:creatorPersonal>
		<ags:creatorPersonal><![CDATA[Bridget Emmett]]></ags:creatorPersonal>
		<ags:creatorPersonal><![CDATA[Chris Evans]]></ags:creatorPersonal>
		<ags:creatorPersonal><![CDATA[Marcus Lindner]]></ags:creatorPersonal>
		<ags:creatorPersonal><![CDATA[Taru Palosuo]]></ags:creatorPersonal>
		<ags:creatorPersonal><![CDATA[Patricia Bellamy]]></ags:creatorPersonal>
		<ags:creatorPersonal><![CDATA[Robert J]]></ags:creatorPersonal>
		<ags:creatorPersonal><![CDATA[l]]></ags:creatorPersonal>
		<ags:creatorPersonal><![CDATA[Ronald Hiederer]]></ags:creatorPersonal>
	</dc:creator>
	<dc:identifier scheme="dcterms:URI"><![CDATA[oai:core.kmi.open.ac.uk:12016094]]></dc:identifier>
	<dc:identifier scheme="dcterms:URI"><![CDATA[http://core.kmi.open.ac.uk/download/pdf/12016094.pdf]]></dc:identifier>
	<dc:format><dcterms:medium><![CDATA[text]]></dcterms:medium></dc:format>
</ags:resource>
<ags:resource ags:ARN="GB2015401479">
	<dc:title><![CDATA[The Neolithic Revolution from a price-theoretic perspective]]></dc:title>
	<dc:creator>
		<ags:creatorPersonal><![CDATA[Ricardo Andrés Guzmán]]></ags:creatorPersonal>
	</dc:creator>
	<dc:identifier scheme="dcterms:URI"><![CDATA[http://core.kmi.open.ac.uk/download/pdf/12017003.pdf]]></dc:identifier>
	<dc:identifier scheme="dcterms:URI"><![CDATA[oai:core.kmi.open.ac.uk:12017003]]></dc:identifier>
	<dc:format><dcterms:medium><![CDATA[text]]></dcterms:medium></dc:format>
</ags:resource>
<ags:resource ags:ARN="GB2015401480">
	<dc:title><![CDATA[Do environmental regulations reduce greenhouse gas emissions? A study on Canadian industries]]></dc:title>
	<dc:creator>
		<ags:creatorPersonal><![CDATA[Golnaz Sedigh]]></ags:creatorPersonal>
	</dc:creator>
	<dc:identifier scheme="dcterms:URI"><![CDATA[oai:core.kmi.open.ac.uk:12016957]]></dc:identifier>
	<dc:identifier scheme="dcterms:URI"><![CDATA[http://core.kmi.open.ac.uk/download/pdf/12016957.pdf]]></dc:identifier>
	<dc:format><dcterms:medium><![CDATA[text]]></dcterms:medium></dc:format>
</ags:resource>
<ags:resource ags:ARN="GB2015401481">
	<dc:title><![CDATA[Knocked-down Agriculture After De-industrialization; Another Destructive Influence of Neo-liberalism]]></dc:title>
	<dc:creator>
		<ags:creatorPersonal><![CDATA[Mehdi Shafaeddin]]></ags:creatorPersonal>
	</dc:creator>
	<dc:identifier scheme="dcterms:URI"><![CDATA[oai:core.kmi.open.ac.uk:12017088]]></dc:identifier>
	<dc:identifier scheme="dcterms:URI"><![CDATA[http://core.kmi.open.ac.uk/download/pdf/12017088.pdf]]></dc:identifier>
	<dc:format><dcterms:medium><![CDATA[text]]></dcterms:medium></dc:format>
</ags:resource>
<ags:resource ags:ARN="GB2015401482">
	<dc:title><![CDATA[Trade and development in the 1980s]]></dc:title>
	<dc:creator>
		<ags:creatorPersonal><![CDATA[Graciela Chichilnisky]]></ags:creatorPersonal>
	</dc:creator>
	<dc:identifier scheme="dcterms:URI"><![CDATA[http://core.kmi.open.ac.uk/download/pdf/12015854.pdf]]></dc:identifier>
	<dc:identifier scheme="dcterms:URI"><![CDATA[oai:core.kmi.open.ac.uk:12015854]]></dc:identifier>
	<dc:format><dcterms:medium><![CDATA[text]]></dcterms:medium></dc:format>
</ags:resource>
<ags:resource ags:ARN="GB2015401483">
	<dc:title><![CDATA[Challenges for Food Security in Eritrea -- A Descriptive and Qualitative Analysis]]></dc:title>
	<dc:creator>
		<ags:creatorPersonal><![CDATA[Ravinder Rena]]></ags:creatorPersonal>
	</dc:creator>
	<dc:identifier scheme="dcterms:URI"><![CDATA[http://core.kmi.open.ac.uk/download/pdf/12017143.pdf]]></dc:identifier>
	<dc:identifier scheme="dcterms:URI"><![CDATA[oai:core.kmi.open.ac.uk:12017143]]></dc:identifier>
	<dc:format><dcterms:medium><![CDATA[text]]></dcterms:medium></dc:format>
</ags:resource>
<ags:resource ags:ARN="GB2015401484">
	<dc:title><![CDATA[La protección arancelaria al comercio agrícola mundial diez años después de la firma del acuerdo sobre agricultura de la Ronda Uruguay]]></dc:title>
	<dc:creator>
		<ags:creatorPersonal><![CDATA[R. Mahia]]></ags:creatorPersonal>
		<ags:creatorPersonal><![CDATA[Rafael de Arce]]></ags:creatorPersonal>
		<ags:creatorPersonal><![CDATA[Gonzalo Escribano]]></ags:creatorPersonal>
	</dc:creator>
	<dc:identifier scheme="dcterms:URI"><![CDATA[http://core.kmi.open.ac.uk/download/pdf/12017240.pdf]]></dc:identifier>
	<dc:identifier scheme="dcterms:URI"><![CDATA[oai:core.kmi.open.ac.uk:12017240]]></dc:identifier>
	<dc:format><dcterms:medium><![CDATA[text]]></dcterms:medium></dc:format>
</ags:resource>
<ags:resource ags:ARN="GB2015401485">
	<dc:title><![CDATA[WTO and Agriculture Trade Liberalization – A Focus on China]]></dc:title>
	<dc:creator>
		<ags:creatorPersonal><![CDATA[Ravinder Rena]]></ags:creatorPersonal>
	</dc:creator>
	<dc:identifier scheme="dcterms:URI"><![CDATA[http://core.kmi.open.ac.uk/download/pdf/12017149.pdf]]></dc:identifier>
	<dc:identifier scheme="dcterms:URI"><![CDATA[oai:core.kmi.open.ac.uk:12017149]]></dc:identifier>
	<dc:format><dcterms:medium><![CDATA[text]]></dcterms:medium></dc:format>
</ags:resource>
<ags:resource ags:ARN="GB2015401486">
	<dc:title><![CDATA[Agricultural productivity and trade: Argentina and the U.S.A.]]></dc:title>
	<dc:creator>
		<ags:creatorPersonal><![CDATA[Graciela Chichilnisky]]></ags:creatorPersonal>
		<ags:creatorPersonal><![CDATA[D. McLeod]]></ags:creatorPersonal>
	</dc:creator>
	<dc:identifier scheme="dcterms:URI"><![CDATA[oai:core.kmi.open.ac.uk:12015876]]></dc:identifier>
	<dc:identifier scheme="dcterms:URI"><![CDATA[http://core.kmi.open.ac.uk/download/pdf/12015876.pdf]]></dc:identifier>
	<dc:format><dcterms:medium><![CDATA[text]]></dcterms:medium></dc:format>
</ags:resource>
<ags:resource ags:ARN="GB2015401487">
	<dc:title><![CDATA[CHALLENGES FOR RESEARCH DEVELOPMENT IN ERITREA – SOME OBSERVATIONS]]></dc:title>
	<dc:creator>
		<ags:creatorPersonal><![CDATA[Ravinder Rena]]></ags:creatorPersonal>
	</dc:creator>
	<dc:identifier scheme="dcterms:URI"><![CDATA[http://core.kmi.open.ac.uk/download/pdf/12017290.pdf]]></dc:identifier>
	<dc:identifier scheme="dcterms:URI"><![CDATA[oai:core.kmi.open.ac.uk:12017290]]></dc:identifier>
	<dc:format><dcterms:medium><![CDATA[text]]></dcterms:medium></dc:format>
</ags:resource>
<ags:resource ags:ARN="GB2015401488">
	<dc:title><![CDATA[Green revolution: Indian agricultural experience – a paradigm for Eritrea]]></dc:title>
	<dc:creator>
		<ags:creatorPersonal><![CDATA[Ravinder Rena]]></ags:creatorPersonal>
	</dc:creator>
	<dc:identifier scheme="dcterms:URI"><![CDATA[oai:core.kmi.open.ac.uk:12017454]]></dc:identifier>
	<dc:identifier scheme="dcterms:URI"><![CDATA[http://core.kmi.open.ac.uk/download/pdf/12017454.pdf]]></dc:identifier>
	<dc:format><dcterms:medium><![CDATA[text]]></dcterms:medium></dc:format>
</ags:resource>
<ags:resource ags:ARN="GB2015401489">
	<dc:title><![CDATA[AGRICULTURE DEVELOPMENT AND FOOD SECURITY POLICY IN ERITREA - AN ANALYSIS]]></dc:title>
	<dc:creator>
		<ags:creatorPersonal><![CDATA[Ravinder Rena]]></ags:creatorPersonal>
	</dc:creator>
	<dc:identifier scheme="dcterms:URI"><![CDATA[oai:core.kmi.open.ac.uk:12017422]]></dc:identifier>
	<dc:identifier scheme="dcterms:URI"><![CDATA[http://core.kmi.open.ac.uk/download/pdf/12017422.pdf]]></dc:identifier>
	<dc:format><dcterms:medium><![CDATA[text]]></dcterms:medium></dc:format>
</ags:resource>
<ags:resource ags:ARN="GB2015401490">
	<dc:title><![CDATA[Agricultural insurances in Romania: present and future aspects]]></dc:title>
	<dc:creator>
		<ags:creatorPersonal><![CDATA[Narcis Eduard Mitu]]></ags:creatorPersonal>
	</dc:creator>
	<dc:identifier scheme="dcterms:URI"><![CDATA[http://core.kmi.open.ac.uk/download/pdf/12017408.pdf]]></dc:identifier>
	<dc:identifier scheme="dcterms:URI"><![CDATA[oai:core.kmi.open.ac.uk:12017408]]></dc:identifier>
	<dc:format><dcterms:medium><![CDATA[text]]></dcterms:medium></dc:format>
</ags:resource>
<ags:resource ags:ARN="GB2015401491">
	<dc:title><![CDATA[Choice of Crops and Employment Uncertainty in the Off-farm Labor Market]]></dc:title>
	<dc:creator>
		<ags:creatorPersonal><![CDATA[Erkan Erdogdu]]></ags:creatorPersonal>
	</dc:creator>
	<dc:identifier scheme="dcterms:URI"><![CDATA[oai:core.kmi.open.ac.uk:12017413]]></dc:identifier>
	<dc:identifier scheme="dcterms:URI"><![CDATA[http://core.kmi.open.ac.uk/download/pdf/12017413.pdf]]></dc:identifier>
	<dc:format><dcterms:medium><![CDATA[text]]></dcterms:medium></dc:format>
</ags:resource>
<ags:resource ags:ARN="GB2015401492">
	<dc:title><![CDATA[SOUTH-SOUTH REGIONALISM AND TRADE COOPERATION IN THE ASIA-PACIFIC REGION]]></dc:title>
	<dc:creator>
		<ags:creatorPersonal><![CDATA[Mehdi Shafaeddin]]></ags:creatorPersonal>
	</dc:creator>
	<dc:identifier scheme="dcterms:URI"><![CDATA[http://core.kmi.open.ac.uk/download/pdf/12017487.pdf]]></dc:identifier>
	<dc:identifier scheme="dcterms:URI"><![CDATA[oai:core.kmi.open.ac.uk:12017487]]></dc:identifier>
	<dc:format><dcterms:medium><![CDATA[text]]></dcterms:medium></dc:format>
</ags:resource>
<ags:resource ags:ARN="GB2015401493">
	<dc:title><![CDATA[Potential fishery industry activities and financial aspects of east Malaysian marine fisheries]]></dc:title>
	<dc:creator>
		<ags:creatorPersonal><![CDATA[Mohammad Samaun Safa]]></ags:creatorPersonal>
	</dc:creator>
	<dc:identifier scheme="dcterms:URI"><![CDATA[oai:core.kmi.open.ac.uk:12017488]]></dc:identifier>
	<dc:identifier scheme="dcterms:URI"><![CDATA[http://core.kmi.open.ac.uk/download/pdf/12017488.pdf]]></dc:identifier>
	<dc:format><dcterms:medium><![CDATA[text]]></dcterms:medium></dc:format>
</ags:resource>
<ags:resource ags:ARN="GB2015401494">
	<dc:title><![CDATA[The political Economy of WTO with special reference to NAMA Negotiations]]></dc:title>
	<dc:creator>
		<ags:creatorPersonal><![CDATA[Mehdi Shafaeddin]]></ags:creatorPersonal>
	</dc:creator>
	<dc:identifier scheme="dcterms:URI"><![CDATA[http://core.kmi.open.ac.uk/download/pdf/12017494.pdf]]></dc:identifier>
	<dc:identifier scheme="dcterms:URI"><![CDATA[oai:core.kmi.open.ac.uk:12017494]]></dc:identifier>
	<dc:format><dcterms:medium><![CDATA[text]]></dcterms:medium></dc:format>
</ags:resource>
<ags:resource ags:ARN="GB2015401495">
	<dc:title><![CDATA[Potentialities of new line planting technique of Enrichment planting in Peninsular Malaysia: A review of resource sustainability and economic feasibility]]></dc:title>
	<dc:creator>
		<ags:creatorPersonal><![CDATA[H D Upadhyaya]]></ags:creatorPersonal>
	</dc:creator>
	<dc:identifier scheme="dcterms:URI"><![CDATA[http://core.kmi.open.ac.uk/download/pdf/12017490.pdf]]></dc:identifier>
	<dc:identifier scheme="dcterms:URI"><![CDATA[oai:core.kmi.open.ac.uk:12017490]]></dc:identifier>
	<dc:format><dcterms:medium><![CDATA[text]]></dcterms:medium></dc:format>
</ags:resource>
<ags:resource ags:ARN="GB2015401496">
	<dc:title><![CDATA[Recurrence of a modified random walk and its application to an economic model]]></dc:title>
	<dc:creator>
		<ags:creatorPersonal><![CDATA[Stephen W. Salant]]></ags:creatorPersonal>
		<ags:creatorPersonal><![CDATA[Roberta S. Wenocur]]></ags:creatorPersonal>
	</dc:creator>
	<dc:identifier scheme="dcterms:URI"><![CDATA[oai:core.kmi.open.ac.uk:12017657]]></dc:identifier>
	<dc:identifier scheme="dcterms:URI"><![CDATA[http://core.kmi.open.ac.uk/download/pdf/12017657.pdf]]></dc:identifier>
	<dc:format><dcterms:medium><![CDATA[text]]></dcterms:medium></dc:format>
</ags:resource>
<ags:resource ags:ARN="GB2015401497">
	<dc:title><![CDATA[TRENDS AND DETERMINANTS OF POVERTY IN THE HORN OF AFRICA - SOME IMPLICATIONS]]></dc:title>
	<dc:creator>
		<ags:creatorPersonal><![CDATA[Ravinder Rena]]></ags:creatorPersonal>
	</dc:creator>
	<dc:identifier scheme="dcterms:URI"><![CDATA[http://core.kmi.open.ac.uk/download/pdf/12017638.pdf]]></dc:identifier>
	<dc:identifier scheme="dcterms:URI"><![CDATA[oai:core.kmi.open.ac.uk:12017638]]></dc:identifier>
	<dc:format><dcterms:medium><![CDATA[text]]></dcterms:medium></dc:format>
</ags:resource>
<ags:resource ags:ARN="GB2015401498">
	<dc:title><![CDATA[Enhancing productivity, efficiency and international competitiveness of indian economy]]></dc:title>
	<dc:creator>
		<ags:creatorPersonal><![CDATA[Ravinder Rena]]></ags:creatorPersonal>
	</dc:creator>
	<dc:identifier scheme="dcterms:URI"><![CDATA[oai:core.kmi.open.ac.uk:12017850]]></dc:identifier>
	<dc:identifier scheme="dcterms:URI"><![CDATA[http://core.kmi.open.ac.uk/download/pdf/12017850.pdf]]></dc:identifier>
	<dc:format><dcterms:medium><![CDATA[text]]></dcterms:medium></dc:format>
</ags:resource>
<ags:resource ags:ARN="GB2015401499">
	<dc:title><![CDATA[Wealth Distribution and the Provision of Public Goods: Evidence from the United States]]></dc:title>
	<dc:creator>
		<ags:creatorPersonal><![CDATA[Nobuhiko Fuwa]]></ags:creatorPersonal>
	</dc:creator>
	<dc:identifier scheme="dcterms:URI"><![CDATA[http://core.kmi.open.ac.uk/download/pdf/12017862.pdf]]></dc:identifier>
	<dc:identifier scheme="dcterms:URI"><![CDATA[oai:core.kmi.open.ac.uk:12017862]]></dc:identifier>
	<dc:format><dcterms:medium><![CDATA[text]]></dcterms:medium></dc:format>
</ags:resource>
</ags:resources>