<?xml version="1.0" encoding="UTF-8"?>
<!DOCTYPE ags:resources SYSTEM "http://purl.org/agmes/agrisap/dtd/">
<ags:resources xmlns:ags="http://purl.org/agmes/1.1/" xmlns:dc="http://purl.org/dc/elements/1.1/" xmlns:agls="http://www.naa.gov.au/recordkeeping/gov_online/agls/1.2" xmlns:dcterms="http://purl.org/dc/terms/">
<ags:resource ags:ARN="GB2015402600">
	<dc:title><![CDATA[SIKAP IBU RUMAH TANGGA PEDESAAN TERHADAP TANAMAN OBAT KELUARGA (TOGA) (Study Kasus di Desa Trasak Kecamatan Larangan Kabupaten Pamekasan)]]></dc:title>
	<dc:creator>
		<ags:creatorPersonal><![CDATA[YULYATIN YULYATIN]]></ags:creatorPersonal>
	</dc:creator>
	<dc:identifier scheme="dcterms:URI"><![CDATA[oai:core.kmi.open.ac.uk:12142854]]></dc:identifier>
	<dc:identifier scheme="dcterms:URI"><![CDATA[http://core.kmi.open.ac.uk/download/pdf/12142854.pdf]]></dc:identifier>
	<dc:format><dcterms:medium><![CDATA[text]]></dcterms:medium></dc:format>
</ags:resource>
<ags:resource ags:ARN="GB2015402601">
	<dc:title><![CDATA[PENGARUH PEMBERIAN JENIS PAKAN BERBEDA TERHADAP PERTUMBUHAN DAN SINTASAN IKAN BLACK GHOST (Apteronotus albifrons )]]></dc:title>
	<dc:creator>
		<ags:creatorPersonal><![CDATA[FERRY KURNIAWAN]]></ags:creatorPersonal>
	</dc:creator>
	<dc:identifier scheme="dcterms:URI"><![CDATA[oai:core.kmi.open.ac.uk:12142711]]></dc:identifier>
	<dc:identifier scheme="dcterms:URI"><![CDATA[http://core.kmi.open.ac.uk/download/pdf/12142711.pdf]]></dc:identifier>
	<dc:format><dcterms:medium><![CDATA[text]]></dcterms:medium></dc:format>
</ags:resource>
<ags:resource ags:ARN="GB2015402602">
	<dc:title><![CDATA[ANALISIS TINGKAT ADOPSI PETANI TERHADAP TEKNOLOGI BUDIDAYA JAGUNG HIBRIDA (Studi Kasus di Desa Tanjung Kamal Kecamatan Mangaran Kabupaten Situbondo)]]></dc:title>
	<dc:creator>
		<ags:creatorPersonal><![CDATA[HENDRO YUSDIANTO]]></ags:creatorPersonal>
	</dc:creator>
	<dc:identifier scheme="dcterms:URI"><![CDATA[http://core.kmi.open.ac.uk/download/pdf/12142762.pdf]]></dc:identifier>
	<dc:identifier scheme="dcterms:URI"><![CDATA[oai:core.kmi.open.ac.uk:12142762]]></dc:identifier>
	<dc:format><dcterms:medium><![CDATA[text]]></dcterms:medium></dc:format>
</ags:resource>
<ags:resource ags:ARN="GB2015402603">
	<dc:title><![CDATA[ANALISIS SISTEM PEMENUHAN BAHAN BAKU PADA HOME INDUSTRY  KRIPIK PISANG (Studi Pada Home Industry Warna Sari, Dahlia dan Devi Kabupaten Lombok Barat)]]></dc:title>
	<dc:creator>
		<ags:creatorPersonal><![CDATA[PATRICIA YOVI ANINDITA]]></ags:creatorPersonal>
	</dc:creator>
	<dc:identifier scheme="dcterms:URI"><![CDATA[oai:core.kmi.open.ac.uk:12142912]]></dc:identifier>
	<dc:identifier scheme="dcterms:URI"><![CDATA[http://core.kmi.open.ac.uk/download/pdf/12142912.pdf]]></dc:identifier>
	<dc:format><dcterms:medium><![CDATA[text]]></dcterms:medium></dc:format>
</ags:resource>
<ags:resource ags:ARN="GB2015402604">
	<dc:title><![CDATA[ANALISIS PEMASARAN SAYURAN KUBIS (Brassica Oleracea L.)DARI  BATU KE KALIMANTAN SELATAN]]></dc:title>
	<dc:creator>
		<ags:creatorPersonal><![CDATA[UMI KULSUM]]></ags:creatorPersonal>
	</dc:creator>
	<dc:identifier scheme="dcterms:URI"><![CDATA[oai:core.kmi.open.ac.uk:12142599]]></dc:identifier>
	<dc:identifier scheme="dcterms:URI"><![CDATA[http://core.kmi.open.ac.uk/download/pdf/12142599.pdf]]></dc:identifier>
	<dc:format><dcterms:medium><![CDATA[text]]></dcterms:medium></dc:format>
</ags:resource>
<ags:resource ags:ARN="GB2015402605">
	<dc:title><![CDATA[ANALISIS USAHA TANI KENTANG (Desa Gubug Klaka Kecamatan  Poncokusumo Kabupaten Malang)]]></dc:title>
	<dc:creator>
		<ags:creatorPersonal><![CDATA[Andi Widjayanto]]></ags:creatorPersonal>
	</dc:creator>
	<dc:identifier scheme="dcterms:URI"><![CDATA[oai:core.kmi.open.ac.uk:12142958]]></dc:identifier>
	<dc:identifier scheme="dcterms:URI"><![CDATA[http://core.kmi.open.ac.uk/download/pdf/12142958.pdf]]></dc:identifier>
	<dc:format><dcterms:medium><![CDATA[text]]></dcterms:medium></dc:format>
</ags:resource>
<ags:resource ags:ARN="GB2015402606">
	<dc:title><![CDATA[POLA DISTRIBUSI DAN PEMASARAN UBI KAYU DI KECAMATAN  PANGGUL KABUPATEN TRENGGALEK]]></dc:title>
	<dc:creator>
		<ags:creatorPersonal><![CDATA[PUJI LESTARI]]></ags:creatorPersonal>
	</dc:creator>
	<dc:identifier scheme="dcterms:URI"><![CDATA[http://core.kmi.open.ac.uk/download/pdf/12143845.pdf]]></dc:identifier>
	<dc:identifier scheme="dcterms:URI"><![CDATA[oai:core.kmi.open.ac.uk:12143845]]></dc:identifier>
	<dc:format><dcterms:medium><![CDATA[text]]></dcterms:medium></dc:format>
</ags:resource>
<ags:resource ags:ARN="GB2015402607">
	<dc:title><![CDATA[ANALISIS PRODUKTIFITAS TENAGA KERJA (Studi Kasus di Pabrik  Saos “Abang Bakso” di Desa Mojosongo Kecamatan Diwek Kabupaten Jombang)]]></dc:title>
	<dc:creator>
		<ags:creatorPersonal><![CDATA[M Ulil Fikri]]></ags:creatorPersonal>
	</dc:creator>
	<dc:identifier scheme="dcterms:URI"><![CDATA[oai:core.kmi.open.ac.uk:12143572]]></dc:identifier>
	<dc:identifier scheme="dcterms:URI"><![CDATA[http://core.kmi.open.ac.uk/download/pdf/12143572.pdf]]></dc:identifier>
	<dc:format><dcterms:medium><![CDATA[text]]></dcterms:medium></dc:format>
</ags:resource>
<ags:resource ags:ARN="GB2015402608">
	<dc:title><![CDATA[ALOKASI WAKTU DAN KONTRIBUSI  WANITA PEMETIK TEH  TERHADAP PENDAPATAN KELUARGA (Studi Di PT. Candi Loka  KebunTeh Jamus, Desa Girikerto,Kecamatan Sine, Kabupaten Ngawi)]]></dc:title>
	<dc:creator>
		<ags:creatorPersonal><![CDATA[Puji Tri Hastutik]]></ags:creatorPersonal>
	</dc:creator>
	<dc:identifier scheme="dcterms:URI"><![CDATA[http://core.kmi.open.ac.uk/download/pdf/12143750.pdf]]></dc:identifier>
	<dc:identifier scheme="dcterms:URI"><![CDATA[oai:core.kmi.open.ac.uk:12143750]]></dc:identifier>
	<dc:format><dcterms:medium><![CDATA[text]]></dcterms:medium></dc:format>
</ags:resource>
<ags:resource ags:ARN="GB2015402609">
	<dc:title><![CDATA[PENGARUH PENGGUNAAN JAGUNG (Zea mays) PADA PEMBUATAN SOSIS AYAM TERHADAP KADAR PROTEIN DAN TEKSTUR]]></dc:title>
	<dc:creator>
		<ags:creatorPersonal><![CDATA[RICKY YAKOB]]></ags:creatorPersonal>
	</dc:creator>
	<dc:identifier scheme="dcterms:URI"><![CDATA[oai:core.kmi.open.ac.uk:12142950]]></dc:identifier>
	<dc:identifier scheme="dcterms:URI"><![CDATA[http://core.kmi.open.ac.uk/download/pdf/12142950.pdf]]></dc:identifier>
	<dc:format><dcterms:medium><![CDATA[text]]></dcterms:medium></dc:format>
</ags:resource>
<ags:resource ags:ARN="GB2015402610">
	<dc:title><![CDATA[PENGARUH PENGGUNAAN LABU MERAH (Cucurbita moschata) TERHADAP KADAR LEMAK DAN KUALITAS ORGANOLEPTIK SOSIS AYAM]]></dc:title>
	<dc:creator>
		<ags:creatorPersonal><![CDATA[AGUS TRIYONO HARIYADI]]></ags:creatorPersonal>
	</dc:creator>
	<dc:identifier scheme="dcterms:URI"><![CDATA[oai:core.kmi.open.ac.uk:12143821]]></dc:identifier>
	<dc:identifier scheme="dcterms:URI"><![CDATA[http://core.kmi.open.ac.uk/download/pdf/12143821.pdf]]></dc:identifier>
	<dc:format><dcterms:medium><![CDATA[text]]></dcterms:medium></dc:format>
</ags:resource>
<ags:resource ags:ARN="GB2015402611">
	<dc:title><![CDATA[Kajian Metode dan Kendala Penyuluhan Pertanian di Kecamatan Dau Kabupaten Malang]]></dc:title>
	<dc:creator>
		<ags:creatorPersonal><![CDATA[Abdus Syakur]]></ags:creatorPersonal>
	</dc:creator>
	<dc:identifier scheme="dcterms:URI"><![CDATA[oai:core.kmi.open.ac.uk:12143961]]></dc:identifier>
	<dc:identifier scheme="dcterms:URI"><![CDATA[http://core.kmi.open.ac.uk/download/pdf/12143961.pdf]]></dc:identifier>
	<dc:format><dcterms:medium><![CDATA[text]]></dcterms:medium></dc:format>
</ags:resource>
<ags:resource ags:ARN="GB2015402612">
	<dc:title><![CDATA[PETA DISTRIBUSI DAN SALURAN PEMASARAN BERBAGAI JENIS PISANG DI KABUPATEN MALANG]]></dc:title>
	<dc:creator>
		<ags:creatorPersonal><![CDATA[Marliahaena Suradinarta]]></ags:creatorPersonal>
	</dc:creator>
	<dc:identifier scheme="dcterms:URI"><![CDATA[http://core.kmi.open.ac.uk/download/pdf/12144048.pdf]]></dc:identifier>
	<dc:identifier scheme="dcterms:URI"><![CDATA[oai:core.kmi.open.ac.uk:12144048]]></dc:identifier>
	<dc:format><dcterms:medium><![CDATA[text]]></dcterms:medium></dc:format>
</ags:resource>
<ags:resource ags:ARN="GB2015402613">
	<dc:title><![CDATA[KAJIAN SOSIAL EKONOMI RUMAH TANGGA NELAYAN KECIL DI DESA  PACIRAN KECAMATAN PACIRAN KABUPATEN LAMONGAN]]></dc:title>
	<dc:creator>
		<ags:creatorPersonal><![CDATA[Mudhofir Mudhofir]]></ags:creatorPersonal>
	</dc:creator>
	<dc:identifier scheme="dcterms:URI"><![CDATA[oai:core.kmi.open.ac.uk:12144060]]></dc:identifier>
	<dc:identifier scheme="dcterms:URI"><![CDATA[http://core.kmi.open.ac.uk/download/pdf/12144060.pdf]]></dc:identifier>
	<dc:format><dcterms:medium><![CDATA[text]]></dcterms:medium></dc:format>
</ags:resource>
<ags:resource ags:ARN="GB2015402614">
	<dc:title><![CDATA[ANALISIS KOMPARATIF BIAYA, PENERIMAAN DAN KEUNTUNGAN  USAHA EMPING DAN PATI GARUT ( Studi kasus di Desa Ngasem  Kecamatan Ngasem Kabupaten Bojonegoro)]]></dc:title>
	<dc:creator>
		<ags:creatorPersonal><![CDATA[Priyo Suwiknyo]]></ags:creatorPersonal>
	</dc:creator>
	<dc:identifier scheme="dcterms:URI"><![CDATA[http://core.kmi.open.ac.uk/download/pdf/12143992.pdf]]></dc:identifier>
	<dc:identifier scheme="dcterms:URI"><![CDATA[oai:core.kmi.open.ac.uk:12143992]]></dc:identifier>
	<dc:format><dcterms:medium><![CDATA[text]]></dcterms:medium></dc:format>
</ags:resource>
<ags:resource ags:ARN="GB2015402615">
	<dc:title><![CDATA[ANALISIS USAHA PENGOLAHAN SAMPAH ORGANIK MENJADI PUPUK  KOMPOS DI TPA DINAS KEBERSIHAN DAN PERTAMANAN KOTA BATU]]></dc:title>
	<dc:creator>
		<ags:creatorPersonal><![CDATA[Wahyu Setyo Wicaksono]]></ags:creatorPersonal>
	</dc:creator>
	<dc:identifier scheme="dcterms:URI"><![CDATA[oai:core.kmi.open.ac.uk:12144356]]></dc:identifier>
	<dc:identifier scheme="dcterms:URI"><![CDATA[http://core.kmi.open.ac.uk/download/pdf/12144356.pdf]]></dc:identifier>
	<dc:format><dcterms:medium><![CDATA[text]]></dcterms:medium></dc:format>
</ags:resource>
<ags:resource ags:ARN="GB2015402616">
	<dc:title><![CDATA[ANALISIS KOMPARATIF USAHA TANI PADI HIBRIDA DAN PADI NON  HIBRIDA (Studi Kasus di Desa belung Kecamatan Poncokusumo  Kabupaten Malang)]]></dc:title>
	<dc:creator>
		<ags:creatorPersonal><![CDATA[ANANG MASLUKHIN]]></ags:creatorPersonal>
	</dc:creator>
	<dc:identifier scheme="dcterms:URI"><![CDATA[http://core.kmi.open.ac.uk/download/pdf/12144531.pdf]]></dc:identifier>
	<dc:identifier scheme="dcterms:URI"><![CDATA[oai:core.kmi.open.ac.uk:12144531]]></dc:identifier>
	<dc:format><dcterms:medium><![CDATA[text]]></dcterms:medium></dc:format>
</ags:resource>
<ags:resource ags:ARN="GB2015402617">
	<dc:title><![CDATA[ANALISIS KETERSEDIAAN PANGAN SUMBER KARBOHIDRAT DI KOTA MALANG]]></dc:title>
	<dc:creator>
		<ags:creatorPersonal><![CDATA[INDRA MASLUKAH]]></ags:creatorPersonal>
	</dc:creator>
	<dc:identifier scheme="dcterms:URI"><![CDATA[http://core.kmi.open.ac.uk/download/pdf/12144526.pdf]]></dc:identifier>
	<dc:identifier scheme="dcterms:URI"><![CDATA[oai:core.kmi.open.ac.uk:12144526]]></dc:identifier>
	<dc:format><dcterms:medium><![CDATA[text]]></dcterms:medium></dc:format>
</ags:resource>
<ags:resource ags:ARN="GB2015402618">
	<dc:title><![CDATA[STRUKTUR BIAYA DAN PENDAPATAN USAHA TAMBAK UDANG PUTIH (Litopenaeus vannamei)(Studi Kasus di Desa Margosuko Kecamatan Bancar Kabupaten Tuban)]]></dc:title>
	<dc:creator>
		<ags:creatorPersonal><![CDATA[SYIHABUDDIN SYIHABUDDIN]]></ags:creatorPersonal>
	</dc:creator>
	<dc:identifier scheme="dcterms:URI"><![CDATA[oai:core.kmi.open.ac.uk:12144759]]></dc:identifier>
	<dc:identifier scheme="dcterms:URI"><![CDATA[http://core.kmi.open.ac.uk/download/pdf/12144759.pdf]]></dc:identifier>
	<dc:format><dcterms:medium><![CDATA[text]]></dcterms:medium></dc:format>
</ags:resource>
<ags:resource ags:ARN="GB2015402619">
	<dc:title><![CDATA[FORMULASI RASIO GARAM DAN BAWANG PUTIH (Allium Sativum L) TERHADAP KUALITAS TELUR ASIN RASA BAWANG PUTIH]]></dc:title>
	<dc:creator>
		<ags:creatorPersonal><![CDATA[SULIYANI SULIYANI]]></ags:creatorPersonal>
	</dc:creator>
	<dc:identifier scheme="dcterms:URI"><![CDATA[http://core.kmi.open.ac.uk/download/pdf/12144985.pdf]]></dc:identifier>
	<dc:identifier scheme="dcterms:URI"><![CDATA[oai:core.kmi.open.ac.uk:12144985]]></dc:identifier>
	<dc:format><dcterms:medium><![CDATA[text]]></dcterms:medium></dc:format>
</ags:resource>
<ags:resource ags:ARN="GB2015402620">
	<dc:title><![CDATA[ANALISIS USAHA TANI BERAS MERAH (Studi Kasus di Desa Pada jaya Kecamatan Jampang Kulon Kabupaten Sukabumi)]]></dc:title>
	<dc:creator>
		<ags:creatorPersonal><![CDATA[FAJAR MUSTAQIM]]></ags:creatorPersonal>
	</dc:creator>
	<dc:identifier scheme="dcterms:URI"><![CDATA[oai:core.kmi.open.ac.uk:12144999]]></dc:identifier>
	<dc:identifier scheme="dcterms:URI"><![CDATA[http://core.kmi.open.ac.uk/download/pdf/12144999.pdf]]></dc:identifier>
	<dc:format><dcterms:medium><![CDATA[text]]></dcterms:medium></dc:format>
</ags:resource>
<ags:resource ags:ARN="GB2015402621">
	<dc:title><![CDATA[“ANALISA TREND DAN PERILAKU KONSUMEN JAMUR TIRAM PUTIH  (Pleurotus floridae) di CV. AGARICUS SIDO MAKMUR SENTOSA  (ASIMAS) BEDALI – LAWANG KABUPATEN MALANG”]]></dc:title>
	<dc:creator>
		<ags:creatorPersonal><![CDATA[IMAM SUROSO]]></ags:creatorPersonal>
	</dc:creator>
	<dc:identifier scheme="dcterms:URI"><![CDATA[oai:core.kmi.open.ac.uk:12144949]]></dc:identifier>
	<dc:identifier scheme="dcterms:URI"><![CDATA[http://core.kmi.open.ac.uk/download/pdf/12144949.pdf]]></dc:identifier>
	<dc:format><dcterms:medium><![CDATA[text]]></dcterms:medium></dc:format>
</ags:resource>
<ags:resource ags:ARN="GB2015402622">
	<dc:title><![CDATA[DIVERSIFIKASI TANAMAN PANGAN BERBASIS KEARIFAN LOKAL (Studi Kasus di Desa Begadung Kecamatan Nganjuk)]]></dc:title>
	<dc:creator>
		<ags:creatorPersonal><![CDATA[Dwi Maharianto]]></ags:creatorPersonal>
	</dc:creator>
	<dc:identifier scheme="dcterms:URI"><![CDATA[http://core.kmi.open.ac.uk/download/pdf/12145049.pdf]]></dc:identifier>
	<dc:identifier scheme="dcterms:URI"><![CDATA[oai:core.kmi.open.ac.uk:12145049]]></dc:identifier>
	<dc:format><dcterms:medium><![CDATA[text]]></dcterms:medium></dc:format>
</ags:resource>
<ags:resource ags:ARN="GB2015402623">
	<dc:title><![CDATA[ANALISIS CURAHAN JAM KERJA DAN PENDAPATAN RUMAH TANGGA PADA PENDERES KARET DI PTPN XII ZEELANDIA JEMBER (Studi pada PTPN XII Zeelandia di Ds. Kramat Sukoharjo Kec. Tanggul Jember)]]></dc:title>
	<dc:creator>
		<ags:creatorPersonal><![CDATA[MOCHAMMAD SYAMSUL ARIFIN]]></ags:creatorPersonal>
	</dc:creator>
	<dc:identifier scheme="dcterms:URI"><![CDATA[oai:core.kmi.open.ac.uk:12144774]]></dc:identifier>
	<dc:identifier scheme="dcterms:URI"><![CDATA[http://core.kmi.open.ac.uk/download/pdf/12144774.pdf]]></dc:identifier>
	<dc:format><dcterms:medium><![CDATA[text]]></dcterms:medium></dc:format>
</ags:resource>
<ags:resource ags:ARN="GB2015402624">
	<dc:title><![CDATA[DINAMIKA KELOMPOK TANI DI DESA TORONGREJO KECAMATAN JUNREJO KOTA BATU]]></dc:title>
	<dc:creator>
		<ags:creatorPersonal><![CDATA[Dwi Mifta Kharolina]]></ags:creatorPersonal>
	</dc:creator>
	<dc:identifier scheme="dcterms:URI"><![CDATA[http://core.kmi.open.ac.uk/download/pdf/12145269.pdf]]></dc:identifier>
	<dc:identifier scheme="dcterms:URI"><![CDATA[oai:core.kmi.open.ac.uk:12145269]]></dc:identifier>
	<dc:format><dcterms:medium><![CDATA[text]]></dcterms:medium></dc:format>
</ags:resource>
<ags:resource ags:ARN="GB2015402625">
	<dc:title><![CDATA[HUBUNGAN TINGKAT SOSIAL EKONOMI PETANI DENGAN PENERAPAN TEKNOLOGI PENGENDALIAN HAMA TERPADU TANAMAN PADI SAWAH (Oryza sativa L.) (Studi Kasus Pada Kelompok Mitra Tani di Desa Cikadu Kecamatan Kadugede Kabupaten Kuningan)]]></dc:title>
	<dc:creator>
		<ags:creatorPersonal><![CDATA[NOVI SUGESTI]]></ags:creatorPersonal>
	</dc:creator>
	<dc:identifier scheme="dcterms:URI"><![CDATA[http://core.kmi.open.ac.uk/download/pdf/12145073.pdf]]></dc:identifier>
	<dc:identifier scheme="dcterms:URI"><![CDATA[oai:core.kmi.open.ac.uk:12145073]]></dc:identifier>
	<dc:format><dcterms:medium><![CDATA[text]]></dcterms:medium></dc:format>
</ags:resource>
<ags:resource ags:ARN="GB2015402626">
	<dc:title><![CDATA[PROSPEK PENGEMBANGAN INDUSTRI  MENENGAH ANEKA OLAHAN  TEMPE (Studi Kasus pada Industri Menengah Milik Bu Noer di  Kota Malang)]]></dc:title>
	<dc:creator>
		<ags:creatorPersonal><![CDATA[SRI NELTY OVISA]]></ags:creatorPersonal>
	</dc:creator>
	<dc:identifier scheme="dcterms:URI"><![CDATA[http://core.kmi.open.ac.uk/download/pdf/12145517.pdf]]></dc:identifier>
	<dc:identifier scheme="dcterms:URI"><![CDATA[oai:core.kmi.open.ac.uk:12145517]]></dc:identifier>
	<dc:format><dcterms:medium><![CDATA[text]]></dcterms:medium></dc:format>
</ags:resource>
<ags:resource ags:ARN="GB2015402627">
	<dc:title><![CDATA[ANALISIS STRUKTUR  BIAYA DAN PENERIMAAN SAYURAN BROKOLI  DI TINGKAT PETANI (Studi Kasus di Desa Sumbergondo Kecamatan  Bumiaji Kota Batu)]]></dc:title>
	<dc:creator>
		<ags:creatorPersonal><![CDATA[Silviya Marich P]]></ags:creatorPersonal>
	</dc:creator>
	<dc:identifier scheme="dcterms:URI"><![CDATA[http://core.kmi.open.ac.uk/download/pdf/12145174.pdf]]></dc:identifier>
	<dc:identifier scheme="dcterms:URI"><![CDATA[oai:core.kmi.open.ac.uk:12145174]]></dc:identifier>
	<dc:format><dcterms:medium><![CDATA[text]]></dcterms:medium></dc:format>
</ags:resource>
<ags:resource ags:ARN="GB2015402628">
	<dc:title><![CDATA[ANALISIS KELAYAKAN INVESTASI  PENAMBAHAN MESIN PRODUKSI  PADA PERUSAHAAN PUPUK CV.PUTRA HK PERKASA SEBAGAI  UPAYA UNTUK MEMENUHI KEBUTUHAN PUPUK PARA PETANI]]></dc:title>
	<dc:creator>
		<ags:creatorPersonal><![CDATA[IKHSANUN NUFUSI]]></ags:creatorPersonal>
	</dc:creator>
	<dc:identifier scheme="dcterms:URI"><![CDATA[oai:core.kmi.open.ac.uk:12145635]]></dc:identifier>
	<dc:identifier scheme="dcterms:URI"><![CDATA[http://core.kmi.open.ac.uk/download/pdf/12145635.pdf]]></dc:identifier>
	<dc:format><dcterms:medium><![CDATA[text]]></dcterms:medium></dc:format>
</ags:resource>
<ags:resource ags:ARN="GB2015402629">
	<dc:title><![CDATA[PENGARUH KREDIBILITAS PENYIAR TERHADAP MINAT MASYARAKAT BATU DALAM MENYAKSIKAN PROGRAM ACARA DIALOG INTERAKTIF SEPUTAR PERTANIAN DI STASIUN TELEVISI AGROPOLITAN TELEVISI (ATV) (Studi Pada Masyarakat Desa Punten Kecamatan Bumiaji Kota Batu)]]></dc:title>
	<dc:creator>
		<ags:creatorPersonal><![CDATA[WAHYUDIN NUCH]]></ags:creatorPersonal>
	</dc:creator>
	<dc:identifier scheme="dcterms:URI"><![CDATA[oai:core.kmi.open.ac.uk:12145633]]></dc:identifier>
	<dc:identifier scheme="dcterms:URI"><![CDATA[http://core.kmi.open.ac.uk/download/pdf/12145633.pdf]]></dc:identifier>
	<dc:format><dcterms:medium><![CDATA[text]]></dcterms:medium></dc:format>
</ags:resource>
<ags:resource ags:ARN="GB2015402630">
	<dc:title><![CDATA[ANALISIS INTEGRASI HULU-HILIR PADA AGRIBISNIS SINGKONG DI  KABUPATEN PONOROGO]]></dc:title>
	<dc:creator>
		<ags:creatorPersonal><![CDATA[Bambang Rian Minarso]]></ags:creatorPersonal>
	</dc:creator>
	<dc:identifier scheme="dcterms:URI"><![CDATA[http://core.kmi.open.ac.uk/download/pdf/12146107.pdf]]></dc:identifier>
	<dc:identifier scheme="dcterms:URI"><![CDATA[oai:core.kmi.open.ac.uk:12146107]]></dc:identifier>
	<dc:format><dcterms:medium><![CDATA[text]]></dcterms:medium></dc:format>
</ags:resource>
<ags:resource ags:ARN="GB2015402631">
	<dc:title><![CDATA[ANALISIS PRODUKTIVITAS TENAGA KERJA PEMANEN KELAPA SAWIT PADA PT. PERKEBUNAN BINANGA MANDALA DI KABUPATEN LABUHAN BATU PROPINSI SUMATRA UTARA]]></dc:title>
	<dc:creator>
		<ags:creatorPersonal><![CDATA[Kanti Rahayu]]></ags:creatorPersonal>
	</dc:creator>
	<dc:identifier scheme="dcterms:URI"><![CDATA[oai:core.kmi.open.ac.uk:12146243]]></dc:identifier>
	<dc:identifier scheme="dcterms:URI"><![CDATA[http://core.kmi.open.ac.uk/download/pdf/12146243.pdf]]></dc:identifier>
	<dc:format><dcterms:medium><![CDATA[text]]></dcterms:medium></dc:format>
</ags:resource>
<ags:resource ags:ARN="GB2015402632">
	<dc:title><![CDATA[Dampak Berdirinya Perkebunan Kelapa Sawit (Elaeis guineensis jack) Terhadap Kondisi Sosial Ekonomi Masyarakat (Studi Kasus Pada Desa Kabuau, Kecamatan Parenggean, Kabupaten Kotawaringin Timur, Propinsi Kalimantan Tengah)]]></dc:title>
	<dc:creator>
		<ags:creatorPersonal><![CDATA[Rusmawardi Rusmawardi]]></ags:creatorPersonal>
	</dc:creator>
	<dc:identifier scheme="dcterms:URI"><![CDATA[oai:core.kmi.open.ac.uk:12145950]]></dc:identifier>
	<dc:identifier scheme="dcterms:URI"><![CDATA[http://core.kmi.open.ac.uk/download/pdf/12145950.pdf]]></dc:identifier>
	<dc:format><dcterms:medium><![CDATA[text]]></dcterms:medium></dc:format>
</ags:resource>
<ags:resource ags:ARN="GB2015402633">
	<dc:title><![CDATA[FAKTOR-FAKTOR YANG MEMPENGARUHI PRODUKSI CABE JAMU (Piper Rectrofactum Vahl) DI KABUPATEN SUMENEP MADURA (Studi  Kasus di desa Pekandangan Sangra Kecamatan Bluto Sumenep)]]></dc:title>
	<dc:creator>
		<ags:creatorPersonal><![CDATA[DWI DEDDY TRISTANTO]]></ags:creatorPersonal>
	</dc:creator>
	<dc:identifier scheme="dcterms:URI"><![CDATA[http://core.kmi.open.ac.uk/download/pdf/12145768.pdf]]></dc:identifier>
	<dc:identifier scheme="dcterms:URI"><![CDATA[oai:core.kmi.open.ac.uk:12145768]]></dc:identifier>
	<dc:format><dcterms:medium><![CDATA[text]]></dcterms:medium></dc:format>
</ags:resource>
<ags:resource ags:ARN="GB2015402634">
	<dc:title><![CDATA[PENGARUH KEMATANGAN KERJA KARYAWAN TERHADAP  PRODUKTIVITAS KERJA KARYAWAN BAGIAN PRODUKSI (Studi Kasus  PR. HF PRIMA MALANG)]]></dc:title>
	<dc:creator>
		<ags:creatorPersonal><![CDATA[Ridwan Nova]]></ags:creatorPersonal>
	</dc:creator>
	<dc:identifier scheme="dcterms:URI"><![CDATA[oai:core.kmi.open.ac.uk:12146330]]></dc:identifier>
	<dc:identifier scheme="dcterms:URI"><![CDATA[http://core.kmi.open.ac.uk/download/pdf/12146330.pdf]]></dc:identifier>
	<dc:format><dcterms:medium><![CDATA[text]]></dcterms:medium></dc:format>
</ags:resource>
<ags:resource ags:ARN="GB2015402635">
	<dc:title><![CDATA[Pola Kerja Kemitraan Komoditas Pisang Mas Pada Kelompok Tani  Sumber Jambe dengan PT. Sewu Segar Nusantaradi Kabupaten  Lumajang]]></dc:title>
	<dc:creator>
		<ags:creatorPersonal><![CDATA[Hairunas Novia]]></ags:creatorPersonal>
	</dc:creator>
	<dc:identifier scheme="dcterms:URI"><![CDATA[oai:core.kmi.open.ac.uk:12146354]]></dc:identifier>
	<dc:identifier scheme="dcterms:URI"><![CDATA[http://core.kmi.open.ac.uk/download/pdf/12146354.pdf]]></dc:identifier>
	<dc:format><dcterms:medium><![CDATA[text]]></dcterms:medium></dc:format>
</ags:resource>
<ags:resource ags:ARN="GB2015402636">
	<dc:title><![CDATA[ANALISIS USAHA PERDAGANGAN TEBU RAKYAT BEBAS(TRB) DI  KECAMATAN BULULAWANG KABUPATEN MALANG]]></dc:title>
	<dc:creator>
		<ags:creatorPersonal><![CDATA[KHOIRUR ROHMAN]]></ags:creatorPersonal>
	</dc:creator>
	<dc:identifier scheme="dcterms:URI"><![CDATA[http://core.kmi.open.ac.uk/download/pdf/12146439.pdf]]></dc:identifier>
	<dc:identifier scheme="dcterms:URI"><![CDATA[oai:core.kmi.open.ac.uk:12146439]]></dc:identifier>
	<dc:format><dcterms:medium><![CDATA[text]]></dcterms:medium></dc:format>
</ags:resource>
<ags:resource ags:ARN="GB2015402637">
	<dc:title><![CDATA[ANALISIS NILAI TAMBAH TEPUNG TAPIOKA DAN GLUKOSE (Studi Kasus Di Desa Ngemplak Kecamatan Margoyoso Kabupaten Pati)]]></dc:title>
	<dc:creator>
		<ags:creatorPersonal><![CDATA[SILVIA R. A]]></ags:creatorPersonal>
	</dc:creator>
	<dc:identifier scheme="dcterms:URI"><![CDATA[http://core.kmi.open.ac.uk/download/pdf/12146993.pdf]]></dc:identifier>
	<dc:identifier scheme="dcterms:URI"><![CDATA[oai:core.kmi.open.ac.uk:12146993]]></dc:identifier>
	<dc:format><dcterms:medium><![CDATA[text]]></dcterms:medium></dc:format>
</ags:resource>
<ags:resource ags:ARN="GB2015402638">
	<dc:title><![CDATA[ANALISIS TREND PROSPEK PENGUSAHAAN KOMODITI MANGGA DI KABUPATEN PROBOLINGGO]]></dc:title>
	<dc:creator>
		<ags:creatorPersonal><![CDATA[ANDHYKA RAHMAN WIJAYA]]></ags:creatorPersonal>
	</dc:creator>
	<dc:identifier scheme="dcterms:URI"><![CDATA[http://core.kmi.open.ac.uk/download/pdf/12146830.pdf]]></dc:identifier>
	<dc:identifier scheme="dcterms:URI"><![CDATA[oai:core.kmi.open.ac.uk:12146830]]></dc:identifier>
	<dc:format><dcterms:medium><![CDATA[text]]></dcterms:medium></dc:format>
</ags:resource>
<ags:resource ags:ARN="GB2015402639">
	<dc:title><![CDATA[ANALISIS KOMPARASI USAHA TEBU KEPRAS II PADALAHAN SAWAH  DAN TEGAL DI KECAMATAN SINGOSARI KABUPATEN MALANG]]></dc:title>
	<dc:creator>
		<ags:creatorPersonal><![CDATA[Dwi Putri Yuliarica Nilasari]]></ags:creatorPersonal>
	</dc:creator>
	<dc:identifier scheme="dcterms:URI"><![CDATA[http://core.kmi.open.ac.uk/download/pdf/12147031.pdf]]></dc:identifier>
	<dc:identifier scheme="dcterms:URI"><![CDATA[oai:core.kmi.open.ac.uk:12147031]]></dc:identifier>
	<dc:format><dcterms:medium><![CDATA[text]]></dcterms:medium></dc:format>
</ags:resource>
<ags:resource ags:ARN="GB2015402640">
	<dc:title><![CDATA[PERILAKU KONSUMEN MAKANAN BERBAHAN BAKU JAGUNG (Zea  Mays. L.) (Studi Kasus Pada Minimarket Alfamart Sumbersari Kabupaten Malang)]]></dc:title>
	<dc:creator>
		<ags:creatorPersonal><![CDATA[VITA RINTI SUSANTI]]></ags:creatorPersonal>
	</dc:creator>
	<dc:identifier scheme="dcterms:URI"><![CDATA[http://core.kmi.open.ac.uk/download/pdf/12146558.pdf]]></dc:identifier>
	<dc:identifier scheme="dcterms:URI"><![CDATA[oai:core.kmi.open.ac.uk:12146558]]></dc:identifier>
	<dc:format><dcterms:medium><![CDATA[text]]></dcterms:medium></dc:format>
</ags:resource>
<ags:resource ags:ARN="GB2015402641">
	<dc:title><![CDATA[ANALISIS AKTIVITAS DAN PENDAPATAN NELAYAN TANGKAP PURSE  SEINE (Studi pada Masyarakat Nelayan purse seine Desa Cupel  Kecamatan Negara Kabupaten Jembrana Bali)]]></dc:title>
	<dc:creator>
		<ags:creatorPersonal><![CDATA[Muhammad Rojikin]]></ags:creatorPersonal>
	</dc:creator>
	<dc:identifier scheme="dcterms:URI"><![CDATA[http://core.kmi.open.ac.uk/download/pdf/12147224.pdf]]></dc:identifier>
	<dc:identifier scheme="dcterms:URI"><![CDATA[oai:core.kmi.open.ac.uk:12147224]]></dc:identifier>
	<dc:format><dcterms:medium><![CDATA[text]]></dcterms:medium></dc:format>
</ags:resource>
<ags:resource ags:ARN="GB2015402642">
	<dc:title><![CDATA[STUDI PEMANFAATAN LIMBAH PERTANIAN SECARA FERMENTASI SEBAGAI PAKAN TERNAK (Studi Kasus Peternak Domba di Desa Tulungrejo Kecamatan Pare Kabupaten Kediri)]]></dc:title>
	<dc:creator>
		<ags:creatorPersonal><![CDATA[Tomi Dwi Sasongko]]></ags:creatorPersonal>
	</dc:creator>
	<dc:identifier scheme="dcterms:URI"><![CDATA[oai:core.kmi.open.ac.uk:12147284]]></dc:identifier>
	<dc:identifier scheme="dcterms:URI"><![CDATA[http://core.kmi.open.ac.uk/download/pdf/12147284.pdf]]></dc:identifier>
	<dc:format><dcterms:medium><![CDATA[text]]></dcterms:medium></dc:format>
</ags:resource>
<ags:resource ags:ARN="GB2015402643">
	<dc:title><![CDATA[PENGUKURAN  EFEKTIVITAS IKLAN PRODUK MINUMAN SARI APEL AGRO KUSUMA BERDASARKAN RESPON MASYARAKAT DI KOTA MALANG MENGGUNAKAN MODEL AIDA]]></dc:title>
	<dc:creator>
		<ags:creatorPersonal><![CDATA[HENDRA SETIAWAN  ALIFIANTO]]></ags:creatorPersonal>
	</dc:creator>
	<dc:identifier scheme="dcterms:URI"><![CDATA[oai:core.kmi.open.ac.uk:12147531]]></dc:identifier>
	<dc:identifier scheme="dcterms:URI"><![CDATA[http://core.kmi.open.ac.uk/download/pdf/12147531.pdf]]></dc:identifier>
	<dc:format><dcterms:medium><![CDATA[text]]></dcterms:medium></dc:format>
</ags:resource>
<ags:resource ags:ARN="GB2015402644">
	<dc:title><![CDATA[ANALISIS RESPON PERMINTAAN PUPUK UREA PADA SEKTOR PERTANIAN DI INDONESIA]]></dc:title>
	<dc:creator>
		<ags:creatorPersonal><![CDATA[Mochammad Ilham]]></ags:creatorPersonal>
	</dc:creator>
	<dc:identifier scheme="dcterms:URI"><![CDATA[oai:core.kmi.open.ac.uk:12147974]]></dc:identifier>
	<dc:identifier scheme="dcterms:URI"><![CDATA[http://core.kmi.open.ac.uk/download/pdf/12147974.pdf]]></dc:identifier>
	<dc:format><dcterms:medium><![CDATA[text]]></dcterms:medium></dc:format>
</ags:resource>
<ags:resource ags:ARN="GB2015402645">
	<dc:title><![CDATA[Analisis Kontribusi Produksi Buah Jawa Timur terhadap Produksi Buah Nasional]]></dc:title>
	<dc:creator>
		<ags:creatorPersonal><![CDATA[SOFYAN EFFENDI]]></ags:creatorPersonal>
	</dc:creator>
	<dc:identifier scheme="dcterms:URI"><![CDATA[http://core.kmi.open.ac.uk/download/pdf/12148043.pdf]]></dc:identifier>
	<dc:identifier scheme="dcterms:URI"><![CDATA[oai:core.kmi.open.ac.uk:12148043]]></dc:identifier>
	<dc:format><dcterms:medium><![CDATA[text]]></dcterms:medium></dc:format>
</ags:resource>
<ags:resource ags:ARN="GB2015402646">
	<dc:title><![CDATA[MANAJEMEN AGRO INDUSTRI KERIPIK PISANG DI CV. SAHABAT  AGRO INDUSTRI]]></dc:title>
	<dc:creator>
		<ags:creatorPersonal><![CDATA[MOH. YUSUF AZIZ]]></ags:creatorPersonal>
	</dc:creator>
	<dc:identifier scheme="dcterms:URI"><![CDATA[oai:core.kmi.open.ac.uk:12148112]]></dc:identifier>
	<dc:identifier scheme="dcterms:URI"><![CDATA[http://core.kmi.open.ac.uk/download/pdf/12148112.pdf]]></dc:identifier>
	<dc:format><dcterms:medium><![CDATA[text]]></dcterms:medium></dc:format>
</ags:resource>
<ags:resource ags:ARN="GB2015402647">
	<dc:title><![CDATA[ANALISIS KELAYAKAN DAN SENSITIVITAS USAHA TANI KOMODITAS  MANGGIS (Garcinia mangostana L.)(Studi Kasus di Kecamatan  Pasrujambe, Kabupaten Lumajang)]]></dc:title>
	<dc:creator>
		<ags:creatorPersonal><![CDATA[SUCIK ERNAWATI]]></ags:creatorPersonal>
	</dc:creator>
	<dc:identifier scheme="dcterms:URI"><![CDATA[oai:core.kmi.open.ac.uk:12148142]]></dc:identifier>
	<dc:identifier scheme="dcterms:URI"><![CDATA[http://core.kmi.open.ac.uk/download/pdf/12148142.pdf]]></dc:identifier>
	<dc:format><dcterms:medium><![CDATA[text]]></dcterms:medium></dc:format>
</ags:resource>
<ags:resource ags:ARN="GB2015402648">
	<dc:title><![CDATA[ANALISIS NILAI TAMBAH, EFISIENSI DAN SALURAN PEMASARAN  AGRO INDUSTRI EMPING MELINJO DI KECAMATAN UDANAWU KABUPATEN BLITAR]]></dc:title>
	<dc:creator>
		<ags:creatorPersonal><![CDATA[VINDA SEPTIRINAJAYA ARDIATMA]]></ags:creatorPersonal>
	</dc:creator>
	<dc:identifier scheme="dcterms:URI"><![CDATA[oai:core.kmi.open.ac.uk:12148124]]></dc:identifier>
	<dc:identifier scheme="dcterms:URI"><![CDATA[http://core.kmi.open.ac.uk/download/pdf/12148124.pdf]]></dc:identifier>
	<dc:format><dcterms:medium><![CDATA[text]]></dcterms:medium></dc:format>
</ags:resource>
<ags:resource ags:ARN="GB2015402649">
	<dc:title><![CDATA[ANALISIS USAHA TANI DAN PEMASARAN PADA TIGA VARIETAS PISANG DI KECAMATAN KLAKAH KABUPATEN LUMAJANG]]></dc:title>
	<dc:creator>
		<ags:creatorPersonal><![CDATA[APRIDA RAHIMAH RAHMAN]]></ags:creatorPersonal>
	</dc:creator>
	<dc:identifier scheme="dcterms:URI"><![CDATA[http://core.kmi.open.ac.uk/download/pdf/12147353.pdf]]></dc:identifier>
	<dc:identifier scheme="dcterms:URI"><![CDATA[oai:core.kmi.open.ac.uk:12147353]]></dc:identifier>
	<dc:format><dcterms:medium><![CDATA[text]]></dcterms:medium></dc:format>
</ags:resource>
<ags:resource ags:ARN="GB2015402650">
	<dc:title><![CDATA[Studi Komparatif Tingkat Pendapatan Petani Padi pada Musim Hujan dengan Kemarau (Studi kasus di Desa Ngraho, Kecamatan Kalitidu, Kabupaten Bojonegoro)]]></dc:title>
	<dc:creator>
		<ags:creatorPersonal><![CDATA[Sheika Dayenne Ranani]]></ags:creatorPersonal>
	</dc:creator>
	<dc:identifier scheme="dcterms:URI"><![CDATA[http://core.kmi.open.ac.uk/download/pdf/12147838.pdf]]></dc:identifier>
	<dc:identifier scheme="dcterms:URI"><![CDATA[oai:core.kmi.open.ac.uk:12147838]]></dc:identifier>
	<dc:format><dcterms:medium><![CDATA[text]]></dcterms:medium></dc:format>
</ags:resource>
<ags:resource ags:ARN="GB2015402651">
	<dc:title><![CDATA[ANALISIS KELAYAKAN FINANSIAL TANAMAN NILAM ( Pogostemon  Cablin, Benth ) Studi Kasus di Desa Pamotan Kecamatan Dampit  Kabupaten Malang]]></dc:title>
	<dc:creator>
		<ags:creatorPersonal><![CDATA[NUR EFENDI]]></ags:creatorPersonal>
	</dc:creator>
	<dc:identifier scheme="dcterms:URI"><![CDATA[http://core.kmi.open.ac.uk/download/pdf/12148025.pdf]]></dc:identifier>
	<dc:identifier scheme="dcterms:URI"><![CDATA[oai:core.kmi.open.ac.uk:12148025]]></dc:identifier>
	<dc:format><dcterms:medium><![CDATA[text]]></dcterms:medium></dc:format>
</ags:resource>
<ags:resource ags:ARN="GB2015402652">
	<dc:title><![CDATA[KONSERVASI  LAHAN PERTANIAN DI LAHAN KERING DESA GEDANGAN KECAMATAN GEDANGAN KABUPATEN MALANG]]></dc:title>
	<dc:creator>
		<ags:creatorPersonal><![CDATA[YONO PUSWOKO]]></ags:creatorPersonal>
	</dc:creator>
	<dc:identifier scheme="dcterms:URI"><![CDATA[http://core.kmi.open.ac.uk/download/pdf/12148394.pdf]]></dc:identifier>
	<dc:identifier scheme="dcterms:URI"><![CDATA[oai:core.kmi.open.ac.uk:12148394]]></dc:identifier>
	<dc:format><dcterms:medium><![CDATA[text]]></dcterms:medium></dc:format>
</ags:resource>
<ags:resource ags:ARN="GB2015402653">
	<dc:title><![CDATA[ANALISIS SIKAP ANAK PETANI TERHADAP PEKERJAAN DI SEKTOR  PERTANIAN PADA DAERAH TRANSISI INDUSTRI (Studi Kasus di Desa  Wonokupang Kecamatan Balong-bendo Kabupaten Sidoarjo)]]></dc:title>
	<dc:creator>
		<ags:creatorPersonal><![CDATA[EKA YUNIAWANTI  KURNIA. N]]></ags:creatorPersonal>
	</dc:creator>
	<dc:identifier scheme="dcterms:URI"><![CDATA[oai:core.kmi.open.ac.uk:12148228]]></dc:identifier>
	<dc:identifier scheme="dcterms:URI"><![CDATA[http://core.kmi.open.ac.uk/download/pdf/12148228.pdf]]></dc:identifier>
	<dc:format><dcterms:medium><![CDATA[text]]></dcterms:medium></dc:format>
</ags:resource>
<ags:resource ags:ARN="GB2015402654">
	<dc:title><![CDATA[Analisis Nilai Tambah Dan Pendapatan Agroindustri Keripik Nangka Oven (Studi Kasus di CV. Vigour Kota Batu) Analisis Nilai Tambah Dan Pendapatan Agroindustri Keripik Nangka Oven(Studi Kasus di CV. Vigour Kota Batu)]]></dc:title>
	<dc:creator>
		<ags:creatorPersonal><![CDATA[FATHULLOH FATHULLOH]]></ags:creatorPersonal>
	</dc:creator>
	<dc:identifier scheme="dcterms:URI"><![CDATA[http://core.kmi.open.ac.uk/download/pdf/12148494.pdf]]></dc:identifier>
	<dc:identifier scheme="dcterms:URI"><![CDATA[oai:core.kmi.open.ac.uk:12148494]]></dc:identifier>
	<dc:format><dcterms:medium><![CDATA[text]]></dcterms:medium></dc:format>
</ags:resource>
<ags:resource ags:ARN="GB2015402655">
	<dc:title><![CDATA[FAKTOR-FAKTOR YANG MENYEBABKAN BERALIHNYA TENAGA  KERJA DARI SEKTOR PERTANIAN KE SEKTOR NON PERTANIAN (Studi  Kasus di Desa Kebon agung Kecamatan Pakisaji Kabupaten Malang)]]></dc:title>
	<dc:creator>
		<ags:creatorPersonal><![CDATA[TRI YULIANINGSIH]]></ags:creatorPersonal>
	</dc:creator>
	<dc:identifier scheme="dcterms:URI"><![CDATA[oai:core.kmi.open.ac.uk:12148543]]></dc:identifier>
	<dc:identifier scheme="dcterms:URI"><![CDATA[http://core.kmi.open.ac.uk/download/pdf/12148543.pdf]]></dc:identifier>
	<dc:format><dcterms:medium><![CDATA[text]]></dcterms:medium></dc:format>
</ags:resource>
<ags:resource ags:ARN="GB2015402656">
	<dc:title><![CDATA[ANALISIS PEMASARAN MANGGA HARUM MANIS DI KOTA  PROBOLINGGO]]></dc:title>
	<dc:creator>
		<ags:creatorPersonal><![CDATA[ITA YATMIATUS SAHRO]]></ags:creatorPersonal>
	</dc:creator>
	<dc:identifier scheme="dcterms:URI"><![CDATA[http://core.kmi.open.ac.uk/download/pdf/12148599.pdf]]></dc:identifier>
	<dc:identifier scheme="dcterms:URI"><![CDATA[oai:core.kmi.open.ac.uk:12148599]]></dc:identifier>
	<dc:format><dcterms:medium><![CDATA[text]]></dcterms:medium></dc:format>
</ags:resource>
<ags:resource ags:ARN="GB2015402657">
	<dc:title><![CDATA[PEMBELAJARAN KOOPERATIF TIPE THINK-PAIR-SHAREDI KELAS VIII  SMP RADEN FATAH BATU]]></dc:title>
	<dc:creator>
		<ags:creatorPersonal><![CDATA[ARIK FAUZIATUL HUSNIAH]]></ags:creatorPersonal>
	</dc:creator>
	<dc:identifier scheme="dcterms:URI"><![CDATA[http://core.kmi.open.ac.uk/download/pdf/12148569.pdf]]></dc:identifier>
	<dc:identifier scheme="dcterms:URI"><![CDATA[oai:core.kmi.open.ac.uk:12148569]]></dc:identifier>
	<dc:format><dcterms:medium><![CDATA[text]]></dcterms:medium></dc:format>
</ags:resource>
<ags:resource ags:ARN="GB2015402658">
	<dc:title><![CDATA[ANALISIS INVESTASI DAN KELAYAKAN INDUSTRI KECIL KECAP “CAP  BAWANG” di KABUPATEN MAGETAN]]></dc:title>
	<dc:creator>
		<ags:creatorPersonal><![CDATA[ASHARI FEBRIANTO]]></ags:creatorPersonal>
	</dc:creator>
	<dc:identifier scheme="dcterms:URI"><![CDATA[oai:core.kmi.open.ac.uk:12148608]]></dc:identifier>
	<dc:identifier scheme="dcterms:URI"><![CDATA[http://core.kmi.open.ac.uk/download/pdf/12148608.pdf]]></dc:identifier>
	<dc:format><dcterms:medium><![CDATA[text]]></dcterms:medium></dc:format>
</ags:resource>
<ags:resource ags:ARN="GB2015402659">
	<dc:title><![CDATA[KAJIAN KEMITRAAN ANTARA PG. SEMBORO DENGAN PETANI TEBU  RAKYAT KEMITRAAN (TRK) (Studi kasus di Kecamatan Semboro, Kabupaten Jember)]]></dc:title>
	<dc:creator>
		<ags:creatorPersonal><![CDATA[Sevti Perlina]]></ags:creatorPersonal>
	</dc:creator>
	<dc:identifier scheme="dcterms:URI"><![CDATA[oai:core.kmi.open.ac.uk:12148612]]></dc:identifier>
	<dc:identifier scheme="dcterms:URI"><![CDATA[http://core.kmi.open.ac.uk/download/pdf/12148612.pdf]]></dc:identifier>
	<dc:format><dcterms:medium><![CDATA[text]]></dcterms:medium></dc:format>
</ags:resource>
<ags:resource ags:ARN="GB2015402660">
	<dc:title><![CDATA[ANALISIS SIKAP PETANI TERHADAP PEMANFAATAN PUPUK BLOTONG]]></dc:title>
	<dc:creator>
		<ags:creatorPersonal><![CDATA[DODI TISNAPRANATA]]></ags:creatorPersonal>
	</dc:creator>
	<dc:identifier scheme="dcterms:URI"><![CDATA[oai:core.kmi.open.ac.uk:12148778]]></dc:identifier>
	<dc:identifier scheme="dcterms:URI"><![CDATA[http://core.kmi.open.ac.uk/download/pdf/12148778.pdf]]></dc:identifier>
	<dc:format><dcterms:medium><![CDATA[text]]></dcterms:medium></dc:format>
</ags:resource>
<ags:resource ags:ARN="GB2015402661">
	<dc:title><![CDATA[FAKTOR-FAKTOR YANG MEMPENGARUHI KEPUTUSAN PETANI  DALAM PENGAMBILAN KREDIT DI BANK RAKYAT INDONESIA (BRI)  UNIT SAMBIT KAB. PONOROGO]]></dc:title>
	<dc:creator>
		<ags:creatorPersonal><![CDATA[YANELIZA YANELIZA]]></ags:creatorPersonal>
	</dc:creator>
	<dc:identifier scheme="dcterms:URI"><![CDATA[oai:core.kmi.open.ac.uk:12148632]]></dc:identifier>
	<dc:identifier scheme="dcterms:URI"><![CDATA[http://core.kmi.open.ac.uk/download/pdf/12148632.pdf]]></dc:identifier>
	<dc:format><dcterms:medium><![CDATA[text]]></dcterms:medium></dc:format>
</ags:resource>
<ags:resource ags:ARN="GB2015402662">
	<dc:title><![CDATA[STUDI GENDER TENTANG MOTIVASI KERJA PADA PERUSAHAAN ROKOK SAE TULUNGAGUNG]]></dc:title>
	<dc:creator>
		<ags:creatorPersonal><![CDATA[Dhora Wul]]></ags:creatorPersonal>
		<ags:creatorPersonal><![CDATA[ari]]></ags:creatorPersonal>
	</dc:creator>
	<dc:identifier scheme="dcterms:URI"><![CDATA[http://core.kmi.open.ac.uk/download/pdf/12148857.pdf]]></dc:identifier>
	<dc:identifier scheme="dcterms:URI"><![CDATA[oai:core.kmi.open.ac.uk:12148857]]></dc:identifier>
	<dc:format><dcterms:medium><![CDATA[text]]></dcterms:medium></dc:format>
</ags:resource>
<ags:resource ags:ARN="GB2015402663">
	<dc:title><![CDATA[ANALISIS PENAWARAN EKSPOR CPO (CRUDE PALM OIL) INDONESIA]]></dc:title>
	<dc:creator>
		<ags:creatorPersonal><![CDATA[ARINDRA T.A. SOUSMA]]></ags:creatorPersonal>
	</dc:creator>
	<dc:identifier scheme="dcterms:URI"><![CDATA[oai:core.kmi.open.ac.uk:12148738]]></dc:identifier>
	<dc:identifier scheme="dcterms:URI"><![CDATA[http://core.kmi.open.ac.uk/download/pdf/12148738.pdf]]></dc:identifier>
	<dc:format><dcterms:medium><![CDATA[text]]></dcterms:medium></dc:format>
</ags:resource>
<ags:resource ags:ARN="GB2015402664">
	<dc:title><![CDATA[ANALISIS PREFERENSI KONSUMEN TERHADAP LEDRE PISANG]]></dc:title>
	<dc:creator>
		<ags:creatorPersonal><![CDATA[Furiyanti Furiyanti]]></ags:creatorPersonal>
	</dc:creator>
	<dc:identifier scheme="dcterms:URI"><![CDATA[oai:core.kmi.open.ac.uk:12149028]]></dc:identifier>
	<dc:identifier scheme="dcterms:URI"><![CDATA[http://core.kmi.open.ac.uk/download/pdf/12149028.pdf]]></dc:identifier>
	<dc:format><dcterms:medium><![CDATA[text]]></dcterms:medium></dc:format>
</ags:resource>
<ags:resource ags:ARN="GB2015402665">
	<dc:title><![CDATA[STUDI GENDER PADA PT PERKEBUNAN NUSANTARA XII (Studi Kasus  Pada Perusahaan Teh Unit Usaha Strategis Bantaran)]]></dc:title>
	<dc:creator>
		<ags:creatorPersonal><![CDATA[NUNUS WIDIYATMOKO]]></ags:creatorPersonal>
	</dc:creator>
	<dc:identifier scheme="dcterms:URI"><![CDATA[oai:core.kmi.open.ac.uk:12150006]]></dc:identifier>
	<dc:identifier scheme="dcterms:URI"><![CDATA[http://core.kmi.open.ac.uk/download/pdf/12150006.pdf]]></dc:identifier>
	<dc:format><dcterms:medium><![CDATA[text]]></dcterms:medium></dc:format>
</ags:resource>
<ags:resource ags:ARN="GB2015402666">
	<dc:title><![CDATA[PROFIL WANITA PEDAGANG SAYUR MAYUR DAN KONTRIBUSI TERHADAP PENDAPATAN RUMAH TANGGA (Studi Kasus di Pasar Tanjung Anyar Kec.Magersari Kota. Mojokerto)]]></dc:title>
	<dc:creator>
		<ags:creatorPersonal><![CDATA[NURUL HIDAYAH]]></ags:creatorPersonal>
	</dc:creator>
	<dc:identifier scheme="dcterms:URI"><![CDATA[oai:core.kmi.open.ac.uk:12149503]]></dc:identifier>
	<dc:identifier scheme="dcterms:URI"><![CDATA[http://core.kmi.open.ac.uk/download/pdf/12149503.pdf]]></dc:identifier>
	<dc:format><dcterms:medium><![CDATA[text]]></dcterms:medium></dc:format>
</ags:resource>
<ags:resource ags:ARN="GB2015402667">
	<dc:title><![CDATA[ANALISIS PENDAPATAN DAN PEMASARAN PADA BERBAGAI MACAM  KEMASAN BREM (Study Kasus pada Industri Kecil Brem Sumber Rasa Desa Kaliabu Kecamatan Mejayan Kabupaten Madiun)]]></dc:title>
	<dc:creator>
		<ags:creatorPersonal><![CDATA[AZIZ WIBAWA]]></ags:creatorPersonal>
	</dc:creator>
	<dc:identifier scheme="dcterms:URI"><![CDATA[http://core.kmi.open.ac.uk/download/pdf/12150077.pdf]]></dc:identifier>
	<dc:identifier scheme="dcterms:URI"><![CDATA[oai:core.kmi.open.ac.uk:12150077]]></dc:identifier>
	<dc:format><dcterms:medium><![CDATA[text]]></dcterms:medium></dc:format>
</ags:resource>
<ags:resource ags:ARN="GB2015402668">
	<dc:title><![CDATA[FAKTOR-FAKTOR YANG MEMPENGARUHI KEPUASAN KERJA (Study  kasus pada Buruh Linting di PR. Gedung Biru, Kelurahan Buring, Kecamatan KedungKandang, Kota Malang)]]></dc:title>
	<dc:creator>
		<ags:creatorPersonal><![CDATA[FERRY HADINATA]]></ags:creatorPersonal>
	</dc:creator>
	<dc:identifier scheme="dcterms:URI"><![CDATA[oai:core.kmi.open.ac.uk:12149118]]></dc:identifier>
	<dc:identifier scheme="dcterms:URI"><![CDATA[http://core.kmi.open.ac.uk/download/pdf/12149118.pdf]]></dc:identifier>
	<dc:format><dcterms:medium><![CDATA[text]]></dcterms:medium></dc:format>
</ags:resource>
<ags:resource ags:ARN="GB2015402669">
	<dc:title><![CDATA[ANALISIS BIAYA DAN PENDAPATAN HOME INDUSTRY KACANG ATOM  UD. DUA PUTRA]]></dc:title>
	<dc:creator>
		<ags:creatorPersonal><![CDATA[WIWIN HANA WAHYUNI]]></ags:creatorPersonal>
	</dc:creator>
	<dc:identifier scheme="dcterms:URI"><![CDATA[oai:core.kmi.open.ac.uk:12149178]]></dc:identifier>
	<dc:identifier scheme="dcterms:URI"><![CDATA[http://core.kmi.open.ac.uk/download/pdf/12149178.pdf]]></dc:identifier>
	<dc:format><dcterms:medium><![CDATA[text]]></dcterms:medium></dc:format>
</ags:resource>
<ags:resource ags:ARN="GB2015402670">
	<dc:title><![CDATA[ANALISIS KOMPARASI KONSUMSI PANGAN MAHASISWA UNIVERSITAS  MUHAMMADIYAH MALANG SEBELUM DAN SESUDAH KENAIKAN BAHAN BAKAR MINYAK (BBM)(Studi Kasus Pada Mahasiswa Jurusan Agribisnis UniversitasMuhammadiyah Malang)]]></dc:title>
	<dc:creator>
		<ags:creatorPersonal><![CDATA[WIDYA SATWIKA MAHARANI]]></ags:creatorPersonal>
	</dc:creator>
	<dc:identifier scheme="dcterms:URI"><![CDATA[http://core.kmi.open.ac.uk/download/pdf/12150089.pdf]]></dc:identifier>
	<dc:identifier scheme="dcterms:URI"><![CDATA[oai:core.kmi.open.ac.uk:12150089]]></dc:identifier>
	<dc:format><dcterms:medium><![CDATA[text]]></dcterms:medium></dc:format>
</ags:resource>
<ags:resource ags:ARN="GB2015402671">
	<dc:title><![CDATA[STRATEGI PEMASARAN TAPE 31 DI KABUPATEN BONDOWOSO]]></dc:title>
	<dc:creator>
		<ags:creatorPersonal><![CDATA[Yusuf Hermawan]]></ags:creatorPersonal>
	</dc:creator>
	<dc:identifier scheme="dcterms:URI"><![CDATA[http://core.kmi.open.ac.uk/download/pdf/12150294.pdf]]></dc:identifier>
	<dc:identifier scheme="dcterms:URI"><![CDATA[oai:core.kmi.open.ac.uk:12150294]]></dc:identifier>
	<dc:format><dcterms:medium><![CDATA[text]]></dcterms:medium></dc:format>
</ags:resource>
<ags:resource ags:ARN="GB2015402672">
	<dc:title><![CDATA[APLIKASI KARAGINAN PADA SIRUP APEL: KAJIAN JENIS DAN  KONSENTRASI]]></dc:title>
	<dc:creator>
		<ags:creatorPersonal><![CDATA[Eka Kusumawati]]></ags:creatorPersonal>
	</dc:creator>
	<dc:identifier scheme="dcterms:URI"><![CDATA[oai:core.kmi.open.ac.uk:12150207]]></dc:identifier>
	<dc:identifier scheme="dcterms:URI"><![CDATA[http://core.kmi.open.ac.uk/download/pdf/12150207.pdf]]></dc:identifier>
	<dc:format><dcterms:medium><![CDATA[text]]></dcterms:medium></dc:format>
</ags:resource>
<ags:resource ags:ARN="GB2015402673">
	<dc:title><![CDATA[ANALISIS STRATEGI PEMASARAN PABRIK TAHU “SUKUN” MALANG]]></dc:title>
	<dc:creator>
		<ags:creatorPersonal><![CDATA[LIANA VICKA SILVIA]]></ags:creatorPersonal>
	</dc:creator>
	<dc:identifier scheme="dcterms:URI"><![CDATA[http://core.kmi.open.ac.uk/download/pdf/12150530.pdf]]></dc:identifier>
	<dc:identifier scheme="dcterms:URI"><![CDATA[oai:core.kmi.open.ac.uk:12150530]]></dc:identifier>
	<dc:format><dcterms:medium><![CDATA[text]]></dcterms:medium></dc:format>
</ags:resource>
<ags:resource ags:ARN="GB2015402674">
	<dc:title><![CDATA[ANALISIS EFISIENSI AGRO INDUSTRI TERASI DAN KONTRIBUSINYA  TERHADAP PENDAPATAN KELUARGA (Studi Kasus di Desa Puger  Kulon Kabupaten Jember)]]></dc:title>
	<dc:creator>
		<ags:creatorPersonal><![CDATA[RINI IKA HANDAYANI]]></ags:creatorPersonal>
	</dc:creator>
	<dc:identifier scheme="dcterms:URI"><![CDATA[oai:core.kmi.open.ac.uk:12150424]]></dc:identifier>
	<dc:identifier scheme="dcterms:URI"><![CDATA[http://core.kmi.open.ac.uk/download/pdf/12150424.pdf]]></dc:identifier>
	<dc:format><dcterms:medium><![CDATA[text]]></dcterms:medium></dc:format>
</ags:resource>
<ags:resource ags:ARN="GB2015402675">
	<dc:title><![CDATA[EFEKTIFITAS GERAKAN TERPADU PENGENTASAN KEMISKINAN TERHADAP PRODUKSI  DAN PENDAPATAN USAHA TANI PADI PETANI PENERIMA BANTUAN DIDESA KERTOSARI KECAMATAN PASRU JAMBE KABUPATEN LUMAJANG]]></dc:title>
	<dc:creator>
		<ags:creatorPersonal><![CDATA[ISNAENI INDRIATI]]></ags:creatorPersonal>
	</dc:creator>
	<dc:identifier scheme="dcterms:URI"><![CDATA[http://core.kmi.open.ac.uk/download/pdf/12150505.pdf]]></dc:identifier>
	<dc:identifier scheme="dcterms:URI"><![CDATA[oai:core.kmi.open.ac.uk:12150505]]></dc:identifier>
	<dc:format><dcterms:medium><![CDATA[text]]></dcterms:medium></dc:format>
</ags:resource>
<ags:resource ags:ARN="GB2015402676">
	<dc:title><![CDATA[STRATEGI PEMASARAN BUAH ANGGUR LOKAL DI KECAMATAN WONOASIH KOTA PROBOLINGGO]]></dc:title>
	<dc:creator>
		<ags:creatorPersonal><![CDATA[Ana Iradhatul Jannah]]></ags:creatorPersonal>
	</dc:creator>
	<dc:identifier scheme="dcterms:URI"><![CDATA[oai:core.kmi.open.ac.uk:12150797]]></dc:identifier>
	<dc:identifier scheme="dcterms:URI"><![CDATA[http://core.kmi.open.ac.uk/download/pdf/12150797.pdf]]></dc:identifier>
	<dc:format><dcterms:medium><![CDATA[text]]></dcterms:medium></dc:format>
</ags:resource>
<ags:resource ags:ARN="GB2015402677">
	<dc:title><![CDATA[POLA KERJA KEMITRAAN USAHA PENGGILINGAN BERAS UD. SUMBER TANI DENGAN PERUM BULOG SUB DIVISI REGIONAL BONDOWOSO]]></dc:title>
	<dc:creator>
		<ags:creatorPersonal><![CDATA[ISMI JAZILA]]></ags:creatorPersonal>
	</dc:creator>
	<dc:identifier scheme="dcterms:URI"><![CDATA[oai:core.kmi.open.ac.uk:12150908]]></dc:identifier>
	<dc:identifier scheme="dcterms:URI"><![CDATA[http://core.kmi.open.ac.uk/download/pdf/12150908.pdf]]></dc:identifier>
	<dc:format><dcterms:medium><![CDATA[text]]></dcterms:medium></dc:format>
</ags:resource>
<ags:resource ags:ARN="GB2015402678">
	<dc:title><![CDATA[ANALISIS KOMPARASI USAHA PENGOLAHAN SARI APEL DI CV BROMO SEMERU DAN CV NUSA AGRO INDUSTRI KOTA BATU]]></dc:title>
	<dc:creator>
		<ags:creatorPersonal><![CDATA[YULI KRIDAWATI]]></ags:creatorPersonal>
	</dc:creator>
	<dc:identifier scheme="dcterms:URI"><![CDATA[http://core.kmi.open.ac.uk/download/pdf/12151061.pdf]]></dc:identifier>
	<dc:identifier scheme="dcterms:URI"><![CDATA[oai:core.kmi.open.ac.uk:12151061]]></dc:identifier>
	<dc:format><dcterms:medium><![CDATA[text]]></dcterms:medium></dc:format>
</ags:resource>
<ags:resource ags:ARN="GB2015402679">
	<dc:title><![CDATA[ENKRIPSI DAN DEKRIPSI KRIPTO SISTEM RSA]]></dc:title>
	<dc:creator>
		<ags:creatorPersonal><![CDATA[Endang Suprapti]]></ags:creatorPersonal>
	</dc:creator>
	<dc:identifier scheme="dcterms:URI"><![CDATA[oai:core.kmi.open.ac.uk:12151087]]></dc:identifier>
	<dc:identifier scheme="dcterms:URI"><![CDATA[http://core.kmi.open.ac.uk/download/pdf/12151087.pdf]]></dc:identifier>
	<dc:format><dcterms:medium><![CDATA[text]]></dcterms:medium></dc:format>
</ags:resource>
<ags:resource ags:ARN="GB2015402680">
	<dc:title><![CDATA[ANALISIS USAHA PADA PENGOLAHAN PRODUK GULA KACANG (Studi  Kasus di Desa Takeran Kecamatan Takeran Kabupaten Magetan)]]></dc:title>
	<dc:creator>
		<ags:creatorPersonal><![CDATA[WENI LIZA SETIYAWATI]]></ags:creatorPersonal>
	</dc:creator>
	<dc:identifier scheme="dcterms:URI"><![CDATA[http://core.kmi.open.ac.uk/download/pdf/12151255.pdf]]></dc:identifier>
	<dc:identifier scheme="dcterms:URI"><![CDATA[oai:core.kmi.open.ac.uk:12151255]]></dc:identifier>
	<dc:format><dcterms:medium><![CDATA[text]]></dcterms:medium></dc:format>
</ags:resource>
<ags:resource ags:ARN="GB2015402681">
	<dc:title><![CDATA[KONTRIBUSI DAN FAKTOR YANG MEMPENGARUHI PENDAPATAN PETANI TANAMAN RAMBUTAN DIPEKARANGAN (Studi Kasus di Desa Mronjo Kecamatan Selopuro Kabupaten Blitar)]]></dc:title>
	<dc:creator>
		<ags:creatorPersonal><![CDATA[IIS KRISNA WATI]]></ags:creatorPersonal>
	</dc:creator>
	<dc:identifier scheme="dcterms:URI"><![CDATA[http://core.kmi.open.ac.uk/download/pdf/12151071.pdf]]></dc:identifier>
	<dc:identifier scheme="dcterms:URI"><![CDATA[oai:core.kmi.open.ac.uk:12151071]]></dc:identifier>
	<dc:format><dcterms:medium><![CDATA[text]]></dcterms:medium></dc:format>
</ags:resource>
<ags:resource ags:ARN="GB2015402682">
	<dc:title><![CDATA[ANALISIS USAHA TANI TEMBAKAU (Studi Kasus di Desa Tawing,  Kecamatan Boyolangu, Kabupaten Tulungagung)]]></dc:title>
	<dc:creator>
		<ags:creatorPersonal><![CDATA[Anton Sulistyo Adi]]></ags:creatorPersonal>
	</dc:creator>
	<dc:identifier scheme="dcterms:URI"><![CDATA[http://core.kmi.open.ac.uk/download/pdf/12151124.pdf]]></dc:identifier>
	<dc:identifier scheme="dcterms:URI"><![CDATA[oai:core.kmi.open.ac.uk:12151124]]></dc:identifier>
	<dc:format><dcterms:medium><![CDATA[text]]></dcterms:medium></dc:format>
</ags:resource>
<ags:resource ags:ARN="GB2015402683">
	<dc:title><![CDATA[POTENSI  KOMODITI “ENBAL” UNTUK MENDUKUNG SEKTOR PARIWISATA DI KABUPATEN MALUKU TENGGARA]]></dc:title>
	<dc:creator>
		<ags:creatorPersonal><![CDATA[Fauzia Laame]]></ags:creatorPersonal>
	</dc:creator>
	<dc:identifier scheme="dcterms:URI"><![CDATA[oai:core.kmi.open.ac.uk:12151311]]></dc:identifier>
	<dc:identifier scheme="dcterms:URI"><![CDATA[http://core.kmi.open.ac.uk/download/pdf/12151311.pdf]]></dc:identifier>
	<dc:format><dcterms:medium><![CDATA[text]]></dcterms:medium></dc:format>
</ags:resource>
<ags:resource ags:ARN="GB2015402684">
	<dc:title><![CDATA[PENGARUH LUAS LAHAN TEMBAKAU, PRODUKSI TEMBAKAU dan IMPOR TEMBAKAU TERHADAP PRODUKSI ROKOK]]></dc:title>
	<dc:creator>
		<ags:creatorPersonal><![CDATA[HERU SUSANTO]]></ags:creatorPersonal>
	</dc:creator>
	<dc:identifier scheme="dcterms:URI"><![CDATA[oai:core.kmi.open.ac.uk:12151865]]></dc:identifier>
	<dc:identifier scheme="dcterms:URI"><![CDATA[http://core.kmi.open.ac.uk/download/pdf/12151865.pdf]]></dc:identifier>
	<dc:format><dcterms:medium><![CDATA[text]]></dcterms:medium></dc:format>
</ags:resource>
<ags:resource ags:ARN="GB2015402685">
	<dc:title><![CDATA[ANALISIS TREND PENAWARAN CABAI BESAR (Capsicum annuum L.)  (Studi Kasus Di Desa Sukomaju Kecamatan SronoKabupaten banyuwangi)]]></dc:title>
	<dc:creator>
		<ags:creatorPersonal><![CDATA[M. Sholehudin]]></ags:creatorPersonal>
	</dc:creator>
	<dc:identifier scheme="dcterms:URI"><![CDATA[http://core.kmi.open.ac.uk/download/pdf/12151473.pdf]]></dc:identifier>
	<dc:identifier scheme="dcterms:URI"><![CDATA[oai:core.kmi.open.ac.uk:12151473]]></dc:identifier>
	<dc:format><dcterms:medium><![CDATA[text]]></dcterms:medium></dc:format>
</ags:resource>
<ags:resource ags:ARN="GB2015402686">
	<dc:title><![CDATA[ANALISIS PENGEMBANGAN AGRIBISNIS KELAPA SAWIT DI KABUPATEN KUTAI TIMUR]]></dc:title>
	<dc:creator>
		<ags:creatorPersonal><![CDATA[SURIYANSYAH SURIYANSYAH]]></ags:creatorPersonal>
	</dc:creator>
	<dc:identifier scheme="dcterms:URI"><![CDATA[oai:core.kmi.open.ac.uk:12151932]]></dc:identifier>
	<dc:identifier scheme="dcterms:URI"><![CDATA[http://core.kmi.open.ac.uk/download/pdf/12151932.pdf]]></dc:identifier>
	<dc:format><dcterms:medium><![CDATA[text]]></dcterms:medium></dc:format>
</ags:resource>
<ags:resource ags:ARN="GB2015402687">
	<dc:title><![CDATA[PENYELESAIAN AKAR PERSAMAAN POLINOMIAL DENGAN MENGGUNAKAN  METODE QUOTIENT-DIFFERENCE (Q-D)]]></dc:title>
	<dc:creator>
		<ags:creatorPersonal><![CDATA[SAID WAHAB]]></ags:creatorPersonal>
	</dc:creator>
	<dc:identifier scheme="dcterms:URI"><![CDATA[oai:core.kmi.open.ac.uk:12151633]]></dc:identifier>
	<dc:identifier scheme="dcterms:URI"><![CDATA[http://core.kmi.open.ac.uk/download/pdf/12151633.pdf]]></dc:identifier>
	<dc:format><dcterms:medium><![CDATA[text]]></dcterms:medium></dc:format>
</ags:resource>
<ags:resource ags:ARN="GB2015402688">
	<dc:title><![CDATA[STUDI KOMPARATIF PEMASARAN JAGUNG (Zea mays. L) SISTEM BEBAS DAN SISTEM KONTRAK (Studi Kasus di Desa Sumberdiren Kecamatan Garum Kabupaten Blitar)]]></dc:title>
	<dc:creator>
		<ags:creatorPersonal><![CDATA[DWIANTI MARTA SARI]]></ags:creatorPersonal>
	</dc:creator>
	<dc:identifier scheme="dcterms:URI"><![CDATA[oai:core.kmi.open.ac.uk:12151893]]></dc:identifier>
	<dc:identifier scheme="dcterms:URI"><![CDATA[http://core.kmi.open.ac.uk/download/pdf/12151893.pdf]]></dc:identifier>
	<dc:format><dcterms:medium><![CDATA[text]]></dcterms:medium></dc:format>
</ags:resource>
<ags:resource ags:ARN="GB2015402689">
	<dc:title><![CDATA[ANALISIS KOMPARASI USAHA TANI BAWANG MERAH DENGAN  SISTEM JARING DAN NON JARING Studi Kasus di Desa Mranggon  Lawang Kecamatan Dringu Kabupaten Probolinggo]]></dc:title>
	<dc:creator>
		<ags:creatorPersonal><![CDATA[AGUK SUNAMTORO]]></ags:creatorPersonal>
	</dc:creator>
	<dc:identifier scheme="dcterms:URI"><![CDATA[oai:core.kmi.open.ac.uk:12151978]]></dc:identifier>
	<dc:identifier scheme="dcterms:URI"><![CDATA[http://core.kmi.open.ac.uk/download/pdf/12151978.pdf]]></dc:identifier>
	<dc:format><dcterms:medium><![CDATA[text]]></dcterms:medium></dc:format>
</ags:resource>
<ags:resource ags:ARN="GB2015402690">
	<dc:title><![CDATA[ANALISIS MARJIN PEMASARAN GABAH DI KABUPATEN  BOJONEGORO (Studi Kasus di Desa Mojorejo, Kecamatan Kedung  Adem, Kabupatan Bojonegoro)]]></dc:title>
	<dc:creator>
		<ags:creatorPersonal><![CDATA[AGUS SUGIHARTO]]></ags:creatorPersonal>
	</dc:creator>
	<dc:identifier scheme="dcterms:URI"><![CDATA[oai:core.kmi.open.ac.uk:12152046]]></dc:identifier>
	<dc:identifier scheme="dcterms:URI"><![CDATA[http://core.kmi.open.ac.uk/download/pdf/12152046.pdf]]></dc:identifier>
	<dc:format><dcterms:medium><![CDATA[text]]></dcterms:medium></dc:format>
</ags:resource>
<ags:resource ags:ARN="GB2015402691">
	<dc:title><![CDATA[ANALISIS PENDAPATAN DAN EFISIENSI GULA MERAH (Di Desa Dukuh, Kecamatan Ngadiluwih, Kabupaten Kediri)]]></dc:title>
	<dc:creator>
		<ags:creatorPersonal><![CDATA[FENI FERONIKA]]></ags:creatorPersonal>
	</dc:creator>
	<dc:identifier scheme="dcterms:URI"><![CDATA[oai:core.kmi.open.ac.uk:12152048]]></dc:identifier>
	<dc:identifier scheme="dcterms:URI"><![CDATA[http://core.kmi.open.ac.uk/download/pdf/12152048.pdf]]></dc:identifier>
	<dc:format><dcterms:medium><![CDATA[text]]></dcterms:medium></dc:format>
</ags:resource>
<ags:resource ags:ARN="GB2015402692">
	<dc:title><![CDATA[EFEKTIVITAS KEPEMILIKAN SEPEDA MOTOR DALAM MEMBANTU  PEREKONOMIAN MASYARAKAT PEDESAAN (Penelitian di Desa  Dawuhan/ Kec. Karang Ploso/ Kab. Malang)]]></dc:title>
	<dc:creator>
		<ags:creatorPersonal><![CDATA[FIKI SOPIKA]]></ags:creatorPersonal>
	</dc:creator>
	<dc:identifier scheme="dcterms:URI"><![CDATA[http://core.kmi.open.ac.uk/download/pdf/12152094.pdf]]></dc:identifier>
	<dc:identifier scheme="dcterms:URI"><![CDATA[oai:core.kmi.open.ac.uk:12152094]]></dc:identifier>
	<dc:format><dcterms:medium><![CDATA[text]]></dcterms:medium></dc:format>
</ags:resource>
<ags:resource ags:ARN="GB2015402693">
	<dc:title><![CDATA[ANALISIS STRATEGI PEMASARAN DALAM MENINGKATKAN PENJUALAN PRODUK A MILD PADA PERUSAHAAN ROKOK PT. HM SAMPOERNA TbK]]></dc:title>
	<dc:creator>
		<ags:creatorPersonal><![CDATA[FAUZIAH ARBIE HD]]></ags:creatorPersonal>
	</dc:creator>
	<dc:identifier scheme="dcterms:URI"><![CDATA[http://core.kmi.open.ac.uk/download/pdf/12152232.pdf]]></dc:identifier>
	<dc:identifier scheme="dcterms:URI"><![CDATA[oai:core.kmi.open.ac.uk:12152232]]></dc:identifier>
	<dc:format><dcterms:medium><![CDATA[text]]></dcterms:medium></dc:format>
</ags:resource>
<ags:resource ags:ARN="GB2015402694">
	<dc:title><![CDATA[ANALISIS NILAI TAMBAH DAN KELAYAKAN USAHA AGRO INDUSTRI  BAKPAO TELO (Studi Kasus Pada Home Industri “Lestari” Malang)]]></dc:title>
	<dc:creator>
		<ags:creatorPersonal><![CDATA[ROOSMALA NINGRUM E.S]]></ags:creatorPersonal>
	</dc:creator>
	<dc:identifier scheme="dcterms:URI"><![CDATA[http://core.kmi.open.ac.uk/download/pdf/12152154.pdf]]></dc:identifier>
	<dc:identifier scheme="dcterms:URI"><![CDATA[oai:core.kmi.open.ac.uk:12152154]]></dc:identifier>
	<dc:format><dcterms:medium><![CDATA[text]]></dcterms:medium></dc:format>
</ags:resource>
<ags:resource ags:ARN="GB2015402695">
	<dc:title><![CDATA[POLA KEMITRAAN ANTARA PETANI TEBU DENGAN PABRIK GULA ASEMBAGUS (Di Desa Trigonco Kecamatan Asembagus Kabupaten  Situbondo)]]></dc:title>
	<dc:creator>
		<ags:creatorPersonal><![CDATA[ASTRI NOVITA W]]></ags:creatorPersonal>
	</dc:creator>
	<dc:identifier scheme="dcterms:URI"><![CDATA[http://core.kmi.open.ac.uk/download/pdf/12152242.pdf]]></dc:identifier>
	<dc:identifier scheme="dcterms:URI"><![CDATA[oai:core.kmi.open.ac.uk:12152242]]></dc:identifier>
	<dc:format><dcterms:medium><![CDATA[text]]></dcterms:medium></dc:format>
</ags:resource>
<ags:resource ags:ARN="GB2015402696">
	<dc:title><![CDATA[ANALISIS PENDAPATAN GANDUM (Triricum spp)(Studi kasus di Daerah Pengembangan Gandum Kecamatan Tosari Kabupaten Pasuruan)]]></dc:title>
	<dc:creator>
		<ags:creatorPersonal><![CDATA[ARIKA NUR INDIARUM]]></ags:creatorPersonal>
	</dc:creator>
	<dc:identifier scheme="dcterms:URI"><![CDATA[http://core.kmi.open.ac.uk/download/pdf/12152313.pdf]]></dc:identifier>
	<dc:identifier scheme="dcterms:URI"><![CDATA[oai:core.kmi.open.ac.uk:12152313]]></dc:identifier>
	<dc:format><dcterms:medium><![CDATA[text]]></dcterms:medium></dc:format>
</ags:resource>
<ags:resource ags:ARN="GB2015402697">
	<dc:title><![CDATA[ANALISIS USAHA TANI MAWAR (Studi Kasus Usahatani di Desa  Sidomulyo Kecamatan Batu Kota Batu)]]></dc:title>
	<dc:creator>
		<ags:creatorPersonal><![CDATA[NUR MUHAMMAD MUNZIL]]></ags:creatorPersonal>
	</dc:creator>
	<dc:identifier scheme="dcterms:URI"><![CDATA[oai:core.kmi.open.ac.uk:12152266]]></dc:identifier>
	<dc:identifier scheme="dcterms:URI"><![CDATA[http://core.kmi.open.ac.uk/download/pdf/12152266.pdf]]></dc:identifier>
	<dc:format><dcterms:medium><![CDATA[text]]></dcterms:medium></dc:format>
</ags:resource>
<ags:resource ags:ARN="GB2015402698">
	<dc:title><![CDATA[ANALISA BIAYA DAN PENDAPATAN INDUSTRI RUMAH TANGGA LEDRE PISANG (Studi kasus di Desa Gapluk Kecamatan Purwosari  Kabupaten Bojonegoro)]]></dc:title>
	<dc:creator>
		<ags:creatorPersonal><![CDATA[Anas Makruf]]></ags:creatorPersonal>
	</dc:creator>
	<dc:identifier scheme="dcterms:URI"><![CDATA[oai:core.kmi.open.ac.uk:12152448]]></dc:identifier>
	<dc:identifier scheme="dcterms:URI"><![CDATA[http://core.kmi.open.ac.uk/download/pdf/12152448.pdf]]></dc:identifier>
	<dc:format><dcterms:medium><![CDATA[text]]></dcterms:medium></dc:format>
</ags:resource>
<ags:resource ags:ARN="GB2015402699">
	<dc:title><![CDATA[PELABELAN GRACEFUL PADA GRAF TANGGA Ln (Ladder)]]></dc:title>
	<dc:creator>
		<ags:creatorPersonal><![CDATA[Ninik Nur Aini]]></ags:creatorPersonal>
	</dc:creator>
	<dc:identifier scheme="dcterms:URI"><![CDATA[http://core.kmi.open.ac.uk/download/pdf/12152614.pdf]]></dc:identifier>
	<dc:identifier scheme="dcterms:URI"><![CDATA[oai:core.kmi.open.ac.uk:12152614]]></dc:identifier>
	<dc:format><dcterms:medium><![CDATA[text]]></dcterms:medium></dc:format>
</ags:resource>
</ags:resources>