<?xml version="1.0" encoding="UTF-8"?>
<!DOCTYPE ags:resources SYSTEM "http://purl.org/agmes/agrisap/dtd/">
<ags:resources xmlns:ags="http://purl.org/agmes/1.1/" xmlns:dc="http://purl.org/dc/elements/1.1/" xmlns:agls="http://www.naa.gov.au/recordkeeping/gov_online/agls/1.2" xmlns:dcterms="http://purl.org/dc/terms/">
<ags:resource ags:ARN="GB2015402700">
	<dc:title><![CDATA[ANALISA PERBANDINGAN PENDAPATAN PETANI KEDELAI ANGGOTA  APKKI DAN NON-ANGGOTA APKKI (Studi Kasus di Kecamatan Pilang  Kenceng Kabupaten Madiun)]]></dc:title>
	<dc:creator>
		<ags:creatorPersonal><![CDATA[SUGIARTONO SUGIARTONO]]></ags:creatorPersonal>
	</dc:creator>
	<dc:identifier scheme="dcterms:URI"><![CDATA[http://core.kmi.open.ac.uk/download/pdf/12152714.pdf]]></dc:identifier>
	<dc:identifier scheme="dcterms:URI"><![CDATA[oai:core.kmi.open.ac.uk:12152714]]></dc:identifier>
	<dc:format><dcterms:medium><![CDATA[text]]></dcterms:medium></dc:format>
</ags:resource>
<ags:resource ags:ARN="GB2015402701">
	<dc:title><![CDATA[ALOKASI WAKTU DAN KONTRIBUSI PENDAPATAN TENAGA KERJA  WANITA PEMETIK TEH TERHADAP PENDAPATAN KELUARGA (Studi  kasus Desa Kertowono Kecamatan Gucialit Kabupaten Lumajang)]]></dc:title>
	<dc:creator>
		<ags:creatorPersonal><![CDATA[GATOT SANTOSO]]></ags:creatorPersonal>
	</dc:creator>
	<dc:identifier scheme="dcterms:URI"><![CDATA[oai:core.kmi.open.ac.uk:12152871]]></dc:identifier>
	<dc:identifier scheme="dcterms:URI"><![CDATA[http://core.kmi.open.ac.uk/download/pdf/12152871.pdf]]></dc:identifier>
	<dc:format><dcterms:medium><![CDATA[text]]></dcterms:medium></dc:format>
</ags:resource>
<ags:resource ags:ARN="GB2015402702">
	<dc:title><![CDATA[PENGARUH UPAH POKOK, UPAH LEMBUR DAN TUNJANGAN KEHADIRAN TERHADAP PRODUKTIVITAS TENAGA KERJA LANGSUNG BURUH PETIK KOPI (Studi Kasus Pada Perkebunan Sengon di Kab.Blitar)]]></dc:title>
	<dc:creator>
		<ags:creatorPersonal><![CDATA[EDY SANTOSO]]></ags:creatorPersonal>
	</dc:creator>
	<dc:identifier scheme="dcterms:URI"><![CDATA[http://core.kmi.open.ac.uk/download/pdf/12152887.pdf]]></dc:identifier>
	<dc:identifier scheme="dcterms:URI"><![CDATA[oai:core.kmi.open.ac.uk:12152887]]></dc:identifier>
	<dc:format><dcterms:medium><![CDATA[text]]></dcterms:medium></dc:format>
</ags:resource>
<ags:resource ags:ARN="GB2015402703">
	<dc:title><![CDATA[PENGARUH BIAYA PROMOSI TERHADAP NILAI PENJUALAN PRODUK SUPLEMEN DI CV. AL-ATSARY MALANG]]></dc:title>
	<dc:creator>
		<ags:creatorPersonal><![CDATA[PITAWATI PITAWATI]]></ags:creatorPersonal>
	</dc:creator>
	<dc:identifier scheme="dcterms:URI"><![CDATA[http://core.kmi.open.ac.uk/download/pdf/12152899.pdf]]></dc:identifier>
	<dc:identifier scheme="dcterms:URI"><![CDATA[oai:core.kmi.open.ac.uk:12152899]]></dc:identifier>
	<dc:format><dcterms:medium><![CDATA[text]]></dcterms:medium></dc:format>
</ags:resource>
<ags:resource ags:ARN="GB2015402704">
	<dc:title><![CDATA[ANALISIS PENDAPATAN DAN EFISIENSI USAHA TANI ASPARAGUS DI  MOJOKERTO Studi Kasus di Desa Kedunggede Kecamatan Dlanggu  Kabupaten Mojokerto]]></dc:title>
	<dc:creator>
		<ags:creatorPersonal><![CDATA[Agung Pinaringan Sujalu]]></ags:creatorPersonal>
	</dc:creator>
	<dc:identifier scheme="dcterms:URI"><![CDATA[http://core.kmi.open.ac.uk/download/pdf/12152612.pdf]]></dc:identifier>
	<dc:identifier scheme="dcterms:URI"><![CDATA[oai:core.kmi.open.ac.uk:12152612]]></dc:identifier>
	<dc:format><dcterms:medium><![CDATA[text]]></dcterms:medium></dc:format>
</ags:resource>
<ags:resource ags:ARN="GB2015402705">
	<dc:title><![CDATA[PENDAPATAN DAN KONSUMSI PETANI PESERTA PROGRAM PENGELOLAAN HUTAN BERSAMA MASYARAKAT (PHBM) (Studi kasus di Kecamatan Junrejo Kota Batu)]]></dc:title>
	<dc:creator>
		<ags:creatorPersonal><![CDATA[LINTANG PURBONINGTYAS UTAMI]]></ags:creatorPersonal>
	</dc:creator>
	<dc:identifier scheme="dcterms:URI"><![CDATA[http://core.kmi.open.ac.uk/download/pdf/12153162.pdf]]></dc:identifier>
	<dc:identifier scheme="dcterms:URI"><![CDATA[oai:core.kmi.open.ac.uk:12153162]]></dc:identifier>
	<dc:format><dcterms:medium><![CDATA[text]]></dcterms:medium></dc:format>
</ags:resource>
<ags:resource ags:ARN="GB2015402706">
	<dc:title><![CDATA[ANALISIS MARJIN PEMASARAN NILAM DAN NILAI TAMBAH PENYULINGAN NILAM DI KECAMATAN PULE KABUPATEN TRENGGALEK]]></dc:title>
	<dc:creator>
		<ags:creatorPersonal><![CDATA[ADI PRIYONO]]></ags:creatorPersonal>
	</dc:creator>
	<dc:identifier scheme="dcterms:URI"><![CDATA[oai:core.kmi.open.ac.uk:12153130]]></dc:identifier>
	<dc:identifier scheme="dcterms:URI"><![CDATA[http://core.kmi.open.ac.uk/download/pdf/12153130.pdf]]></dc:identifier>
	<dc:format><dcterms:medium><![CDATA[text]]></dcterms:medium></dc:format>
</ags:resource>
<ags:resource ags:ARN="GB2015402707">
	<dc:title><![CDATA[ANALISIS FINANSIAL DAN STRATEGI PENGEMBANGAN AGRO INDUSTRI KERAJINAN TANGAN DI UD. BAMBU KLASIK LAMONGAN]]></dc:title>
	<dc:creator>
		<ags:creatorPersonal><![CDATA[DIAN AFRISTYA ANDINI]]></ags:creatorPersonal>
	</dc:creator>
	<dc:identifier scheme="dcterms:URI"><![CDATA[http://core.kmi.open.ac.uk/download/pdf/12153189.pdf]]></dc:identifier>
	<dc:identifier scheme="dcterms:URI"><![CDATA[oai:core.kmi.open.ac.uk:12153189]]></dc:identifier>
	<dc:format><dcterms:medium><![CDATA[text]]></dcterms:medium></dc:format>
</ags:resource>
<ags:resource ags:ARN="GB2015402708">
	<dc:title><![CDATA[PEMASARAN UBI JALAR DAN NILAI TAMBAH PADA PENGOLAHANNYA  (Study Kasus di Desa Pacet Kecamatan Pacet Kabupaten Mojokerto)]]></dc:title>
	<dc:creator>
		<ags:creatorPersonal><![CDATA[ARISMAWANTI RAHMALA]]></ags:creatorPersonal>
	</dc:creator>
	<dc:identifier scheme="dcterms:URI"><![CDATA[oai:core.kmi.open.ac.uk:12153193]]></dc:identifier>
	<dc:identifier scheme="dcterms:URI"><![CDATA[http://core.kmi.open.ac.uk/download/pdf/12153193.pdf]]></dc:identifier>
	<dc:format><dcterms:medium><![CDATA[text]]></dcterms:medium></dc:format>
</ags:resource>
<ags:resource ags:ARN="GB2015402709">
	<dc:title><![CDATA[ANALISIS USAHA TANI DAN STRATEGI BISNIS BUNGA KRISAN (Studi  Kasus pada CV. Dwi Putri Agro Desa Blarang Kecamatan Tutur, Kabupaten Pasuruan)]]></dc:title>
	<dc:creator>
		<ags:creatorPersonal><![CDATA[LILY RIANA SABAR]]></ags:creatorPersonal>
	</dc:creator>
	<dc:identifier scheme="dcterms:URI"><![CDATA[oai:core.kmi.open.ac.uk:12153426]]></dc:identifier>
	<dc:identifier scheme="dcterms:URI"><![CDATA[http://core.kmi.open.ac.uk/download/pdf/12153426.pdf]]></dc:identifier>
	<dc:format><dcterms:medium><![CDATA[text]]></dcterms:medium></dc:format>
</ags:resource>
<ags:resource ags:ARN="GB2015402710">
	<dc:title><![CDATA[FAKTOR-FAKTOR YANG BERHUBUNGAN DENGAN KINERJA DISTRIBUTOR BISNIS MULTI LEVEL MARKETING (Studi Kasus Pada Distributor AG-130 PT. Natural Nusantara)]]></dc:title>
	<dc:creator>
		<ags:creatorPersonal><![CDATA[ELOK A.Md. PRIBADINI]]></ags:creatorPersonal>
	</dc:creator>
	<dc:identifier scheme="dcterms:URI"><![CDATA[http://core.kmi.open.ac.uk/download/pdf/12153094.pdf]]></dc:identifier>
	<dc:identifier scheme="dcterms:URI"><![CDATA[oai:core.kmi.open.ac.uk:12153094]]></dc:identifier>
	<dc:format><dcterms:medium><![CDATA[text]]></dcterms:medium></dc:format>
</ags:resource>
<ags:resource ags:ARN="GB2015402711">
	<dc:title><![CDATA[Ketahanan Tanaman Terhadap Hama]]></dc:title>
	<dc:creator>
		<ags:creatorPersonal><![CDATA[Sodiq Moh.]]></ags:creatorPersonal>
	</dc:creator>
	<dc:identifier scheme="dcterms:URI"><![CDATA[http://core.kmi.open.ac.uk/download/pdf/12215567.pdf]]></dc:identifier>
	<dc:identifier scheme="dcterms:URI"><![CDATA[oai:core.kmi.open.ac.uk:12215567]]></dc:identifier>
	<dc:format><dcterms:medium><![CDATA[text]]></dcterms:medium></dc:format>
</ags:resource>
<ags:resource ags:ARN="GB2015402712">
	<dc:title><![CDATA[Produksi Flavon 3-OL Melalui Kalus Camella sinensis L: untuk penghambatan Diferensiasi sel adiposa]]></dc:title>
	<dc:creator>
		<ags:creatorPersonal><![CDATA[- Sutini]]></ags:creatorPersonal>
		<ags:creatorPersonal><![CDATA[Indra M. Rasjad]]></ags:creatorPersonal>
		<ags:creatorPersonal><![CDATA[Widoretno Wahyu]]></ags:creatorPersonal>
	</dc:creator>
	<dc:identifier scheme="dcterms:URI"><![CDATA[http://core.kmi.open.ac.uk/download/pdf/12215565.pdf]]></dc:identifier>
	<dc:identifier scheme="dcterms:URI"><![CDATA[oai:core.kmi.open.ac.uk:12215565]]></dc:identifier>
	<dc:format><dcterms:medium><![CDATA[text]]></dcterms:medium></dc:format>
</ags:resource>
<ags:resource ags:ARN="GB2015402713">
	<dc:title><![CDATA[MODEL PENGEMBANGAN PERAN LEMBAGA USAHA EKONOMI PEDESAAN (LUEP) DALAM MENINGKATKAN KETAHANAN PANGAN DAN EKONOMI RUMAH TANGGA PETANI, DI JAWA TIMUR]]></dc:title>
	<dc:creator>
		<ags:creatorPersonal><![CDATA[Indah Pawana Nur]]></ags:creatorPersonal>
		<ags:creatorPersonal><![CDATA[Damaijati Effi]]></ags:creatorPersonal>
		<ags:creatorPersonal><![CDATA[Widayanti Sri]]></ags:creatorPersonal>
	</dc:creator>
	<dc:identifier scheme="dcterms:URI"><![CDATA[http://core.kmi.open.ac.uk/download/pdf/12215736.pdf]]></dc:identifier>
	<dc:identifier scheme="dcterms:URI"><![CDATA[oai:core.kmi.open.ac.uk:12215736]]></dc:identifier>
	<dc:format><dcterms:medium><![CDATA[text]]></dcterms:medium></dc:format>
</ags:resource>
<ags:resource ags:ARN="GB2015402714">
	<dc:title><![CDATA[ANALISIS KEUNGGULAN KOMPETITIF USAHATANI KEDELAI DI DESA WONOKALANG KECAMATAN WONOAYU KABUPATEN SIDOARJO]]></dc:title>
	<dc:creator>
		<ags:creatorPersonal><![CDATA[Subbiah Arunachalam]]></ags:creatorPersonal>
		<ags:creatorPersonal><![CDATA[K Umarani]]></ags:creatorPersonal>
	</dc:creator>
	<dc:identifier scheme="dcterms:URI"><![CDATA[http://core.kmi.open.ac.uk/download/pdf/12215910.pdf]]></dc:identifier>
	<dc:identifier scheme="dcterms:URI"><![CDATA[oai:core.kmi.open.ac.uk:12215910]]></dc:identifier>
	<dc:format><dcterms:medium><![CDATA[text]]></dcterms:medium></dc:format>
</ags:resource>
<ags:resource ags:ARN="GB2015402715">
	<dc:title><![CDATA[KETERTARIKAN LALAT BUAH (Bactrocera spp) TERHADAP ATRAKTAN NABATI DAN NON NABATI]]></dc:title>
	<dc:creator>
		<ags:creatorPersonal><![CDATA[Budiarto Angge]]></ags:creatorPersonal>
	</dc:creator>
	<dc:identifier scheme="dcterms:URI"><![CDATA[http://core.kmi.open.ac.uk/download/pdf/12215754.pdf]]></dc:identifier>
	<dc:identifier scheme="dcterms:URI"><![CDATA[oai:core.kmi.open.ac.uk:12215754]]></dc:identifier>
	<dc:format><dcterms:medium><![CDATA[text]]></dcterms:medium></dc:format>
</ags:resource>
<ags:resource ags:ARN="GB2015402716">
	<dc:title><![CDATA[UJI KOMPATIBILITAS DAN KEMAMPUAN DUA AGENSIA HAYATI PSEUDOMONAD FLOURESEN DAN ACTINOMYCETES DALAM MENGHAMBAT PERTUMBUHAN RALSTONIA SOLANACEARUM SECARA IN VITRO]]></dc:title>
	<dc:creator>
		<ags:creatorPersonal><![CDATA[- Supriyono]]></ags:creatorPersonal>
	</dc:creator>
	<dc:identifier scheme="dcterms:URI"><![CDATA[http://core.kmi.open.ac.uk/download/pdf/12215755.pdf]]></dc:identifier>
	<dc:identifier scheme="dcterms:URI"><![CDATA[oai:core.kmi.open.ac.uk:12215755]]></dc:identifier>
	<dc:format><dcterms:medium><![CDATA[text]]></dcterms:medium></dc:format>
</ags:resource>
<ags:resource ags:ARN="GB2015402717">
	<dc:title><![CDATA[Motivasi Kerja Karyawan Di PT. Pabrik Gula Candi Baru Sidoarjo]]></dc:title>
	<dc:creator>
		<ags:creatorPersonal><![CDATA[Putri Ismiyaning Dyah. Hendrietta]]></ags:creatorPersonal>
	</dc:creator>
	<dc:identifier scheme="dcterms:URI"><![CDATA[http://core.kmi.open.ac.uk/download/pdf/12215928.pdf]]></dc:identifier>
	<dc:identifier scheme="dcterms:URI"><![CDATA[oai:core.kmi.open.ac.uk:12215928]]></dc:identifier>
	<dc:format><dcterms:medium><![CDATA[text]]></dcterms:medium></dc:format>
</ags:resource>
<ags:resource ags:ARN="GB2015402718">
	<dc:title><![CDATA[Analisis Keunggulan Komparatif dan Keunggulan Kompetitif Usahatani Tembakau “Aseli” Pada Lahan Sawah dan Lahan Perbukitan Di Kabupaten Mojokerto]]></dc:title>
	<dc:creator>
		<ags:creatorPersonal><![CDATA[Nur Cahyono Deky]]></ags:creatorPersonal>
	</dc:creator>
	<dc:identifier scheme="dcterms:URI"><![CDATA[http://core.kmi.open.ac.uk/download/pdf/12215929.pdf]]></dc:identifier>
	<dc:identifier scheme="dcterms:URI"><![CDATA[oai:core.kmi.open.ac.uk:12215929]]></dc:identifier>
	<dc:format><dcterms:medium><![CDATA[text]]></dcterms:medium></dc:format>
</ags:resource>
<ags:resource ags:ARN="GB2015402719">
	<dc:title><![CDATA[INVESTIGASI STRATEGI KETERGANTUNGAN YANG MONOPOLISTIC PERUSAHAAN BENIH JAGUNG DALAM RANGKA PEMBERDAYAAN YANG DEMOKRATIS TERHADAP PETANI (KAJIAN DI JAWA TIMUR)]]></dc:title>
	<dc:creator>
		<ags:creatorPersonal><![CDATA[Nugroho Sigit Dwi]]></ags:creatorPersonal>
		<ags:creatorPersonal><![CDATA[Amir IndraTjahaja]]></ags:creatorPersonal>
		<ags:creatorPersonal><![CDATA[Widjajati Wiludjeng]]></ags:creatorPersonal>
	</dc:creator>
	<dc:identifier scheme="dcterms:URI"><![CDATA[oai:core.kmi.open.ac.uk:12216625]]></dc:identifier>
	<dc:identifier scheme="dcterms:URI"><![CDATA[http://core.kmi.open.ac.uk/download/pdf/12216625.pdf]]></dc:identifier>
	<dc:format><dcterms:medium><![CDATA[text]]></dcterms:medium></dc:format>
</ags:resource>
<ags:resource ags:ARN="GB2015402720">
	<dc:title><![CDATA[MANAJEMEN PENGENDALIAN MUTU TEBU RAKYAT KERJASAMA USAHA DI PT. PABRIK GULA CANDI BARU – SIDOARJO]]></dc:title>
	<dc:creator>
		<ags:creatorPersonal><![CDATA[Purina Luthiakirana Tri]]></ags:creatorPersonal>
	</dc:creator>
	<dc:identifier scheme="dcterms:URI"><![CDATA[oai:core.kmi.open.ac.uk:12215942]]></dc:identifier>
	<dc:identifier scheme="dcterms:URI"><![CDATA[http://core.kmi.open.ac.uk/download/pdf/12215942.pdf]]></dc:identifier>
	<dc:format><dcterms:medium><![CDATA[text]]></dcterms:medium></dc:format>
</ags:resource>
<ags:resource ags:ARN="GB2015402721">
	<dc:title><![CDATA[DAMPAK PENGEMBANGAN WISATA GUNUNG KELUD TERHADAP KONDISI SOSIAL EKONOMI MASYARAKAT AGRARIS LOKAL DI KABUPATEN KEDIRI]]></dc:title>
	<dc:creator>
		<ags:creatorPersonal><![CDATA[Damaijati Effi]]></ags:creatorPersonal>
		<ags:creatorPersonal><![CDATA[Parsudi Setyo]]></ags:creatorPersonal>
	</dc:creator>
	<dc:identifier scheme="dcterms:URI"><![CDATA[http://core.kmi.open.ac.uk/download/pdf/12216627.pdf]]></dc:identifier>
	<dc:identifier scheme="dcterms:URI"><![CDATA[oai:core.kmi.open.ac.uk:12216627]]></dc:identifier>
	<dc:format><dcterms:medium><![CDATA[text]]></dcterms:medium></dc:format>
</ags:resource>
<ags:resource ags:ARN="GB2015402722">
	<dc:title><![CDATA[DAMPAK LUMPUR LAPINDO SIDOARJO PADA SEKTOR PERTANIAN]]></dc:title>
	<dc:creator>
		<ags:creatorPersonal><![CDATA[- Maroeto]]></ags:creatorPersonal>
		<ags:creatorPersonal><![CDATA[Arifin Moch.]]></ags:creatorPersonal>
	</dc:creator>
	<dc:identifier scheme="dcterms:URI"><![CDATA[oai:core.kmi.open.ac.uk:12216754]]></dc:identifier>
	<dc:identifier scheme="dcterms:URI"><![CDATA[http://core.kmi.open.ac.uk/download/pdf/12216754.pdf]]></dc:identifier>
	<dc:format><dcterms:medium><![CDATA[text]]></dcterms:medium></dc:format>
</ags:resource>
<ags:resource ags:ARN="GB2015402723">
	<dc:title><![CDATA[PRODUKSI BIOPESTISIDA NEMATODA ENTOMOPATOGEN ISOLAT LOKAL DENGAN TEKNIKIN VITRO SEBAGAI PENGENDALI HAMA TANAMAN KEDELAI (Spodoptera sp.)]]></dc:title>
	<dc:creator>
		<ags:creatorPersonal><![CDATA[- Nugrohorini]]></ags:creatorPersonal>
		<ags:creatorPersonal><![CDATA[Windriyanti Wiwin]]></ags:creatorPersonal>
	</dc:creator>
	<dc:identifier scheme="dcterms:URI"><![CDATA[http://core.kmi.open.ac.uk/download/pdf/12216645.pdf]]></dc:identifier>
	<dc:identifier scheme="dcterms:URI"><![CDATA[oai:core.kmi.open.ac.uk:12216645]]></dc:identifier>
	<dc:format><dcterms:medium><![CDATA[text]]></dcterms:medium></dc:format>
</ags:resource>
<ags:resource ags:ARN="GB2015402724">
	<dc:title><![CDATA[POTENTIL IMPACT OF INDIGENOUS ARBUSCULLAR MYCORRHIZAL FUNGI IN AN INDONESIAN ANDISOLS ON EFFICIENCY OF P FERTILIZER APPLICATION]]></dc:title>
	<dc:creator>
		<ags:creatorPersonal><![CDATA[Effendy Machfud]]></ags:creatorPersonal>
		<ags:creatorPersonal><![CDATA[- Muljadi]]></ags:creatorPersonal>
		<ags:creatorPersonal><![CDATA[Baon John Bako]]></ags:creatorPersonal>
	</dc:creator>
	<dc:identifier scheme="dcterms:URI"><![CDATA[http://core.kmi.open.ac.uk/download/pdf/12216628.pdf]]></dc:identifier>
	<dc:identifier scheme="dcterms:URI"><![CDATA[oai:core.kmi.open.ac.uk:12216628]]></dc:identifier>
	<dc:format><dcterms:medium><![CDATA[text]]></dcterms:medium></dc:format>
</ags:resource>
<ags:resource ags:ARN="GB2015402725">
	<dc:title><![CDATA[IDENTIFIKASI DAN DIAGNOSE SIFAT KIMIA TANAH SALIN UNTUK KESESUAIAN TANAMAN CEMARA UDANG ( Casuarina equisetifolo )]]></dc:title>
	<dc:creator>
		<ags:creatorPersonal><![CDATA[- Maruto]]></ags:creatorPersonal>
		<ags:creatorPersonal><![CDATA[- Moch. Arifin]]></ags:creatorPersonal>
		<ags:creatorPersonal><![CDATA[- Sutoyo]]></ags:creatorPersonal>
	</dc:creator>
	<dc:identifier scheme="dcterms:URI"><![CDATA[http://core.kmi.open.ac.uk/download/pdf/12216755.pdf]]></dc:identifier>
	<dc:identifier scheme="dcterms:URI"><![CDATA[oai:core.kmi.open.ac.uk:12216755]]></dc:identifier>
	<dc:format><dcterms:medium><![CDATA[text]]></dcterms:medium></dc:format>
</ags:resource>
<ags:resource ags:ARN="GB2015402726">
	<dc:title><![CDATA[KAJIAN PEMBERIAN BEBERAPA KONSENTRASI NUTRISI SAPUTRA TERHADAP PERTUMBUHAN DAN HASIL DUA VARIETAS TANAMAN TERUNG (Solanum melongena, L)]]></dc:title>
	<dc:creator>
		<ags:creatorPersonal><![CDATA[Moch Sodiq]]></ags:creatorPersonal>
	</dc:creator>
	<dc:identifier scheme="dcterms:URI"><![CDATA[http://core.kmi.open.ac.uk/download/pdf/12216756.pdf]]></dc:identifier>
	<dc:identifier scheme="dcterms:URI"><![CDATA[oai:core.kmi.open.ac.uk:12216756]]></dc:identifier>
	<dc:format><dcterms:medium><![CDATA[text]]></dcterms:medium></dc:format>
</ags:resource>
<ags:resource ags:ARN="GB2015402727">
	<dc:title><![CDATA[KAJIAN PEMBENTUKAN CAUDEX Adenium obesum PADA DIVERSIFIKASI MEDIA TANAM]]></dc:title>
	<dc:creator>
		<ags:creatorPersonal><![CDATA[Sukaryorini Pancadewi]]></ags:creatorPersonal>
		<ags:creatorPersonal><![CDATA[- Moch. Arifin]]></ags:creatorPersonal>
	</dc:creator>
	<dc:identifier scheme="dcterms:URI"><![CDATA[oai:core.kmi.open.ac.uk:12216757]]></dc:identifier>
	<dc:identifier scheme="dcterms:URI"><![CDATA[http://core.kmi.open.ac.uk/download/pdf/12216757.pdf]]></dc:identifier>
	<dc:format><dcterms:medium><![CDATA[text]]></dcterms:medium></dc:format>
</ags:resource>
<ags:resource ags:ARN="GB2015402728">
	<dc:title><![CDATA[PENGENDALIAN HAYATI Helicoverpa armigera DENGAN NEMATODA DAN JAMUR ENTOMOPATOGEN UNTUK MENINGKATKAN PRODUKTIVITAS TANAMAN TOMAT (Lycopersicon esculentum)]]></dc:title>
	<dc:creator>
		<ags:creatorPersonal><![CDATA[Erawati Dyah N.]]></ags:creatorPersonal>
		<ags:creatorPersonal><![CDATA[Kusmanadhi Bambang]]></ags:creatorPersonal>
		<ags:creatorPersonal><![CDATA[Sulistyanto Didik]]></ags:creatorPersonal>
	</dc:creator>
	<dc:identifier scheme="dcterms:URI"><![CDATA[oai:core.kmi.open.ac.uk:12216759]]></dc:identifier>
	<dc:identifier scheme="dcterms:URI"><![CDATA[http://core.kmi.open.ac.uk/download/pdf/12216759.pdf]]></dc:identifier>
	<dc:format><dcterms:medium><![CDATA[text]]></dcterms:medium></dc:format>
</ags:resource>
<ags:resource ags:ARN="GB2015402729">
	<dc:title><![CDATA[POTENSI Pseudomonas aeruginase DALAM EKSTRAK PUPUK KOMPOS LIMBAH SAYURAN SEBAGAI BIOFERTILIZER TEMBAKAU CERUTU]]></dc:title>
	<dc:creator>
		<ags:creatorPersonal><![CDATA[Sulistyaningsih Niken]]></ags:creatorPersonal>
		<ags:creatorPersonal><![CDATA[Sri Wahyuni Wiwiek]]></ags:creatorPersonal>
		<ags:creatorPersonal><![CDATA[Mudjiharjati Arie]]></ags:creatorPersonal>
	</dc:creator>
	<dc:identifier scheme="dcterms:URI"><![CDATA[oai:core.kmi.open.ac.uk:12216758]]></dc:identifier>
	<dc:identifier scheme="dcterms:URI"><![CDATA[http://core.kmi.open.ac.uk/download/pdf/12216758.pdf]]></dc:identifier>
	<dc:format><dcterms:medium><![CDATA[text]]></dcterms:medium></dc:format>
</ags:resource>
<ags:resource ags:ARN="GB2015402730">
	<dc:title><![CDATA[USAHATANI TEBU (SACHARUM OFFICINARUM) ANTARA SISTEM BONGKAR RATOON DENGAN SISTEM RAWAT RATOON DI WILAYAH KECAMATAN PRAMBON]]></dc:title>
	<dc:creator>
		<ags:creatorPersonal><![CDATA[Imre Ferto]]></ags:creatorPersonal>
		<ags:creatorPersonal><![CDATA[Gusztáv Nemes]]></ags:creatorPersonal>
		<ags:creatorPersonal><![CDATA[Szilárd Podruzsik]]></ags:creatorPersonal>
		<ags:creatorPersonal><![CDATA[Gábor Szabó]]></ags:creatorPersonal>
	</dc:creator>
	<dc:identifier scheme="dcterms:URI"><![CDATA[oai:core.kmi.open.ac.uk:12216810]]></dc:identifier>
	<dc:identifier scheme="dcterms:URI"><![CDATA[http://core.kmi.open.ac.uk/download/pdf/12216810.pdf]]></dc:identifier>
	<dc:format><dcterms:medium><![CDATA[text]]></dcterms:medium></dc:format>
</ags:resource>
<ags:resource ags:ARN="GB2015402731">
	<dc:title><![CDATA[FORMULASI RATIO KALIUM DAN NATRIUM (K/N) HARA LARUTAN HIDROPONIK SISTEM SUBSTRAT UNTUK TANAMAN LOMBOK (Capsicum annum)]]></dc:title>
	<dc:creator>
		<ags:creatorPersonal><![CDATA[Hidayat Syarif Imam]]></ags:creatorPersonal>
	</dc:creator>
	<dc:identifier scheme="dcterms:URI"><![CDATA[http://core.kmi.open.ac.uk/download/pdf/12216761.pdf]]></dc:identifier>
	<dc:identifier scheme="dcterms:URI"><![CDATA[oai:core.kmi.open.ac.uk:12216761]]></dc:identifier>
	<dc:format><dcterms:medium><![CDATA[text]]></dcterms:medium></dc:format>
</ags:resource>
<ags:resource ags:ARN="GB2015402732">
	<dc:title><![CDATA[KAJIAN USAHA BENIH IKAN LELE DUMBO DI DESA TULUNGREJO, KECAMATAN PARE, KABUPATEN KEDIRI.]]></dc:title>
	<dc:creator>
		<ags:creatorPersonal><![CDATA[Jeffrey N Kidd]]></ags:creatorPersonal>
	</dc:creator>
	<dc:identifier scheme="dcterms:URI"><![CDATA[oai:core.kmi.open.ac.uk:12216811]]></dc:identifier>
	<dc:identifier scheme="dcterms:URI"><![CDATA[http://core.kmi.open.ac.uk/download/pdf/12216811.pdf]]></dc:identifier>
	<dc:format><dcterms:medium><![CDATA[text]]></dcterms:medium></dc:format>
</ags:resource>
<ags:resource ags:ARN="GB2015402733">
	<dc:title><![CDATA[PENGGUNAAN NEMATODA ENTOMOPATOGEN Steinernema carpocapsae (All Strain) dan TANAMAN SELA BAWANG MERAH dalam PENGENDALIAN HAMA pada TANAMAN KUBIS]]></dc:title>
	<dc:creator>
		<ags:creatorPersonal><![CDATA[Widayati Wiludjeng]]></ags:creatorPersonal>
	</dc:creator>
	<dc:identifier scheme="dcterms:URI"><![CDATA[oai:core.kmi.open.ac.uk:12216760]]></dc:identifier>
	<dc:identifier scheme="dcterms:URI"><![CDATA[http://core.kmi.open.ac.uk/download/pdf/12216760.pdf]]></dc:identifier>
	<dc:format><dcterms:medium><![CDATA[text]]></dcterms:medium></dc:format>
</ags:resource>
<ags:resource ags:ARN="GB2015402734">
	<dc:title><![CDATA[Bisnis Penggemukan (fattening) Sapi Madura di Kabupaten Pamekasan]]></dc:title>
	<dc:creator>
		<ags:creatorPersonal><![CDATA[J W Kalungu]]></ags:creatorPersonal>
		<ags:creatorPersonal><![CDATA[W L Filho]]></ags:creatorPersonal>
		<ags:creatorPersonal><![CDATA[D Harris]]></ags:creatorPersonal>
	</dc:creator>
	<dc:identifier scheme="dcterms:URI"><![CDATA[oai:core.kmi.open.ac.uk:12216912]]></dc:identifier>
	<dc:identifier scheme="dcterms:URI"><![CDATA[http://core.kmi.open.ac.uk/download/pdf/12216912.pdf]]></dc:identifier>
	<dc:format><dcterms:medium><![CDATA[text]]></dcterms:medium></dc:format>
</ags:resource>
<ags:resource ags:ARN="GB2015402735">
	<dc:title><![CDATA[AGRI-SILVIKULTUR DAN PESANGGEM DI WILAYAH KESATUAN PEMANGKU HUTAN (KPH) NGAWI, SARADAN DAN LAWU DS]]></dc:title>
	<dc:creator>
		<ags:creatorPersonal><![CDATA[Widayanti Rossy]]></ags:creatorPersonal>
	</dc:creator>
	<dc:identifier scheme="dcterms:URI"><![CDATA[http://core.kmi.open.ac.uk/download/pdf/12216964.pdf]]></dc:identifier>
	<dc:identifier scheme="dcterms:URI"><![CDATA[oai:core.kmi.open.ac.uk:12216964]]></dc:identifier>
	<dc:format><dcterms:medium><![CDATA[text]]></dcterms:medium></dc:format>
</ags:resource>
<ags:resource ags:ARN="GB2015402736">
	<dc:title><![CDATA[KAJIAN TENTANG USAHA SARANG BURUNG WALET DI KABUPATEN SAMPANG (TINJAUAN EKONOMIS)]]></dc:title>
	<dc:creator>
		<ags:creatorPersonal><![CDATA[Mulyono. Joko]]></ags:creatorPersonal>
	</dc:creator>
	<dc:identifier scheme="dcterms:URI"><![CDATA[oai:core.kmi.open.ac.uk:12216997]]></dc:identifier>
	<dc:identifier scheme="dcterms:URI"><![CDATA[http://core.kmi.open.ac.uk/download/pdf/12216997.pdf]]></dc:identifier>
	<dc:format><dcterms:medium><![CDATA[text]]></dcterms:medium></dc:format>
</ags:resource>
<ags:resource ags:ARN="GB2015402737">
	<dc:title><![CDATA[PERAN RORAK DALAM MENGENDALIKAN LAJU EROSI DAN MENINGKATKAN SIMPANAN AIR TANAH PADA HUTAN JATI (Tectona grandis)]]></dc:title>
	<dc:creator>
		<ags:creatorPersonal><![CDATA[Samodra Dira]]></ags:creatorPersonal>
	</dc:creator>
	<dc:identifier scheme="dcterms:URI"><![CDATA[oai:core.kmi.open.ac.uk:12217607]]></dc:identifier>
	<dc:identifier scheme="dcterms:URI"><![CDATA[http://core.kmi.open.ac.uk/download/pdf/12217607.pdf]]></dc:identifier>
	<dc:format><dcterms:medium><![CDATA[text]]></dcterms:medium></dc:format>
</ags:resource>
<ags:resource ags:ARN="GB2015402738">
	<dc:title><![CDATA[Karakteristik LahanUntukTanamanMelon (CucumisMeloL.) dalamKaitannya Dengan PeningkatanKadarGula (Land Characteristics forMelon Crops (Cucumismelo L.) in Relation to Increase the SugarContent)]]></dc:title>
	<dc:creator>
		<ags:creatorPersonal><![CDATA[- Siswanto]]></ags:creatorPersonal>
		<ags:creatorPersonal><![CDATA[Wisnu W Bakti]]></ags:creatorPersonal>
		<ags:creatorPersonal><![CDATA[- Purwadi]]></ags:creatorPersonal>
	</dc:creator>
	<dc:identifier scheme="dcterms:URI"><![CDATA[oai:core.kmi.open.ac.uk:12217679]]></dc:identifier>
	<dc:identifier scheme="dcterms:URI"><![CDATA[http://core.kmi.open.ac.uk/download/pdf/12217679.pdf]]></dc:identifier>
	<dc:format><dcterms:medium><![CDATA[text]]></dcterms:medium></dc:format>
</ags:resource>
<ags:resource ags:ARN="GB2015402739">
	<dc:title><![CDATA[PENGARUH PEMBERIAN MACAM URIN TERNAK DAN MACAM KOMPOS TERHADAP PERTUMBUHAN TANAMAN KANGKUNG DARAT (Ipomoea sp.) ORGANIK]]></dc:title>
	<dc:creator>
		<ags:creatorPersonal><![CDATA[G Agustinha Da costa]]></ags:creatorPersonal>
	</dc:creator>
	<dc:identifier scheme="dcterms:URI"><![CDATA[http://core.kmi.open.ac.uk/download/pdf/12217578.pdf]]></dc:identifier>
	<dc:identifier scheme="dcterms:URI"><![CDATA[oai:core.kmi.open.ac.uk:12217578]]></dc:identifier>
	<dc:format><dcterms:medium><![CDATA[text]]></dcterms:medium></dc:format>
</ags:resource>
<ags:resource ags:ARN="GB2015402740">
	<dc:title><![CDATA[ALTERNATIF PEMILIHAN TANAMAN PANGAN PADA LAHAN PESISIR DENGAN PENDEKATAN EVALUASI TINGKAT KESESUAIAN LAHAN DI DAERAH KABUPATEN SIDOARJO]]></dc:title>
	<dc:creator>
		<ags:creatorPersonal><![CDATA[- Maroeto]]></ags:creatorPersonal>
		<ags:creatorPersonal><![CDATA[Sasongko Purnomo Edi]]></ags:creatorPersonal>
	</dc:creator>
	<dc:identifier scheme="dcterms:URI"><![CDATA[http://core.kmi.open.ac.uk/download/pdf/12217683.pdf]]></dc:identifier>
	<dc:identifier scheme="dcterms:URI"><![CDATA[oai:core.kmi.open.ac.uk:12217683]]></dc:identifier>
	<dc:format><dcterms:medium><![CDATA[text]]></dcterms:medium></dc:format>
</ags:resource>
<ags:resource ags:ARN="GB2015402741">
	<dc:title><![CDATA[DIVERSITY AND HABITAT PROFILE OF THE SHALLOW WATER HOLOTHURIANS IN CAMOTES ISLANDS, CENTRAL PHILIPPINES]]></dc:title>
	<dc:creator>
		<ags:creatorPersonal><![CDATA[Serapion N. T]]></ags:creatorPersonal>
		<ags:creatorPersonal><![CDATA[uyan]]></ags:creatorPersonal>
		<ags:creatorPersonal><![CDATA[Berenice T. Andriano]]></ags:creatorPersonal>
		<ags:creatorPersonal><![CDATA[Ricardo B. Gonzaga]]></ags:creatorPersonal>
		<ags:creatorPersonal><![CDATA[Panfilo E. Panfilo E. Ciriaco]]></ags:creatorPersonal>
		<ags:creatorPersonal><![CDATA[Wilfredo G. Anoos]]></ags:creatorPersonal>
		<ags:creatorPersonal><![CDATA[Lourdes M. Garciano]]></ags:creatorPersonal>
	</dc:creator>
	<dc:identifier scheme="dcterms:URI"><![CDATA[http://core.kmi.open.ac.uk/download/pdf/12217684.pdf]]></dc:identifier>
	<dc:identifier scheme="dcterms:URI"><![CDATA[oai:core.kmi.open.ac.uk:12217684]]></dc:identifier>
	<dc:format><dcterms:medium><![CDATA[text]]></dcterms:medium></dc:format>
</ags:resource>
<ags:resource ags:ARN="GB2015402742">
	<dc:title><![CDATA[STUDI KELAS KESESUAIAN LAHAN TANAMAN TEBU LAHAN KERING SEBAGAI DASAR PENGELOLAANNYA DI KEC. KEMLAGI KAB. MOJOKERTO]]></dc:title>
	<dc:creator>
		<ags:creatorPersonal><![CDATA[- Siswanto]]></ags:creatorPersonal>
		<ags:creatorPersonal><![CDATA[Sutrisno Hadi]]></ags:creatorPersonal>
	</dc:creator>
	<dc:identifier scheme="dcterms:URI"><![CDATA[http://core.kmi.open.ac.uk/download/pdf/12217698.pdf]]></dc:identifier>
	<dc:identifier scheme="dcterms:URI"><![CDATA[oai:core.kmi.open.ac.uk:12217698]]></dc:identifier>
	<dc:format><dcterms:medium><![CDATA[text]]></dcterms:medium></dc:format>
</ags:resource>
<ags:resource ags:ARN="GB2015402743">
	<dc:title><![CDATA[EXTENT OF MINERALIZATION ORGANIC FERTILIZER ON SALT AFFECTED SOIL AND THAT IMPLEMENTATION ON TOMATO]]></dc:title>
	<dc:creator>
		<ags:creatorPersonal><![CDATA[Wanti Mindari]]></ags:creatorPersonal>
		<ags:creatorPersonal><![CDATA[Sasongko Purnomo Edi]]></ags:creatorPersonal>
		<ags:creatorPersonal><![CDATA[- Maroeto]]></ags:creatorPersonal>
	</dc:creator>
	<dc:identifier scheme="dcterms:URI"><![CDATA[http://core.kmi.open.ac.uk/download/pdf/12217681.pdf]]></dc:identifier>
	<dc:identifier scheme="dcterms:URI"><![CDATA[oai:core.kmi.open.ac.uk:12217681]]></dc:identifier>
	<dc:format><dcterms:medium><![CDATA[text]]></dcterms:medium></dc:format>
</ags:resource>
<ags:resource ags:ARN="GB2015402744">
	<dc:title><![CDATA[PANDUAN CERDAS IMAGINE PENGOLAH CITRA SATELIT UNTUK PERTANIAN]]></dc:title>
	<dc:creator>
		<ags:creatorPersonal><![CDATA[Effi Damaidjati]]></ags:creatorPersonal>
	</dc:creator>
	<dc:identifier scheme="dcterms:URI"><![CDATA[oai:core.kmi.open.ac.uk:12217702]]></dc:identifier>
	<dc:identifier scheme="dcterms:URI"><![CDATA[http://core.kmi.open.ac.uk/download/pdf/12217702.pdf]]></dc:identifier>
	<dc:format><dcterms:medium><![CDATA[text]]></dcterms:medium></dc:format>
</ags:resource>
<ags:resource ags:ARN="GB2015402745">
	<dc:title><![CDATA[DROUGHT EARLY WARNING SYSTEM AND PREPARATION OF PLANTING PATTERN OF GLOBAL CLIMATE CHANGES IN CONNECTION WITH MOBILE TECHNOLOGY-BASED]]></dc:title>
	<dc:creator>
		<ags:creatorPersonal><![CDATA[Sasongko Purnomo Edi]]></ags:creatorPersonal>
		<ags:creatorPersonal><![CDATA[I Gede Susrama MD]]></ags:creatorPersonal>
		<ags:creatorPersonal><![CDATA[M. Syahrul Munir]]></ags:creatorPersonal>
	</dc:creator>
	<dc:identifier scheme="dcterms:URI"><![CDATA[oai:core.kmi.open.ac.uk:12217680]]></dc:identifier>
	<dc:identifier scheme="dcterms:URI"><![CDATA[http://core.kmi.open.ac.uk/download/pdf/12217680.pdf]]></dc:identifier>
	<dc:format><dcterms:medium><![CDATA[text]]></dcterms:medium></dc:format>
</ags:resource>
<ags:resource ags:ARN="GB2015402746">
	<dc:title><![CDATA[LAND CHARACTERISTICS TO INCREASE SUGAR CONTENT OF MELON FRUIT (Cucumis melo)]]></dc:title>
	<dc:creator>
		<ags:creatorPersonal><![CDATA[- Siswanto]]></ags:creatorPersonal>
		<ags:creatorPersonal><![CDATA[Sukaryorini Pancadewi]]></ags:creatorPersonal>
	</dc:creator>
	<dc:identifier scheme="dcterms:URI"><![CDATA[http://core.kmi.open.ac.uk/download/pdf/12217682.pdf]]></dc:identifier>
	<dc:identifier scheme="dcterms:URI"><![CDATA[oai:core.kmi.open.ac.uk:12217682]]></dc:identifier>
	<dc:format><dcterms:medium><![CDATA[text]]></dcterms:medium></dc:format>
</ags:resource>
<ags:resource ags:ARN="GB2015402747">
	<dc:title><![CDATA[EVALUASI KELAS KESESUAIAN LAHAN UNTUK TANAMAN HORTIKULTURA DI KECAMATAN WATULIMO, KABUPATEN TRENGGALEK]]></dc:title>
	<dc:creator>
		<ags:creatorPersonal><![CDATA[Attila Jámbor]]></ags:creatorPersonal>
	</dc:creator>
	<dc:identifier scheme="dcterms:URI"><![CDATA[http://core.kmi.open.ac.uk/download/pdf/12217699.pdf]]></dc:identifier>
	<dc:identifier scheme="dcterms:URI"><![CDATA[oai:core.kmi.open.ac.uk:12217699]]></dc:identifier>
	<dc:format><dcterms:medium><![CDATA[text]]></dcterms:medium></dc:format>
</ags:resource>
<ags:resource ags:ARN="GB2015402748">
	<dc:title><![CDATA[PENGEMBANGAN TEMBAKAU UNGGULAN DI SUMENEP]]></dc:title>
	<dc:creator>
		<ags:creatorPersonal><![CDATA[- Darsono]]></ags:creatorPersonal>
	</dc:creator>
	<dc:identifier scheme="dcterms:URI"><![CDATA[http://core.kmi.open.ac.uk/download/pdf/12217714.pdf]]></dc:identifier>
	<dc:identifier scheme="dcterms:URI"><![CDATA[oai:core.kmi.open.ac.uk:12217714]]></dc:identifier>
	<dc:format><dcterms:medium><![CDATA[text]]></dcterms:medium></dc:format>
</ags:resource>
<ags:resource ags:ARN="GB2015402749">
	<dc:title><![CDATA[EVALUASI LAHAN UNTUK TANAMAN BAWANG PUTIH DI PACET- MOJOKERTO]]></dc:title>
	<dc:creator>
		<ags:creatorPersonal><![CDATA[- Purwadi]]></ags:creatorPersonal>
		<ags:creatorPersonal><![CDATA[- Siswanto]]></ags:creatorPersonal>
	</dc:creator>
	<dc:identifier scheme="dcterms:URI"><![CDATA[http://core.kmi.open.ac.uk/download/pdf/12217715.pdf]]></dc:identifier>
	<dc:identifier scheme="dcterms:URI"><![CDATA[oai:core.kmi.open.ac.uk:12217715]]></dc:identifier>
	<dc:format><dcterms:medium><![CDATA[text]]></dcterms:medium></dc:format>
</ags:resource>
<ags:resource ags:ARN="GB2015402750">
	<dc:title><![CDATA[KEPEKAAN TANAH DAN TENAGA EKSOGEN]]></dc:title>
	<dc:creator>
		<ags:creatorPersonal><![CDATA[- Siswanto]]></ags:creatorPersonal>
	</dc:creator>
	<dc:identifier scheme="dcterms:URI"><![CDATA[oai:core.kmi.open.ac.uk:12217719]]></dc:identifier>
	<dc:identifier scheme="dcterms:URI"><![CDATA[http://core.kmi.open.ac.uk/download/pdf/12217719.pdf]]></dc:identifier>
	<dc:format><dcterms:medium><![CDATA[text]]></dcterms:medium></dc:format>
</ags:resource>
<ags:resource ags:ARN="GB2015402751">
	<dc:title><![CDATA[PENGANTAR SISTEM INFORMASI GEOGRAFIK]]></dc:title>
	<dc:creator>
		<ags:creatorPersonal><![CDATA[- Siswanto]]></ags:creatorPersonal>
	</dc:creator>
	<dc:identifier scheme="dcterms:URI"><![CDATA[oai:core.kmi.open.ac.uk:12217718]]></dc:identifier>
	<dc:identifier scheme="dcterms:URI"><![CDATA[http://core.kmi.open.ac.uk/download/pdf/12217718.pdf]]></dc:identifier>
	<dc:format><dcterms:medium><![CDATA[text]]></dcterms:medium></dc:format>
</ags:resource>
<ags:resource ags:ARN="GB2015402752">
	<dc:title><![CDATA[MENINGKATKAN KADAR GULA BUAH MELON]]></dc:title>
	<dc:creator>
		<ags:creatorPersonal><![CDATA[- Siswanto]]></ags:creatorPersonal>
	</dc:creator>
	<dc:identifier scheme="dcterms:URI"><![CDATA[oai:core.kmi.open.ac.uk:12217720]]></dc:identifier>
	<dc:identifier scheme="dcterms:URI"><![CDATA[http://core.kmi.open.ac.uk/download/pdf/12217720.pdf]]></dc:identifier>
	<dc:format><dcterms:medium><![CDATA[text]]></dcterms:medium></dc:format>
</ags:resource>
<ags:resource ags:ARN="GB2015402753">
	<dc:title><![CDATA[PENETAPAN HARGA POKOK PRODUK HORTIKUlTURA (Kasus di Agri Wira Pratama)]]></dc:title>
	<dc:creator>
		<ags:creatorPersonal><![CDATA[- Purwadi]]></ags:creatorPersonal>
	</dc:creator>
	<dc:identifier scheme="dcterms:URI"><![CDATA[http://core.kmi.open.ac.uk/download/pdf/12217740.pdf]]></dc:identifier>
	<dc:identifier scheme="dcterms:URI"><![CDATA[oai:core.kmi.open.ac.uk:12217740]]></dc:identifier>
	<dc:format><dcterms:medium><![CDATA[text]]></dcterms:medium></dc:format>
</ags:resource>
<ags:resource ags:ARN="GB2015402754">
	<dc:title><![CDATA[KAJIAN KONSENTRASI DAN LAMA PERENDAMAN COLCHICINE TERHADAP TANAMAN TOMAT (Solanum Iycopersicum. L)]]></dc:title>
	<dc:creator>
		<ags:creatorPersonal><![CDATA[F. Deru Dewati]]></ags:creatorPersonal>
		<ags:creatorPersonal><![CDATA[Yonny Koentjoro]]></ags:creatorPersonal>
		<ags:creatorPersonal><![CDATA[- Moegijanto]]></ags:creatorPersonal>
	</dc:creator>
	<dc:identifier scheme="dcterms:URI"><![CDATA[oai:core.kmi.open.ac.uk:12217739]]></dc:identifier>
	<dc:identifier scheme="dcterms:URI"><![CDATA[http://core.kmi.open.ac.uk/download/pdf/12217739.pdf]]></dc:identifier>
	<dc:format><dcterms:medium><![CDATA[text]]></dcterms:medium></dc:format>
</ags:resource>
<ags:resource ags:ARN="GB2015402755">
	<dc:title><![CDATA[PENGARUH WAKTU INOKULASI PEANUT STRIPE VIRUS (PSTV) TERHADAP HASIL PRODUKSIBEBERAPA VARIETAS TANAMAN KEDELAI (Glycine Max L)]]></dc:title>
	<dc:creator>
		<ags:creatorPersonal><![CDATA[Tri Mujoko]]></ags:creatorPersonal>
		<ags:creatorPersonal><![CDATA[Penta Suryaminarsih]]></ags:creatorPersonal>
		<ags:creatorPersonal><![CDATA[Roy jati Laksono]]></ags:creatorPersonal>
	</dc:creator>
	<dc:identifier scheme="dcterms:URI"><![CDATA[http://core.kmi.open.ac.uk/download/pdf/12217741.pdf]]></dc:identifier>
	<dc:identifier scheme="dcterms:URI"><![CDATA[oai:core.kmi.open.ac.uk:12217741]]></dc:identifier>
	<dc:format><dcterms:medium><![CDATA[text]]></dcterms:medium></dc:format>
</ags:resource>
<ags:resource ags:ARN="GB2015402756">
	<dc:title><![CDATA[PENGARUH MACAM SUMBER BAHAN ORGANIK DAN PUPUK UREA TABLET TERHADAP KARAKTERISTIK KIMIAWI TANAH]]></dc:title>
	<dc:creator>
		<ags:creatorPersonal><![CDATA[- Rahardjo]]></ags:creatorPersonal>
	</dc:creator>
	<dc:identifier scheme="dcterms:URI"><![CDATA[http://core.kmi.open.ac.uk/download/pdf/12217744.pdf]]></dc:identifier>
	<dc:identifier scheme="dcterms:URI"><![CDATA[oai:core.kmi.open.ac.uk:12217744]]></dc:identifier>
	<dc:format><dcterms:medium><![CDATA[text]]></dcterms:medium></dc:format>
</ags:resource>
<ags:resource ags:ARN="GB2015402757">
	<dc:title><![CDATA[PENGARUH PESTISIDA TERHADAP KEHIDUPAN ORGANISME TANAH]]></dc:title>
	<dc:creator>
		<ags:creatorPersonal><![CDATA[M. Ganesan]]></ags:creatorPersonal>
	</dc:creator>
	<dc:identifier scheme="dcterms:URI"><![CDATA[oai:core.kmi.open.ac.uk:12217742]]></dc:identifier>
	<dc:identifier scheme="dcterms:URI"><![CDATA[http://core.kmi.open.ac.uk/download/pdf/12217742.pdf]]></dc:identifier>
	<dc:format><dcterms:medium><![CDATA[text]]></dcterms:medium></dc:format>
</ags:resource>
<ags:resource ags:ARN="GB2015402758">
	<dc:title><![CDATA[STUDI CEKAMAN AIR TERHADAP PENAMPILAN BEBERAPA VARIETAS TANAMAN TOMAT (Lycopersicum esculentum, Mill.)]]></dc:title>
	<dc:creator>
		<ags:creatorPersonal><![CDATA[- Mulyanto]]></ags:creatorPersonal>
		<ags:creatorPersonal><![CDATA[Yonny Koentjoro]]></ags:creatorPersonal>
	</dc:creator>
	<dc:identifier scheme="dcterms:URI"><![CDATA[oai:core.kmi.open.ac.uk:12217743]]></dc:identifier>
	<dc:identifier scheme="dcterms:URI"><![CDATA[http://core.kmi.open.ac.uk/download/pdf/12217743.pdf]]></dc:identifier>
	<dc:format><dcterms:medium><![CDATA[text]]></dcterms:medium></dc:format>
</ags:resource>
<ags:resource ags:ARN="GB2015402759">
	<dc:title><![CDATA[AGRO INDUSTRI KOPI RACIK (Studi Kasus Kelayakan Usaha pada Industri Kopi Racik X di Kota Kediri)]]></dc:title>
	<dc:creator>
		<ags:creatorPersonal><![CDATA[Irdhoni Ahmad]]></ags:creatorPersonal>
	</dc:creator>
	<dc:identifier scheme="dcterms:URI"><![CDATA[http://core.kmi.open.ac.uk/download/pdf/12217745.pdf]]></dc:identifier>
	<dc:identifier scheme="dcterms:URI"><![CDATA[oai:core.kmi.open.ac.uk:12217745]]></dc:identifier>
	<dc:format><dcterms:medium><![CDATA[text]]></dcterms:medium></dc:format>
</ags:resource>
<ags:resource ags:ARN="GB2015402760">
	<dc:title><![CDATA[STUDI PEMBUNGAAN TANAMAN MANGGA (Mangifera  indica L) DENGAN APLIKASI FACLOBUTRAZOL DAN KNO3]]></dc:title>
	<dc:creator>
		<ags:creatorPersonal><![CDATA[Cholid Ridho]]></ags:creatorPersonal>
	</dc:creator>
	<dc:identifier scheme="dcterms:URI"><![CDATA[oai:core.kmi.open.ac.uk:12217746]]></dc:identifier>
	<dc:identifier scheme="dcterms:URI"><![CDATA[http://core.kmi.open.ac.uk/download/pdf/12217746.pdf]]></dc:identifier>
	<dc:format><dcterms:medium><![CDATA[text]]></dcterms:medium></dc:format>
</ags:resource>
<ags:resource ags:ARN="GB2015402761">
	<dc:title><![CDATA[RELIANCE ATTITUDES OF FARMERS IN CHOOSING HYBRID AND NON-HYBRID SEEDS IN CORN FARMING (CASE STUDY IN THE DISTRICT OF PURI DISTRICT. MOJOKERTO, EAST JAVA)]]></dc:title>
	<dc:creator>
		<ags:creatorPersonal><![CDATA[Bakti Wisnu Widjajani]]></ags:creatorPersonal>
		<ags:creatorPersonal><![CDATA[- Purwadi]]></ags:creatorPersonal>
		<ags:creatorPersonal><![CDATA[- Siswanto]]></ags:creatorPersonal>
	</dc:creator>
	<dc:identifier scheme="dcterms:URI"><![CDATA[http://core.kmi.open.ac.uk/download/pdf/12218173.pdf]]></dc:identifier>
	<dc:identifier scheme="dcterms:URI"><![CDATA[oai:core.kmi.open.ac.uk:12218173]]></dc:identifier>
	<dc:format><dcterms:medium><![CDATA[text]]></dcterms:medium></dc:format>
</ags:resource>
<ags:resource ags:ARN="GB2015402762">
	<dc:title><![CDATA[BIOPESTICIDE FORMULATION OF ENTHOMOPATHOGENIC NEMATODES LOCAL ISOLATE WITH IT’S TOXICITY TO SOYBEAN PEST (Spodoptera sp.)]]></dc:title>
	<dc:creator>
		<ags:creatorPersonal><![CDATA[- Nugrohorini]]></ags:creatorPersonal>
		<ags:creatorPersonal><![CDATA[Windriyanti Wiwin]]></ags:creatorPersonal>
	</dc:creator>
	<dc:identifier scheme="dcterms:URI"><![CDATA[http://core.kmi.open.ac.uk/download/pdf/12218216.pdf]]></dc:identifier>
	<dc:identifier scheme="dcterms:URI"><![CDATA[oai:core.kmi.open.ac.uk:12218216]]></dc:identifier>
	<dc:format><dcterms:medium><![CDATA[text]]></dcterms:medium></dc:format>
</ags:resource>
<ags:resource ags:ARN="GB2015402763">
	<dc:title><![CDATA[KARAKTERISTIK PERTUMBUHAN DAN PRODUKSI JAMUR TIRAM (Pleurotus ostreatus ) DIDATARAN MEDIUM PADA MEDIA SERESAH]]></dc:title>
	<dc:creator>
		<ags:creatorPersonal><![CDATA[- Widiwurjani]]></ags:creatorPersonal>
		<ags:creatorPersonal><![CDATA[- Guniarti]]></ags:creatorPersonal>
	</dc:creator>
	<dc:identifier scheme="dcterms:URI"><![CDATA[oai:core.kmi.open.ac.uk:12218269]]></dc:identifier>
	<dc:identifier scheme="dcterms:URI"><![CDATA[http://core.kmi.open.ac.uk/download/pdf/12218269.pdf]]></dc:identifier>
	<dc:format><dcterms:medium><![CDATA[text]]></dcterms:medium></dc:format>
</ags:resource>
<ags:resource ags:ARN="GB2015402764">
	<dc:title><![CDATA[APLIKASI TEKNOLOGI PRODUKSI MASSAL NEMATODA ENTOMOPATOGEN SEBAGAI BIOPESTISIDA HAMA WERENG PADA KELOMPOK TANI PADI DI KECAMATAN REMBANG, KABUPATEN PASURUAN]]></dc:title>
	<dc:creator>
		<ags:creatorPersonal><![CDATA[Rahayuningtias Sri]]></ags:creatorPersonal>
		<ags:creatorPersonal><![CDATA[- Nugrohorini]]></ags:creatorPersonal>
	</dc:creator>
	<dc:identifier scheme="dcterms:URI"><![CDATA[http://core.kmi.open.ac.uk/download/pdf/12218221.pdf]]></dc:identifier>
	<dc:identifier scheme="dcterms:URI"><![CDATA[oai:core.kmi.open.ac.uk:12218221]]></dc:identifier>
	<dc:format><dcterms:medium><![CDATA[text]]></dcterms:medium></dc:format>
</ags:resource>
<ags:resource ags:ARN="GB2015402765">
	<dc:title><![CDATA[POTENSI EMPAT MACAM BAHAN SERESAH SEBAGAI BAHAN SUBTITUSI UNTUK MEDIA TUMBUH JAMUR TIRAM PUTIH (Pleurotus ostreatus)]]></dc:title>
	<dc:creator>
		<ags:creatorPersonal><![CDATA[- Widiwurjani]]></ags:creatorPersonal>
		<ags:creatorPersonal><![CDATA[- Guniarti]]></ags:creatorPersonal>
	</dc:creator>
	<dc:identifier scheme="dcterms:URI"><![CDATA[oai:core.kmi.open.ac.uk:12218270]]></dc:identifier>
	<dc:identifier scheme="dcterms:URI"><![CDATA[http://core.kmi.open.ac.uk/download/pdf/12218270.pdf]]></dc:identifier>
	<dc:format><dcterms:medium><![CDATA[text]]></dcterms:medium></dc:format>
</ags:resource>
<ags:resource ags:ARN="GB2015402766">
	<dc:title><![CDATA[MENGGALI POTENSI SERESAH SEBAGAI MEDIA TUMBUH JAMUR TIRAM PUTIH (PLDUROTUS OS?REATUS)]]></dc:title>
	<dc:creator>
		<ags:creatorPersonal><![CDATA[- Widiwurjani]]></ags:creatorPersonal>
	</dc:creator>
	<dc:identifier scheme="dcterms:URI"><![CDATA[http://core.kmi.open.ac.uk/download/pdf/12218297.pdf]]></dc:identifier>
	<dc:identifier scheme="dcterms:URI"><![CDATA[oai:core.kmi.open.ac.uk:12218297]]></dc:identifier>
	<dc:format><dcterms:medium><![CDATA[text]]></dcterms:medium></dc:format>
</ags:resource>
<ags:resource ags:ARN="GB2015402767">
	<dc:title><![CDATA[KAJIAN SIFATFISIK TANAH DAN BERBAGAI PENGGUNAAN LAHAN DALAM HUBUNGANNYA DENGAN PENDUGAAN EROSI TANAH]]></dc:title>
	<dc:creator>
		<ags:creatorPersonal><![CDATA[Arifin Moch.]]></ags:creatorPersonal>
	</dc:creator>
	<dc:identifier scheme="dcterms:URI"><![CDATA[oai:core.kmi.open.ac.uk:12218329]]></dc:identifier>
	<dc:identifier scheme="dcterms:URI"><![CDATA[http://core.kmi.open.ac.uk/download/pdf/12218329.pdf]]></dc:identifier>
	<dc:format><dcterms:medium><![CDATA[text]]></dcterms:medium></dc:format>
</ags:resource>
<ags:resource ags:ARN="GB2015402768">
	<dc:title><![CDATA[PEMETAAN KESESUAIAN LAHAN UNTUK KOMODITI TANAMAN PERKEBUNAN DI KECAMATAN MUNJUNGAN, KABUPATEN TRENGGALEK]]></dc:title>
	<dc:creator>
		<ags:creatorPersonal><![CDATA[Sukaryorini Pancadewi]]></ags:creatorPersonal>
		<ags:creatorPersonal><![CDATA[Arifin Moch.]]></ags:creatorPersonal>
	</dc:creator>
	<dc:identifier scheme="dcterms:URI"><![CDATA[http://core.kmi.open.ac.uk/download/pdf/12218331.pdf]]></dc:identifier>
	<dc:identifier scheme="dcterms:URI"><![CDATA[oai:core.kmi.open.ac.uk:12218331]]></dc:identifier>
	<dc:format><dcterms:medium><![CDATA[text]]></dcterms:medium></dc:format>
</ags:resource>
<ags:resource ags:ARN="GB2015402769">
	<dc:title><![CDATA[EVALUASI KESESUAIAN LAHAN UNTUK TANAMAN TEBU DI KABUPATEN KEDIRI WILAYAH BARAT]]></dc:title>
	<dc:creator>
		<ags:creatorPersonal><![CDATA[Arifin Moch.]]></ags:creatorPersonal>
		<ags:creatorPersonal><![CDATA[Sukaryorini Pancadewi]]></ags:creatorPersonal>
	</dc:creator>
	<dc:identifier scheme="dcterms:URI"><![CDATA[oai:core.kmi.open.ac.uk:12218336]]></dc:identifier>
	<dc:identifier scheme="dcterms:URI"><![CDATA[http://core.kmi.open.ac.uk/download/pdf/12218336.pdf]]></dc:identifier>
	<dc:format><dcterms:medium><![CDATA[text]]></dcterms:medium></dc:format>
</ags:resource>
<ags:resource ags:ARN="GB2015402770">
	<dc:title><![CDATA[DAMPAK PENAMBAHAN BAHAN AMANDEMEN DI BERBAGAI KELENGASAN  TANAH TERHADAP KETERSEDIAAN HARA PADA VERTISOL]]></dc:title>
	<dc:creator>
		<ags:creatorPersonal><![CDATA[Arifin Moch.]]></ags:creatorPersonal>
	</dc:creator>
	<dc:identifier scheme="dcterms:URI"><![CDATA[oai:core.kmi.open.ac.uk:12218335]]></dc:identifier>
	<dc:identifier scheme="dcterms:URI"><![CDATA[http://core.kmi.open.ac.uk/download/pdf/12218335.pdf]]></dc:identifier>
	<dc:format><dcterms:medium><![CDATA[text]]></dcterms:medium></dc:format>
</ags:resource>
<ags:resource ags:ARN="GB2015402771">
	<dc:title><![CDATA[PENGARUH PUPUK KANDANG DAN GIBBERELLIN TERHADAP BEBERAPA SIFAT  FISIK TANAH DAN LUAS DAUN BIBIT JAMBU METE]]></dc:title>
	<dc:creator>
		<ags:creatorPersonal><![CDATA[Sukaryorini Pancadewi]]></ags:creatorPersonal>
		<ags:creatorPersonal><![CDATA[- Rahardjo]]></ags:creatorPersonal>
	</dc:creator>
	<dc:identifier scheme="dcterms:URI"><![CDATA[http://core.kmi.open.ac.uk/download/pdf/12218337.pdf]]></dc:identifier>
	<dc:identifier scheme="dcterms:URI"><![CDATA[oai:core.kmi.open.ac.uk:12218337]]></dc:identifier>
	<dc:format><dcterms:medium><![CDATA[text]]></dcterms:medium></dc:format>
</ags:resource>
<ags:resource ags:ARN="GB2015402772">
	<dc:title><![CDATA[STUDI PFRKEMBANGAN TANAW DlTlNJAU DRRl SIFAT KIMIA  DALAM SATU TOPOSEKUEN DILERENG SELATAN GUNUNG KAWI]]></dc:title>
	<dc:creator>
		<ags:creatorPersonal><![CDATA[- Maroeto]]></ags:creatorPersonal>
		<ags:creatorPersonal><![CDATA[Arifin Moch.]]></ags:creatorPersonal>
	</dc:creator>
	<dc:identifier scheme="dcterms:URI"><![CDATA[http://core.kmi.open.ac.uk/download/pdf/12218338.pdf]]></dc:identifier>
	<dc:identifier scheme="dcterms:URI"><![CDATA[oai:core.kmi.open.ac.uk:12218338]]></dc:identifier>
	<dc:format><dcterms:medium><![CDATA[text]]></dcterms:medium></dc:format>
</ags:resource>
<ags:resource ags:ARN="GB2015402773">
	<dc:title><![CDATA[STUDI PERKEMBANGAN TANAH DITINJAU DARI SIFAT KIMIA DALAM SATU TOPOSEKUEN DI LERENG SELATAN GUNUNG KAWI]]></dc:title>
	<dc:creator>
		<ags:creatorPersonal><![CDATA[Matthias Rott]]></ags:creatorPersonal>
	</dc:creator>
	<dc:identifier scheme="dcterms:URI"><![CDATA[oai:core.kmi.open.ac.uk:12218332]]></dc:identifier>
	<dc:identifier scheme="dcterms:URI"><![CDATA[http://core.kmi.open.ac.uk/download/pdf/12218332.pdf]]></dc:identifier>
	<dc:format><dcterms:medium><![CDATA[text]]></dcterms:medium></dc:format>
</ags:resource>
<ags:resource ags:ARN="GB2015402774">
	<dc:title><![CDATA[UJI PEMBERIAN ABU SEKAM PADI DAN PUPUK KANDANG SAPI TERHADAP  PERILAKU FISIK ENTISOL]]></dc:title>
	<dc:creator>
		<ags:creatorPersonal><![CDATA[Sukaryorini Pancadewi]]></ags:creatorPersonal>
	</dc:creator>
	<dc:identifier scheme="dcterms:URI"><![CDATA[http://core.kmi.open.ac.uk/download/pdf/12218339.pdf]]></dc:identifier>
	<dc:identifier scheme="dcterms:URI"><![CDATA[oai:core.kmi.open.ac.uk:12218339]]></dc:identifier>
	<dc:format><dcterms:medium><![CDATA[text]]></dcterms:medium></dc:format>
</ags:resource>
<ags:resource ags:ARN="GB2015402775">
	<dc:title><![CDATA[EVALUAS1 KESESUAIAN LAHAN UNTUK TANAMAN HORTIKULTURA DI KECAMATAN WATULIMO, KABUPATEN TRENGGALEK]]></dc:title>
	<dc:creator>
		<ags:creatorPersonal><![CDATA[- Siswanto]]></ags:creatorPersonal>
		<ags:creatorPersonal><![CDATA[Sukaryorini Pancadewi]]></ags:creatorPersonal>
	</dc:creator>
	<dc:identifier scheme="dcterms:URI"><![CDATA[oai:core.kmi.open.ac.uk:12218340]]></dc:identifier>
	<dc:identifier scheme="dcterms:URI"><![CDATA[http://core.kmi.open.ac.uk/download/pdf/12218340.pdf]]></dc:identifier>
	<dc:format><dcterms:medium><![CDATA[text]]></dcterms:medium></dc:format>
</ags:resource>
<ags:resource ags:ARN="GB2015402776">
	<dc:title><![CDATA[PENGARUH MODELING MACAM TANAMAN TERHADAP NILAI EROSI DI LAHAN PERTANIAN]]></dc:title>
	<dc:creator>
		<ags:creatorPersonal><![CDATA[Sukaryorini Pancadewi]]></ags:creatorPersonal>
		<ags:creatorPersonal><![CDATA[Arifin Moch.]]></ags:creatorPersonal>
	</dc:creator>
	<dc:identifier scheme="dcterms:URI"><![CDATA[oai:core.kmi.open.ac.uk:12218342]]></dc:identifier>
	<dc:identifier scheme="dcterms:URI"><![CDATA[http://core.kmi.open.ac.uk/download/pdf/12218342.pdf]]></dc:identifier>
	<dc:format><dcterms:medium><![CDATA[text]]></dcterms:medium></dc:format>
</ags:resource>
<ags:resource ags:ARN="GB2015402777">
	<dc:title><![CDATA[PEMETAAN KESESUAIAN LAHAN UNTUK KOMODITI TANAMAN BUAH-  BUAHAN DI KECAMATAN MUNJUNGAN, KABUPATEN TERGGALEK]]></dc:title>
	<dc:creator>
		<ags:creatorPersonal><![CDATA[Ridho Cholid]]></ags:creatorPersonal>
	</dc:creator>
	<dc:identifier scheme="dcterms:URI"><![CDATA[http://core.kmi.open.ac.uk/download/pdf/12218341.pdf]]></dc:identifier>
	<dc:identifier scheme="dcterms:URI"><![CDATA[oai:core.kmi.open.ac.uk:12218341]]></dc:identifier>
	<dc:format><dcterms:medium><![CDATA[text]]></dcterms:medium></dc:format>
</ags:resource>
<ags:resource ags:ARN="GB2015402778">
	<dc:title><![CDATA[PENGARUH PEMBERIAN ZEOLIT DAN JERAMI JAGUNG TERHADAP  INTERVAL PEMBERIAN AIR PADA ENTISOL DAN VERTISOL]]></dc:title>
	<dc:creator>
		<ags:creatorPersonal><![CDATA[- Purwadi]]></ags:creatorPersonal>
		<ags:creatorPersonal><![CDATA[Sukaryorini Pancadewi]]></ags:creatorPersonal>
	</dc:creator>
	<dc:identifier scheme="dcterms:URI"><![CDATA[http://core.kmi.open.ac.uk/download/pdf/12218343.pdf]]></dc:identifier>
	<dc:identifier scheme="dcterms:URI"><![CDATA[oai:core.kmi.open.ac.uk:12218343]]></dc:identifier>
	<dc:format><dcterms:medium><![CDATA[text]]></dcterms:medium></dc:format>
</ags:resource>
<ags:resource ags:ARN="GB2015402779">
	<dc:title><![CDATA[SEMAK HIAS ELEMEN LANSKAP PERKOTAANSEBAGAI FITOINDIKATOR PENCEMARAN UDARA SULFUR DIOKSIDA DALAM KAJIAN HORMESIS]]></dc:title>
	<dc:creator>
		<ags:creatorPersonal><![CDATA[Nugrahani Pangesti]]></ags:creatorPersonal>
		<ags:creatorPersonal><![CDATA[P Endang Triwahyu]]></ags:creatorPersonal>
	</dc:creator>
	<dc:identifier scheme="dcterms:URI"><![CDATA[http://core.kmi.open.ac.uk/download/pdf/12218376.pdf]]></dc:identifier>
	<dc:identifier scheme="dcterms:URI"><![CDATA[oai:core.kmi.open.ac.uk:12218376]]></dc:identifier>
	<dc:format><dcterms:medium><![CDATA[text]]></dcterms:medium></dc:format>
</ags:resource>
<ags:resource ags:ARN="GB2015402780">
	<dc:title><![CDATA[PERILAKU GARAM Na (SODIUM) PADA BEBERAPA TINGGI KOLOM TANAH SALIN DAN PEMBERIAN AMANDEMEN]]></dc:title>
	<dc:creator>
		<ags:creatorPersonal><![CDATA[Sasongko Purnomo Edi]]></ags:creatorPersonal>
	</dc:creator>
	<dc:identifier scheme="dcterms:URI"><![CDATA[http://core.kmi.open.ac.uk/download/pdf/12218368.pdf]]></dc:identifier>
	<dc:identifier scheme="dcterms:URI"><![CDATA[oai:core.kmi.open.ac.uk:12218368]]></dc:identifier>
	<dc:format><dcterms:medium><![CDATA[text]]></dcterms:medium></dc:format>
</ags:resource>
<ags:resource ags:ARN="GB2015402781">
	<dc:title><![CDATA[PENINGKATAN HASIL DAN KETAHANAN KULTIVAR BAWANG MERAH TERHADAP Fusarium  oxysporum f.sp. cepae PENYEBAB PENYAKIT MOLER MENGGUNAKAN SUSPENSI MIKROORGANISME)]]></dc:title>
	<dc:creator>
		<ags:creatorPersonal><![CDATA[Wiyatiningsih Sri]]></ags:creatorPersonal>
		<ags:creatorPersonal><![CDATA[Sukaryorini Pancadewi]]></ags:creatorPersonal>
	</dc:creator>
	<dc:identifier scheme="dcterms:URI"><![CDATA[http://core.kmi.open.ac.uk/download/pdf/12218344.pdf]]></dc:identifier>
	<dc:identifier scheme="dcterms:URI"><![CDATA[oai:core.kmi.open.ac.uk:12218344]]></dc:identifier>
	<dc:format><dcterms:medium><![CDATA[text]]></dcterms:medium></dc:format>
</ags:resource>
<ags:resource ags:ARN="GB2015402782">
	<dc:title><![CDATA[PENINGKATAN KETAHANAN KULTIVAR BAWANG  MERAH  TERHADAP  Fusarium oxysporum Fsp. cepae  PENYEBAB PENYAKIT MOLER MENGGUNAKAN SUSPENSI MIKROORGANISME]]></dc:title>
	<dc:creator>
		<ags:creatorPersonal><![CDATA[Sukaryorini Pancadewi]]></ags:creatorPersonal>
		<ags:creatorPersonal><![CDATA[Wiyatiningsih Sri]]></ags:creatorPersonal>
	</dc:creator>
	<dc:identifier scheme="dcterms:URI"><![CDATA[oai:core.kmi.open.ac.uk:12218345]]></dc:identifier>
	<dc:identifier scheme="dcterms:URI"><![CDATA[http://core.kmi.open.ac.uk/download/pdf/12218345.pdf]]></dc:identifier>
	<dc:format><dcterms:medium><![CDATA[text]]></dcterms:medium></dc:format>
</ags:resource>
<ags:resource ags:ARN="GB2015402783">
	<dc:title><![CDATA[AKTIVITAS ANTIOKSIDAN BEBERAPA JENIS RUMPUT LAUT (SEAWEEDS)  KOMERSIAL DI BALI]]></dc:title>
	<dc:creator>
		<ags:creatorPersonal><![CDATA[Julyasih Ketut Sri Marhaeni]]></ags:creatorPersonal>
		<ags:creatorPersonal><![CDATA[I.G.P Wirawan]]></ags:creatorPersonal>
		<ags:creatorPersonal><![CDATA[Sri Harijani Wiwik]]></ags:creatorPersonal>
		<ags:creatorPersonal><![CDATA[Widajati Wiludjeng]]></ags:creatorPersonal>
	</dc:creator>
	<dc:identifier scheme="dcterms:URI"><![CDATA[http://core.kmi.open.ac.uk/download/pdf/12219029.pdf]]></dc:identifier>
	<dc:identifier scheme="dcterms:URI"><![CDATA[oai:core.kmi.open.ac.uk:12219029]]></dc:identifier>
	<dc:format><dcterms:medium><![CDATA[text]]></dcterms:medium></dc:format>
</ags:resource>
<ags:resource ags:ARN="GB2015402784">
	<dc:title><![CDATA[EKSPLORASI DAN KAJIAN KERAGAMAN JAMUR FILOPLEN PADA TANAMAN BAWANG MERAH : UPAYA PENGENDALIAN HAYATI TERHADAP PENYAKIT BERCAK UNGU (Alternaria porri)]]></dc:title>
	<dc:creator>
		<ags:creatorPersonal><![CDATA[Nirwanto Herry]]></ags:creatorPersonal>
		<ags:creatorPersonal><![CDATA[Mujoko Tri]]></ags:creatorPersonal>
	</dc:creator>
	<dc:identifier scheme="dcterms:URI"><![CDATA[http://core.kmi.open.ac.uk/download/pdf/12219074.pdf]]></dc:identifier>
	<dc:identifier scheme="dcterms:URI"><![CDATA[oai:core.kmi.open.ac.uk:12219074]]></dc:identifier>
	<dc:format><dcterms:medium><![CDATA[text]]></dcterms:medium></dc:format>
</ags:resource>
<ags:resource ags:ARN="GB2015402785">
	<dc:title><![CDATA[CAROTENOIDS CONTENT OF COMMERCIAL SEAWEED IN BALI]]></dc:title>
	<dc:creator>
		<ags:creatorPersonal><![CDATA[Julyasih Ketut Sri Marhaeni]]></ags:creatorPersonal>
	</dc:creator>
	<dc:identifier scheme="dcterms:URI"><![CDATA[oai:core.kmi.open.ac.uk:12219055]]></dc:identifier>
	<dc:identifier scheme="dcterms:URI"><![CDATA[http://core.kmi.open.ac.uk/download/pdf/12219055.pdf]]></dc:identifier>
	<dc:format><dcterms:medium><![CDATA[text]]></dcterms:medium></dc:format>
</ags:resource>
<ags:resource ags:ARN="GB2015402786">
	<dc:title><![CDATA[Johne’s Disease–Dairy, Winter 2009, Vol. 1, no. 3]]></dc:title>
	<dc:creator>
		<ags:creatorPersonal><![CDATA[Thi Minh-Phuong Ngo]]></ags:creatorPersonal>
	</dc:creator>
	<dc:identifier scheme="dcterms:URI"><![CDATA[http://core.kmi.open.ac.uk/download/pdf/12235479.pdf]]></dc:identifier>
	<dc:identifier scheme="dcterms:URI"><![CDATA[oai:core.kmi.open.ac.uk:12235479]]></dc:identifier>
	<dc:format><dcterms:medium><![CDATA[text]]></dcterms:medium></dc:format>
</ags:resource>
<ags:resource ags:ARN="GB2015402787">
	<dc:title><![CDATA[Mapping agricultural research in India: a profile based on CAB Abstracts 1998]]></dc:title>
	<dc:creator>
		<ags:creatorPersonal><![CDATA[Pierre Sans]]></ags:creatorPersonal>
	</dc:creator>
	<dc:identifier scheme="dcterms:URI"><![CDATA[http://core.kmi.open.ac.uk/download/pdf/12242817.pdf]]></dc:identifier>
	<dc:identifier scheme="dcterms:URI"><![CDATA[oai:core.kmi.open.ac.uk:12242817]]></dc:identifier>
	<dc:format><dcterms:medium><![CDATA[text]]></dcterms:medium></dc:format>
</ags:resource>
<ags:resource ags:ARN="GB2015402788">
	<dc:title><![CDATA[Assessing multiple novel tracers to improve the understanding of the contribution of agricultural farm waste to diffuse water pollution]]></dc:title>
	<dc:creator>
		<ags:creatorPersonal><![CDATA[András Nábrádi]]></ags:creatorPersonal>
		<ags:creatorPersonal><![CDATA[Kornélia Ficzeréné Nagymihály]]></ags:creatorPersonal>
	</dc:creator>
	<dc:identifier scheme="dcterms:URI"><![CDATA[oai:core.kmi.open.ac.uk:12235633]]></dc:identifier>
	<dc:identifier scheme="dcterms:URI"><![CDATA[http://core.kmi.open.ac.uk/download/pdf/12235633.pdf]]></dc:identifier>
	<dc:format><dcterms:medium><![CDATA[text]]></dcterms:medium></dc:format>
</ags:resource>
<ags:resource ags:ARN="GB2015402789">
	<dc:title><![CDATA[Role of bioinformatics in biotechnology]]></dc:title>
	<dc:creator>
		<ags:creatorPersonal><![CDATA[Géza János Kovács]]></ags:creatorPersonal>
		<ags:creatorPersonal><![CDATA[Nándor Fodor]]></ags:creatorPersonal>
		<ags:creatorPersonal><![CDATA[Gabriella Máthéné dr. Gáspár]]></ags:creatorPersonal>
	</dc:creator>
	<dc:identifier scheme="dcterms:URI"><![CDATA[http://core.kmi.open.ac.uk/download/pdf/12243700.pdf]]></dc:identifier>
	<dc:identifier scheme="dcterms:URI"><![CDATA[oai:core.kmi.open.ac.uk:12243700]]></dc:identifier>
	<dc:format><dcterms:medium><![CDATA[text]]></dcterms:medium></dc:format>
</ags:resource>
<ags:resource ags:ARN="GB2015402790">
	<dc:title><![CDATA[Antibacterial activity of culture extracts of Penicillium chrysogenum PCL501: effects of carbon sources]]></dc:title>
	<dc:creator>
		<ags:creatorPersonal><![CDATA[B.M Onyegeme-Okerenta]]></ags:creatorPersonal>
		<ags:creatorPersonal><![CDATA[S.N. Chinedu]]></ags:creatorPersonal>
		<ags:creatorPersonal><![CDATA[U.A. Okafor]]></ags:creatorPersonal>
		<ags:creatorPersonal><![CDATA[V.I. Okochi]]></ags:creatorPersonal>
	</dc:creator>
	<dc:identifier scheme="dcterms:URI"><![CDATA[http://core.kmi.open.ac.uk/download/pdf/12245117.pdf]]></dc:identifier>
	<dc:identifier scheme="dcterms:URI"><![CDATA[oai:core.kmi.open.ac.uk:12245117]]></dc:identifier>
	<dc:format><dcterms:medium><![CDATA[text]]></dcterms:medium></dc:format>
</ags:resource>
<ags:resource ags:ARN="GB2015402791">
	<dc:title><![CDATA[Open access journal publishing in the agricultural sciences]]></dc:title>
	<dc:creator>
		<ags:creatorPersonal><![CDATA[Thomas Abraham]]></ags:creatorPersonal>
		<ags:creatorPersonal><![CDATA[Nagaraj Vaidya]]></ags:creatorPersonal>
		<ags:creatorPersonal><![CDATA[Vimal Kumar]]></ags:creatorPersonal>
		<ags:creatorPersonal><![CDATA[Sridhar Gutam]]></ags:creatorPersonal>
		<ags:creatorPersonal><![CDATA[Aneeja Guttikonda]]></ags:creatorPersonal>
	</dc:creator>
	<dc:identifier scheme="dcterms:URI"><![CDATA[oai:core.kmi.open.ac.uk:12245128]]></dc:identifier>
	<dc:identifier scheme="dcterms:URI"><![CDATA[http://core.kmi.open.ac.uk/download/pdf/12245128.pdf]]></dc:identifier>
	<dc:format><dcterms:medium><![CDATA[text]]></dcterms:medium></dc:format>
</ags:resource>
<ags:resource ags:ARN="GB2015402792">
	<dc:title><![CDATA[A case study on increasing tomato productivity in a low cost naturally ventilated greenhouse with different spacing]]></dc:title>
	<dc:creator>
		<ags:creatorPersonal><![CDATA[M Ganesan]]></ags:creatorPersonal>
		<ags:creatorPersonal><![CDATA[R. Subbiah Vijay]]></ags:creatorPersonal>
	</dc:creator>
	<dc:identifier scheme="dcterms:URI"><![CDATA[oai:core.kmi.open.ac.uk:12243443]]></dc:identifier>
	<dc:identifier scheme="dcterms:URI"><![CDATA[http://core.kmi.open.ac.uk/download/pdf/12243443.pdf]]></dc:identifier>
	<dc:format><dcterms:medium><![CDATA[text]]></dcterms:medium></dc:format>
</ags:resource>
<ags:resource ags:ARN="GB2015402793">
	<dc:title><![CDATA[Effect of poly-greenhouse models on plant growth and yield of tomato (lycopersicon esculentum)]]></dc:title>
	<dc:creator>
		<ags:creatorPersonal><![CDATA[M. Ganesan]]></ags:creatorPersonal>
	</dc:creator>
	<dc:identifier scheme="dcterms:URI"><![CDATA[oai:core.kmi.open.ac.uk:12243441]]></dc:identifier>
	<dc:identifier scheme="dcterms:URI"><![CDATA[http://core.kmi.open.ac.uk/download/pdf/12243441.pdf]]></dc:identifier>
	<dc:format><dcterms:medium><![CDATA[text]]></dcterms:medium></dc:format>
</ags:resource>
<ags:resource ags:ARN="GB2015402794">
	<dc:title><![CDATA[Effect of poly-greenhouse on plant micro climate and fruit yield of tomato]]></dc:title>
	<dc:creator>
		<ags:creatorPersonal><![CDATA[Attila Jámbor]]></ags:creatorPersonal>
	</dc:creator>
	<dc:identifier scheme="dcterms:URI"><![CDATA[oai:core.kmi.open.ac.uk:12243442]]></dc:identifier>
	<dc:identifier scheme="dcterms:URI"><![CDATA[http://core.kmi.open.ac.uk/download/pdf/12243442.pdf]]></dc:identifier>
	<dc:format><dcterms:medium><![CDATA[text]]></dcterms:medium></dc:format>
</ags:resource>
<ags:resource ags:ARN="GB2015402795">
	<dc:title><![CDATA[Analisis Usaha Industri Emping Melinjo Skala Rumah Tangga Di Kabupaten Magetan]]></dc:title>
	<dc:creator>
		<ags:creatorPersonal><![CDATA[Ika Wahyu Yuni Asri]]></ags:creatorPersonal>
	</dc:creator>
	<dc:identifier scheme="dcterms:URI"><![CDATA[oai:core.kmi.open.ac.uk:12345262]]></dc:identifier>
	<dc:identifier scheme="dcterms:URI"><![CDATA[http://core.kmi.open.ac.uk/download/pdf/12345262.pdf]]></dc:identifier>
	<dc:format><dcterms:medium><![CDATA[text]]></dcterms:medium></dc:format>
</ags:resource>
<ags:resource ags:ARN="GB2015402796">
	<dc:title><![CDATA[Faktor-Faktor Yang Mempengaruhi Adopsi Biopestisida Oleh Petani Di Kecamatan Mojogedang Kabupaten Karanganyar]]></dc:title>
	<dc:creator>
		<ags:creatorPersonal><![CDATA[Herning Prabayanti]]></ags:creatorPersonal>
	</dc:creator>
	<dc:identifier scheme="dcterms:URI"><![CDATA[http://core.kmi.open.ac.uk/download/pdf/12345122.pdf]]></dc:identifier>
	<dc:identifier scheme="dcterms:URI"><![CDATA[oai:core.kmi.open.ac.uk:12345122]]></dc:identifier>
	<dc:format><dcterms:medium><![CDATA[text]]></dcterms:medium></dc:format>
</ags:resource>
<ags:resource ags:ARN="GB2015402797">
	<dc:title><![CDATA[Kajian Sifat Fisikokimia Tepung Millet Kuning Dan Tepung Millet Merah]]></dc:title>
	<dc:creator>
		<ags:creatorPersonal><![CDATA[Bagus Eko Prasetyo]]></ags:creatorPersonal>
	</dc:creator>
	<dc:identifier scheme="dcterms:URI"><![CDATA[http://core.kmi.open.ac.uk/download/pdf/12345275.pdf]]></dc:identifier>
	<dc:identifier scheme="dcterms:URI"><![CDATA[oai:core.kmi.open.ac.uk:12345275]]></dc:identifier>
	<dc:format><dcterms:medium><![CDATA[text]]></dcterms:medium></dc:format>
</ags:resource>
<ags:resource ags:ARN="GB2015402798">
	<dc:title><![CDATA[Laporan magang di PT. Garudafood Putra Putri Jaya Pati Jawa Tengah (proses pengadaan bahan baku)]]></dc:title>
	<dc:creator>
		<ags:creatorPersonal><![CDATA[M. Fatah Baihaqie]]></ags:creatorPersonal>
	</dc:creator>
	<dc:identifier scheme="dcterms:URI"><![CDATA[http://core.kmi.open.ac.uk/download/pdf/12345346.pdf]]></dc:identifier>
	<dc:identifier scheme="dcterms:URI"><![CDATA[oai:core.kmi.open.ac.uk:12345346]]></dc:identifier>
	<dc:format><dcterms:medium><![CDATA[text]]></dcterms:medium></dc:format>
</ags:resource>
<ags:resource ags:ARN="GB2015402799">
	<dc:title><![CDATA[Laporan magang di PT. Podorejo Sukses Magelang (sanitasi pabrik]]></dc:title>
	<dc:creator>
		<ags:creatorPersonal><![CDATA[Maria Regina Pramita T. A.]]></ags:creatorPersonal>
	</dc:creator>
	<dc:identifier scheme="dcterms:URI"><![CDATA[oai:core.kmi.open.ac.uk:12345457]]></dc:identifier>
	<dc:identifier scheme="dcterms:URI"><![CDATA[http://core.kmi.open.ac.uk/download/pdf/12345457.pdf]]></dc:identifier>
	<dc:format><dcterms:medium><![CDATA[text]]></dcterms:medium></dc:format>
</ags:resource>
</ags:resources>