<?xml version="1.0" encoding="UTF-8"?>
<!DOCTYPE ags:resources SYSTEM "http://purl.org/agmes/agrisap/dtd/">
<ags:resources xmlns:ags="http://purl.org/agmes/1.1/" xmlns:dc="http://purl.org/dc/elements/1.1/" xmlns:agls="http://www.naa.gov.au/recordkeeping/gov_online/agls/1.2" xmlns:dcterms="http://purl.org/dc/terms/">
<ags:resource ags:ARN="GB2015400100">
	<dc:title><![CDATA[Soil N2O and CO2 emissions from cotton in Australia under varying irrigation management]]></dc:title>
	<dc:creator>
		<ags:creatorPersonal><![CDATA[Clemens Scheer]]></ags:creatorPersonal>
		<ags:creatorPersonal><![CDATA[Peter R. Grace]]></ags:creatorPersonal>
		<ags:creatorPersonal><![CDATA[David W. Rowlings]]></ags:creatorPersonal>
		<ags:creatorPersonal><![CDATA[Jose Payero]]></ags:creatorPersonal>
	</dc:creator>
	<dc:identifier scheme="dcterms:URI"><![CDATA[oai:core.kmi.open.ac.uk:10916232]]></dc:identifier>
	<dc:identifier scheme="dcterms:URI"><![CDATA[http://core.kmi.open.ac.uk/download/pdf/10916232.pdf]]></dc:identifier>
	<dc:format><dcterms:medium><![CDATA[text]]></dcterms:medium></dc:format>
</ags:resource>
<ags:resource ags:ARN="GB2015400101">
	<dc:title><![CDATA[The influence of human rights on land rights and spatial information]]></dc:title>
	<dc:creator>
		<ags:creatorPersonal><![CDATA[John Cook]]></ags:creatorPersonal>
	</dc:creator>
	<dc:identifier scheme="dcterms:URI"><![CDATA[http://core.kmi.open.ac.uk/download/pdf/10917650.pdf]]></dc:identifier>
	<dc:identifier scheme="dcterms:URI"><![CDATA[oai:core.kmi.open.ac.uk:10917650]]></dc:identifier>
	<dc:format><dcterms:medium><![CDATA[text]]></dcterms:medium></dc:format>
</ags:resource>
<ags:resource ags:ARN="GB2015400102">
	<dc:title><![CDATA[Nambour : the model rural school]]></dc:title>
	<dc:creator>
		<ags:creatorPersonal><![CDATA[Tony Brady]]></ags:creatorPersonal>
	</dc:creator>
	<dc:identifier scheme="dcterms:URI"><![CDATA[oai:core.kmi.open.ac.uk:10915666]]></dc:identifier>
	<dc:identifier scheme="dcterms:URI"><![CDATA[http://core.kmi.open.ac.uk/download/pdf/10915666.pdf]]></dc:identifier>
	<dc:format><dcterms:medium><![CDATA[text]]></dcterms:medium></dc:format>
</ags:resource>
<ags:resource ags:ARN="GB2015400103">
	<dc:title><![CDATA[A nonlinear PI and backstepping based controller for tractor-steerable trailer influenced by slip]]></dc:title>
	<dc:creator>
		<ags:creatorPersonal><![CDATA[Van T. Huynh]]></ags:creatorPersonal>
		<ags:creatorPersonal><![CDATA[Ryan N. Smith]]></ags:creatorPersonal>
		<ags:creatorPersonal><![CDATA[Ngai Ming Kwok]]></ags:creatorPersonal>
		<ags:creatorPersonal><![CDATA[Jayantha Katupitiya]]></ags:creatorPersonal>
	</dc:creator>
	<dc:identifier scheme="dcterms:URI"><![CDATA[oai:core.kmi.open.ac.uk:10909027]]></dc:identifier>
	<dc:identifier scheme="dcterms:URI"><![CDATA[http://core.kmi.open.ac.uk/download/pdf/10909027.pdf]]></dc:identifier>
	<dc:format><dcterms:medium><![CDATA[text]]></dcterms:medium></dc:format>
</ags:resource>
<ags:resource ags:ARN="GB2015400104">
	<dc:title><![CDATA[Conceptualising climate change in rural Australia : community perceptions, attitudes and (in) actions]]></dc:title>
	<dc:creator>
		<ags:creatorPersonal><![CDATA[Laurie Buys]]></ags:creatorPersonal>
		<ags:creatorPersonal><![CDATA[Evonne Miller]]></ags:creatorPersonal>
		<ags:creatorPersonal><![CDATA[Kimberley van Megen]]></ags:creatorPersonal>
	</dc:creator>
	<dc:identifier scheme="dcterms:URI"><![CDATA[http://core.kmi.open.ac.uk/download/pdf/10907952.pdf]]></dc:identifier>
	<dc:identifier scheme="dcterms:URI"><![CDATA[oai:core.kmi.open.ac.uk:10907952]]></dc:identifier>
	<dc:format><dcterms:medium><![CDATA[text]]></dcterms:medium></dc:format>
</ags:resource>
<ags:resource ags:ARN="GB2015400105">
	<dc:title><![CDATA[Valor nutricional y degradabilidad ruminal del zacate buffel y nueve zacates nativos del NE de México]]></dc:title>
	<dc:creator>
		<ags:creatorPersonal><![CDATA[Roque Gonzalo Ramírez Lozano]]></ags:creatorPersonal>
		<ags:creatorPersonal><![CDATA[Alfredo Enríquez Martell]]></ags:creatorPersonal>
		<ags:creatorPersonal><![CDATA[Fern]]></ags:creatorPersonal>
		<ags:creatorPersonal><![CDATA[o Lozano González]]></ags:creatorPersonal>
	</dc:creator>
	<dc:identifier scheme="dcterms:URI"><![CDATA[http://core.kmi.open.ac.uk/download/pdf/11000781.pdf]]></dc:identifier>
	<dc:identifier scheme="dcterms:URI"><![CDATA[oai:core.kmi.open.ac.uk:11000781]]></dc:identifier>
	<dc:format><dcterms:medium><![CDATA[text]]></dcterms:medium></dc:format>
</ags:resource>
<ags:resource ags:ARN="GB2015400106">
	<dc:title><![CDATA[Efecto de cuatro fitorreguladores comerciales en el desarrollo y rendimiento del girasol]]></dc:title>
	<dc:creator>
		<ags:creatorPersonal><![CDATA[Hilda Hortencia Hermelinda Torre Martínez]]></ags:creatorPersonal>
		<ags:creatorPersonal><![CDATA[Pedro N. Menchaca F.]]></ags:creatorPersonal>
		<ags:creatorPersonal><![CDATA[Daniel Adame Rodríguez]]></ags:creatorPersonal>
		<ags:creatorPersonal><![CDATA[Roberto Mercado Hernández]]></ags:creatorPersonal>
	</dc:creator>
	<dc:identifier scheme="dcterms:URI"><![CDATA[http://core.kmi.open.ac.uk/download/pdf/11000747.pdf]]></dc:identifier>
	<dc:identifier scheme="dcterms:URI"><![CDATA[oai:core.kmi.open.ac.uk:11000747]]></dc:identifier>
	<dc:format><dcterms:medium><![CDATA[text]]></dcterms:medium></dc:format>
</ags:resource>
<ags:resource ags:ARN="GB2015400107">
	<dc:title><![CDATA[Artiplex canesces (Purch, Nutt), como fuente de alimento para las zonas áridas]]></dc:title>
	<dc:creator>
		<ags:creatorPersonal><![CDATA[Christopher Nwokwa Mgbabu]]></ags:creatorPersonal>
	</dc:creator>
	<dc:identifier scheme="dcterms:URI"><![CDATA[oai:core.kmi.open.ac.uk:11000839]]></dc:identifier>
	<dc:identifier scheme="dcterms:URI"><![CDATA[http://core.kmi.open.ac.uk/download/pdf/11000839.pdf]]></dc:identifier>
	<dc:format><dcterms:medium><![CDATA[text]]></dcterms:medium></dc:format>
</ags:resource>
<ags:resource ags:ARN="GB2015400108">
	<dc:title><![CDATA[Efecto de la glosectomía parcial en el crecimiento cráneo-facial en ratas Sprague Dawley]]></dc:title>
	<dc:creator>
		<ags:creatorPersonal><![CDATA[Y.F. Taiwo]]></ags:creatorPersonal>
	</dc:creator>
	<dc:identifier scheme="dcterms:URI"><![CDATA[oai:core.kmi.open.ac.uk:11000754]]></dc:identifier>
	<dc:identifier scheme="dcterms:URI"><![CDATA[http://core.kmi.open.ac.uk/download/pdf/11000754.pdf]]></dc:identifier>
	<dc:format><dcterms:medium><![CDATA[text]]></dcterms:medium></dc:format>
</ags:resource>
<ags:resource ags:ARN="GB2015400109">
	<dc:title><![CDATA[Detección del virus Y de la papa variante ntn (PVYntn) mediante RT-PCR en plantaciones del estado de Nuevo León, México]]></dc:title>
	<dc:creator>
		<ags:creatorPersonal><![CDATA[César Enrique Guerrero Gámez]]></ags:creatorPersonal>
		<ags:creatorPersonal><![CDATA[Hazael Gutiérrez Mauleón]]></ags:creatorPersonal>
		<ags:creatorPersonal><![CDATA[Omar Guadalupe Alvarado Gómez]]></ags:creatorPersonal>
		<ags:creatorPersonal><![CDATA[Josué Leos Martínez]]></ags:creatorPersonal>
		<ags:creatorPersonal><![CDATA[Aurora Garza Zúñiga]]></ags:creatorPersonal>
		<ags:creatorPersonal><![CDATA[Luis Ángel Villarreal García]]></ags:creatorPersonal>
	</dc:creator>
	<dc:identifier scheme="dcterms:URI"><![CDATA[http://core.kmi.open.ac.uk/download/pdf/11000741.pdf]]></dc:identifier>
	<dc:identifier scheme="dcterms:URI"><![CDATA[oai:core.kmi.open.ac.uk:11000741]]></dc:identifier>
	<dc:format><dcterms:medium><![CDATA[text]]></dcterms:medium></dc:format>
</ags:resource>
<ags:resource ags:ARN="GB2015400110">
	<dc:title><![CDATA[A catchment modelling approach integrating surface and groundwater processes, land use and distribution of nutrients : Elimbah Creek, southeast Queensland]]></dc:title>
	<dc:creator>
		<ags:creatorPersonal><![CDATA[Martin Labadz]]></ags:creatorPersonal>
	</dc:creator>
	<dc:identifier scheme="dcterms:URI"><![CDATA[oai:core.kmi.open.ac.uk:10918028]]></dc:identifier>
	<dc:identifier scheme="dcterms:URI"><![CDATA[http://core.kmi.open.ac.uk/download/pdf/10918028.pdf]]></dc:identifier>
	<dc:format><dcterms:medium><![CDATA[text]]></dcterms:medium></dc:format>
</ags:resource>
<ags:resource ags:ARN="GB2015400111">
	<dc:title><![CDATA[Producción de hormona del crecimiento bovino por Pichia Pastoris]]></dc:title>
	<dc:creator>
		<ags:creatorPersonal><![CDATA[Hugo L. Gallardo B.]]></ags:creatorPersonal>
		<ags:creatorPersonal><![CDATA[Celia N Sánchez D.]]></ags:creatorPersonal>
		<ags:creatorPersonal><![CDATA[Gerardo Raymundo Padilla Rivas]]></ags:creatorPersonal>
		<ags:creatorPersonal><![CDATA[Hugo A. Barrera Saldaña]]></ags:creatorPersonal>
	</dc:creator>
	<dc:identifier scheme="dcterms:URI"><![CDATA[oai:core.kmi.open.ac.uk:11000866]]></dc:identifier>
	<dc:identifier scheme="dcterms:URI"><![CDATA[http://core.kmi.open.ac.uk/download/pdf/11000866.pdf]]></dc:identifier>
	<dc:format><dcterms:medium><![CDATA[text]]></dcterms:medium></dc:format>
</ags:resource>
<ags:resource ags:ARN="GB2015400112">
	<dc:title><![CDATA[DSC Dispatch, June 2012, Vol. 5]]></dc:title>
	<dc:creator>
		<ags:creatorPersonal><![CDATA[U. Skiba]]></ags:creatorPersonal>
		<ags:creatorPersonal><![CDATA[S.K. Jones]]></ags:creatorPersonal>
		<ags:creatorPersonal><![CDATA[J. Drewer]]></ags:creatorPersonal>
		<ags:creatorPersonal><![CDATA[C. Helfter]]></ags:creatorPersonal>
		<ags:creatorPersonal><![CDATA[M. Anderson]]></ags:creatorPersonal>
		<ags:creatorPersonal><![CDATA[K. Dinsmore]]></ags:creatorPersonal>
		<ags:creatorPersonal><![CDATA[R. McKenzie]]></ags:creatorPersonal>
		<ags:creatorPersonal><![CDATA[E. Nemitz]]></ags:creatorPersonal>
		<ags:creatorPersonal><![CDATA[M.A. Sutton]]></ags:creatorPersonal>
	</dc:creator>
	<dc:identifier scheme="dcterms:URI"><![CDATA[oai:core.kmi.open.ac.uk:11008545]]></dc:identifier>
	<dc:identifier scheme="dcterms:URI"><![CDATA[http://core.kmi.open.ac.uk/download/pdf/11008545.pdf]]></dc:identifier>
	<dc:format><dcterms:medium><![CDATA[text]]></dcterms:medium></dc:format>
</ags:resource>
<ags:resource ags:ARN="GB2015400113">
	<dc:title><![CDATA[Reflections on collectively working toward sustainability: indicators for indicators!]]></dc:title>
	<dc:creator>
		<ags:creatorPersonal><![CDATA[Basak C]]></ags:creatorPersonal>
		<ags:creatorPersonal><![CDATA[emir]]></ags:creatorPersonal>
	</dc:creator>
	<dc:identifier scheme="dcterms:URI"><![CDATA[http://core.kmi.open.ac.uk/download/pdf/11008170.pdf]]></dc:identifier>
	<dc:identifier scheme="dcterms:URI"><![CDATA[oai:core.kmi.open.ac.uk:11008170]]></dc:identifier>
	<dc:format><dcterms:medium><![CDATA[text]]></dcterms:medium></dc:format>
</ags:resource>
<ags:resource ags:ARN="GB2015400114">
	<dc:title><![CDATA[Principles of sustainable grazing management for the northern savannas]]></dc:title>
	<dc:creator>
		<ags:creatorPersonal><![CDATA[Johan W. W. Swinnen]]></ags:creatorPersonal>
	</dc:creator>
	<dc:identifier scheme="dcterms:URI"><![CDATA[oai:core.kmi.open.ac.uk:11008214]]></dc:identifier>
	<dc:identifier scheme="dcterms:URI"><![CDATA[http://core.kmi.open.ac.uk/download/pdf/11008214.pdf]]></dc:identifier>
	<dc:format><dcterms:medium><![CDATA[text]]></dcterms:medium></dc:format>
</ags:resource>
<ags:resource ags:ARN="GB2015400115">
	<dc:title><![CDATA[A field investigation of solubility and food chain accumulation of biosolid-cadmium across diverse soil types]]></dc:title>
	<dc:creator>
		<ags:creatorPersonal><![CDATA[Huda Sholikin WS]]></ags:creatorPersonal>
	</dc:creator>
	<dc:identifier scheme="dcterms:URI"><![CDATA[http://core.kmi.open.ac.uk/download/pdf/11009070.pdf]]></dc:identifier>
	<dc:identifier scheme="dcterms:URI"><![CDATA[oai:core.kmi.open.ac.uk:11009070]]></dc:identifier>
	<dc:format><dcterms:medium><![CDATA[text]]></dcterms:medium></dc:format>
</ags:resource>
<ags:resource ags:ARN="GB2015400116">
	<dc:title><![CDATA[The scientific principles of the seven-year-cultivation rule of thumb (7-Y-C RoT) in farming management]]></dc:title>
	<dc:creator>
		<ags:creatorPersonal><![CDATA[Abdul Hamid Mar Iman]]></ags:creatorPersonal>
	</dc:creator>
	<dc:identifier scheme="dcterms:URI"><![CDATA[oai:core.kmi.open.ac.uk:11000895]]></dc:identifier>
	<dc:identifier scheme="dcterms:URI"><![CDATA[http://core.kmi.open.ac.uk/download/pdf/11000895.pdf]]></dc:identifier>
	<dc:format><dcterms:medium><![CDATA[text]]></dcterms:medium></dc:format>
</ags:resource>
<ags:resource ags:ARN="GB2015400117">
	<dc:title><![CDATA[Application of sustainability indicators, soil organic matter and electrical conductivity, to resource management in the northern grains region]]></dc:title>
	<dc:creator>
		<ags:creatorPersonal><![CDATA[Péter Sembery]]></ags:creatorPersonal>
		<ags:creatorPersonal><![CDATA[Gábor Géczi]]></ags:creatorPersonal>
		<ags:creatorPersonal><![CDATA[Péter Korzenszky]]></ags:creatorPersonal>
		<ags:creatorPersonal><![CDATA[Mariann Kovácsné Lukács]]></ags:creatorPersonal>
		<ags:creatorPersonal><![CDATA[Gábor Váczy]]></ags:creatorPersonal>
	</dc:creator>
	<dc:identifier scheme="dcterms:URI"><![CDATA[http://core.kmi.open.ac.uk/download/pdf/11008165.pdf]]></dc:identifier>
	<dc:identifier scheme="dcterms:URI"><![CDATA[oai:core.kmi.open.ac.uk:11008165]]></dc:identifier>
	<dc:format><dcterms:medium><![CDATA[text]]></dcterms:medium></dc:format>
</ags:resource>
<ags:resource ags:ARN="GB2015400118">
	<dc:title><![CDATA[Agri-News, October 17, 2008, Vol. 8, no. 16]]></dc:title>
	<dc:creator>
		<ags:creatorPersonal><![CDATA[Ryan Peder Tollefsrud]]></ags:creatorPersonal>
	</dc:creator>
	<dc:identifier scheme="dcterms:URI"><![CDATA[oai:core.kmi.open.ac.uk:11010444]]></dc:identifier>
	<dc:identifier scheme="dcterms:URI"><![CDATA[http://core.kmi.open.ac.uk/download/pdf/11010444.pdf]]></dc:identifier>
	<dc:format><dcterms:medium><![CDATA[text]]></dcterms:medium></dc:format>
</ags:resource>
<ags:resource ags:ARN="GB2015400119">
	<dc:title><![CDATA[Economic modelling of grazing systems in the Fitzroy and Burdekin catchments]]></dc:title>
	<dc:creator>
		<ags:creatorPersonal><![CDATA[M. Holl]]></ags:creatorPersonal>
		<ags:creatorPersonal><![CDATA[S. Kinghorn]]></ags:creatorPersonal>
		<ags:creatorPersonal><![CDATA[L. Emberson]]></ags:creatorPersonal>
		<ags:creatorPersonal><![CDATA[S. Cinderby]]></ags:creatorPersonal>
		<ags:creatorPersonal><![CDATA[M. Ashmore]]></ags:creatorPersonal>
		<ags:creatorPersonal><![CDATA[G. Mills]]></ags:creatorPersonal>
		<ags:creatorPersonal><![CDATA[H. Harmens]]></ags:creatorPersonal>
	</dc:creator>
	<dc:identifier scheme="dcterms:URI"><![CDATA[oai:core.kmi.open.ac.uk:11010445]]></dc:identifier>
	<dc:identifier scheme="dcterms:URI"><![CDATA[http://core.kmi.open.ac.uk/download/pdf/11010445.pdf]]></dc:identifier>
	<dc:format><dcterms:medium><![CDATA[text]]></dcterms:medium></dc:format>
</ags:resource>
<ags:resource ags:ARN="GB2015400120">
	<dc:title><![CDATA[Processing Tomato Production in the Burdekin: Opportunities and Risks for Growers]]></dc:title>
	<dc:creator>
		<ags:creatorPersonal><![CDATA[Neil White]]></ags:creatorPersonal>
		<ags:creatorPersonal><![CDATA[Elio Jovicich]]></ags:creatorPersonal>
	</dc:creator>
	<dc:identifier scheme="dcterms:URI"><![CDATA[http://core.kmi.open.ac.uk/download/pdf/11010561.pdf]]></dc:identifier>
	<dc:identifier scheme="dcterms:URI"><![CDATA[oai:core.kmi.open.ac.uk:11010561]]></dc:identifier>
	<dc:format><dcterms:medium><![CDATA[text]]></dcterms:medium></dc:format>
</ags:resource>
<ags:resource ags:ARN="GB2015400121">
	<dc:title><![CDATA[Kainji Lake Basin, Nigeria: a multidisciplinary bibliography, 1957-1978]]></dc:title>
	<dc:creator>
		<ags:creatorPersonal><![CDATA[Istiyanto Samidjan]]></ags:creatorPersonal>
	</dc:creator>
	<dc:date><dcterms:dateIssued><![CDATA[1957-1978]]></dcterms:dateIssued></dc:date>
	<dc:identifier scheme="dcterms:URI"><![CDATA[oai:core.kmi.open.ac.uk:11016820]]></dc:identifier>
	<dc:identifier scheme="dcterms:URI"><![CDATA[http://core.kmi.open.ac.uk/download/pdf/11016820.pdf]]></dc:identifier>
	<dc:format><dcterms:medium><![CDATA[text]]></dcterms:medium></dc:format>
</ags:resource>
<ags:resource ags:ARN="GB2015400122">
	<dc:title><![CDATA[Cost of fuelwood for fish smoking around Kainji Lake and economic prospects of the Kainji solar tent fish dryer]]></dc:title>
	<dc:creator>
		<ags:creatorPersonal><![CDATA[J.O. Olokor]]></ags:creatorPersonal>
	</dc:creator>
	<dc:identifier scheme="dcterms:URI"><![CDATA[http://core.kmi.open.ac.uk/download/pdf/11016892.pdf]]></dc:identifier>
	<dc:identifier scheme="dcterms:URI"><![CDATA[oai:core.kmi.open.ac.uk:11016892]]></dc:identifier>
	<dc:format><dcterms:medium><![CDATA[text]]></dcterms:medium></dc:format>
</ags:resource>
<ags:resource ags:ARN="GB2015400123">
	<dc:title><![CDATA[Economic prospects of investment in fish cum livestock farming]]></dc:title>
	<dc:creator>
		<ags:creatorPersonal><![CDATA[A.A. Eyo]]></ags:creatorPersonal>
		<ags:creatorPersonal><![CDATA[J.O. Ay]]></ags:creatorPersonal>
		<ags:creatorPersonal><![CDATA[a]]></ags:creatorPersonal>
		<ags:creatorPersonal><![CDATA[B.A. Falayi]]></ags:creatorPersonal>
		<ags:creatorPersonal><![CDATA[E.O. Adelowo]]></ags:creatorPersonal>
	</dc:creator>
	<dc:identifier scheme="dcterms:URI"><![CDATA[oai:core.kmi.open.ac.uk:11016891]]></dc:identifier>
	<dc:identifier scheme="dcterms:URI"><![CDATA[http://core.kmi.open.ac.uk/download/pdf/11016891.pdf]]></dc:identifier>
	<dc:format><dcterms:medium><![CDATA[text]]></dcterms:medium></dc:format>
</ags:resource>
<ags:resource ags:ARN="GB2015400124">
	<dc:title><![CDATA[Water hyacinth infestation: nuisance or nugget]]></dc:title>
	<dc:creator>
		<ags:creatorPersonal><![CDATA[Didiek Rahmadi]]></ags:creatorPersonal>
	</dc:creator>
	<dc:identifier scheme="dcterms:URI"><![CDATA[http://core.kmi.open.ac.uk/download/pdf/11016935.pdf]]></dc:identifier>
	<dc:identifier scheme="dcterms:URI"><![CDATA[oai:core.kmi.open.ac.uk:11016935]]></dc:identifier>
	<dc:format><dcterms:medium><![CDATA[text]]></dcterms:medium></dc:format>
</ags:resource>
<ags:resource ags:ARN="GB2015400125">
	<dc:title><![CDATA[Review of possibilities of water hyacinth (Eichhornia crassipes) utilization for biogas production by rural communities in Kainji Lake basin]]></dc:title>
	<dc:creator>
		<ags:creatorPersonal><![CDATA[Deborah Kathleen Mary Turnbull]]></ags:creatorPersonal>
	</dc:creator>
	<dc:identifier scheme="dcterms:URI"><![CDATA[http://core.kmi.open.ac.uk/download/pdf/11016944.pdf]]></dc:identifier>
	<dc:identifier scheme="dcterms:URI"><![CDATA[oai:core.kmi.open.ac.uk:11016944]]></dc:identifier>
	<dc:format><dcterms:medium><![CDATA[text]]></dcterms:medium></dc:format>
</ags:resource>
<ags:resource ags:ARN="GB2015400126">
	<dc:title><![CDATA[Integrated chicken cum fish farming for sustainable rural and urban communities in Nigeria]]></dc:title>
	<dc:creator>
		<ags:creatorPersonal><![CDATA[B.A. Falayi]]></ags:creatorPersonal>
		<ags:creatorPersonal><![CDATA[E.O. Adelowo]]></ags:creatorPersonal>
		<ags:creatorPersonal><![CDATA[E.O. Sogbesan]]></ags:creatorPersonal>
	</dc:creator>
	<dc:identifier scheme="dcterms:URI"><![CDATA[oai:core.kmi.open.ac.uk:11016899]]></dc:identifier>
	<dc:identifier scheme="dcterms:URI"><![CDATA[http://core.kmi.open.ac.uk/download/pdf/11016899.pdf]]></dc:identifier>
	<dc:format><dcterms:medium><![CDATA[text]]></dcterms:medium></dc:format>
</ags:resource>
<ags:resource ags:ARN="GB2015400127">
	<dc:title><![CDATA[A review of the utilisation of water hyacinth: alternative and sustainable control measures for a noxious weed]]></dc:title>
	<dc:creator>
		<ags:creatorPersonal><![CDATA[M. Ojeifo]]></ags:creatorPersonal>
		<ags:creatorPersonal><![CDATA[P.A. Ekokotu]]></ags:creatorPersonal>
		<ags:creatorPersonal><![CDATA[N.F. Olele]]></ags:creatorPersonal>
		<ags:creatorPersonal><![CDATA[J.K. Ekelemu]]></ags:creatorPersonal>
	</dc:creator>
	<dc:identifier scheme="dcterms:URI"><![CDATA[http://core.kmi.open.ac.uk/download/pdf/11016955.pdf]]></dc:identifier>
	<dc:identifier scheme="dcterms:URI"><![CDATA[oai:core.kmi.open.ac.uk:11016955]]></dc:identifier>
	<dc:format><dcterms:medium><![CDATA[text]]></dcterms:medium></dc:format>
</ags:resource>
<ags:resource ags:ARN="GB2015400128">
	<dc:title><![CDATA[Agricultural Best Management Practices and Treatment Wetlands in the Gabilan Watershed: Project Asessment and Evaluation Plan]]></dc:title>
	<dc:creator>
		<ags:creatorPersonal><![CDATA[Kelleen Harris]]></ags:creatorPersonal>
		<ags:creatorPersonal><![CDATA[Karminder Brown]]></ags:creatorPersonal>
		<ags:creatorPersonal><![CDATA[Sam Earnshaw]]></ags:creatorPersonal>
		<ags:creatorPersonal><![CDATA[Emily Hanson]]></ags:creatorPersonal>
		<ags:creatorPersonal><![CDATA[Bryan Largay]]></ags:creatorPersonal>
		<ags:creatorPersonal><![CDATA[Laura Lee Lienk]]></ags:creatorPersonal>
		<ags:creatorPersonal><![CDATA[Fred Watson]]></ags:creatorPersonal>
		<ags:creatorPersonal><![CDATA[Regina Williams]]></ags:creatorPersonal>
		<ags:creatorPersonal><![CDATA[Adam Wiskind]]></ags:creatorPersonal>
	</dc:creator>
	<dc:identifier scheme="dcterms:URI"><![CDATA[oai:core.kmi.open.ac.uk:11017243]]></dc:identifier>
	<dc:identifier scheme="dcterms:URI"><![CDATA[http://core.kmi.open.ac.uk/download/pdf/11017243.pdf]]></dc:identifier>
	<dc:format><dcterms:medium><![CDATA[text]]></dcterms:medium></dc:format>
</ags:resource>
<ags:resource ags:ARN="GB2015400129">
	<dc:title><![CDATA[The Carr Lake Project: Potential Biophysical Benefits of Conversion to a Multiple-Use Park]]></dc:title>
	<dc:creator>
		<ags:creatorPersonal><![CDATA[A.E. Falaye]]></ags:creatorPersonal>
	</dc:creator>
	<dc:identifier scheme="dcterms:URI"><![CDATA[http://core.kmi.open.ac.uk/download/pdf/11017103.pdf]]></dc:identifier>
	<dc:identifier scheme="dcterms:URI"><![CDATA[oai:core.kmi.open.ac.uk:11017103]]></dc:identifier>
	<dc:format><dcterms:medium><![CDATA[text]]></dcterms:medium></dc:format>
</ags:resource>
<ags:resource ags:ARN="GB2015400130">
	<dc:title><![CDATA[Effects of different sources of water on water hyacinth growth performance]]></dc:title>
	<dc:creator>
		<ags:creatorPersonal><![CDATA[Johan F.M. Swinnen]]></ags:creatorPersonal>
	</dc:creator>
	<dc:identifier scheme="dcterms:URI"><![CDATA[oai:core.kmi.open.ac.uk:11016937]]></dc:identifier>
	<dc:identifier scheme="dcterms:URI"><![CDATA[http://core.kmi.open.ac.uk/download/pdf/11016937.pdf]]></dc:identifier>
	<dc:format><dcterms:medium><![CDATA[text]]></dcterms:medium></dc:format>
</ags:resource>
<ags:resource ags:ARN="GB2015400131">
	<dc:title><![CDATA[Reducing non-point DOC and nitrogen exports from rice fields: A pilot study and quantitative survey to determine the effects of different hydrologic management practices : Deliverable 15.3 Final Report]]></dc:title>
	<dc:creator>
		<ags:creatorPersonal><![CDATA[Barry Rawlins]]></ags:creatorPersonal>
		<ags:creatorPersonal><![CDATA[Joanna Wragg]]></ags:creatorPersonal>
		<ags:creatorPersonal><![CDATA[Gren Turner]]></ags:creatorPersonal>
	</dc:creator>
	<dc:identifier scheme="dcterms:URI"><![CDATA[http://core.kmi.open.ac.uk/download/pdf/11017820.pdf]]></dc:identifier>
	<dc:identifier scheme="dcterms:URI"><![CDATA[oai:core.kmi.open.ac.uk:11017820]]></dc:identifier>
	<dc:format><dcterms:medium><![CDATA[text]]></dcterms:medium></dc:format>
</ags:resource>
<ags:resource ags:ARN="GB2015400132">
	<dc:title><![CDATA[A livelihoods study of fishers and farmers in Long An Province]]></dc:title>
	<dc:creator>
		<ags:creatorPersonal><![CDATA[Irzan Ismail]]></ags:creatorPersonal>
		<ags:creatorPersonal><![CDATA[Azitadoly Mohd Arifin]]></ags:creatorPersonal>
		<ags:creatorPersonal><![CDATA[Nur Fakhzan Marwan]]></ags:creatorPersonal>
	</dc:creator>
	<dc:identifier scheme="dcterms:URI"><![CDATA[oai:core.kmi.open.ac.uk:11018134]]></dc:identifier>
	<dc:identifier scheme="dcterms:URI"><![CDATA[http://core.kmi.open.ac.uk/download/pdf/11018134.pdf]]></dc:identifier>
	<dc:format><dcterms:medium><![CDATA[text]]></dcterms:medium></dc:format>
</ags:resource>
<ags:resource ags:ARN="GB2015400133">
	<dc:title><![CDATA[A livelihoods study of fishers and farmers in Quang Tri Province]]></dc:title>
	<dc:creator>
		<ags:creatorPersonal><![CDATA[Asti Andayani]]></ags:creatorPersonal>
	</dc:creator>
	<dc:identifier scheme="dcterms:URI"><![CDATA[http://core.kmi.open.ac.uk/download/pdf/11018135.pdf]]></dc:identifier>
	<dc:identifier scheme="dcterms:URI"><![CDATA[oai:core.kmi.open.ac.uk:11018135]]></dc:identifier>
	<dc:format><dcterms:medium><![CDATA[text]]></dcterms:medium></dc:format>
</ags:resource>
<ags:resource ags:ARN="GB2015400134">
	<dc:title><![CDATA[A livelihoods study of farmers and fishers in Dang Tong Village Kampong Chhnang Province]]></dc:title>
	<dc:creator>
		<ags:creatorPersonal><![CDATA[Jaime I. Romero Paredes Rubio]]></ags:creatorPersonal>
		<ags:creatorPersonal><![CDATA[Roque Gonzalo Ramírez Lozano]]></ags:creatorPersonal>
	</dc:creator>
	<dc:identifier scheme="dcterms:URI"><![CDATA[http://core.kmi.open.ac.uk/download/pdf/11018058.pdf]]></dc:identifier>
	<dc:identifier scheme="dcterms:URI"><![CDATA[oai:core.kmi.open.ac.uk:11018058]]></dc:identifier>
	<dc:format><dcterms:medium><![CDATA[text]]></dcterms:medium></dc:format>
</ags:resource>
<ags:resource ags:ARN="GB2015400135">
	<dc:title><![CDATA[Bulletin of the Department of Agriculture, State of California, May 1939]]></dc:title>
	<dc:creator>
		<ags:creatorPersonal><![CDATA[Maria O'Neill]]></ags:creatorPersonal>
	</dc:creator>
	<dc:date><dcterms:dateIssued><![CDATA[May 1939]]></dcterms:dateIssued></dc:date>
	<dc:identifier scheme="dcterms:URI"><![CDATA[http://core.kmi.open.ac.uk/download/pdf/11017823.pdf]]></dc:identifier>
	<dc:identifier scheme="dcterms:URI"><![CDATA[oai:core.kmi.open.ac.uk:11017823]]></dc:identifier>
	<dc:format><dcterms:medium><![CDATA[text]]></dcterms:medium></dc:format>
</ags:resource>
<ags:resource ags:ARN="GB2015400136">
	<dc:title><![CDATA[Notes on utilization of water hyacinth (Eichhornia crassipes) as a means of pollution control]]></dc:title>
	<dc:creator>
		<ags:creatorPersonal><![CDATA[A.M. Schwarz]]></ags:creatorPersonal>
		<ags:creatorPersonal><![CDATA[N. Andrew]]></ags:creatorPersonal>
		<ags:creatorPersonal><![CDATA[H. Govan]]></ags:creatorPersonal>
		<ags:creatorPersonal><![CDATA[D. Harohau]]></ags:creatorPersonal>
		<ags:creatorPersonal><![CDATA[J. Oeta]]></ags:creatorPersonal>
	</dc:creator>
	<dc:identifier scheme="dcterms:URI"><![CDATA[oai:core.kmi.open.ac.uk:11016958]]></dc:identifier>
	<dc:identifier scheme="dcterms:URI"><![CDATA[http://core.kmi.open.ac.uk/download/pdf/11016958.pdf]]></dc:identifier>
	<dc:format><dcterms:medium><![CDATA[text]]></dcterms:medium></dc:format>
</ags:resource>
<ags:resource ags:ARN="GB2015400137">
	<dc:title><![CDATA[A livelihoods study of fishers and farmers in Thai Nguyen Province]]></dc:title>
	<dc:creator>
		<ags:creatorPersonal><![CDATA[Jamil Abu Bakar]]></ags:creatorPersonal>
	</dc:creator>
	<dc:identifier scheme="dcterms:URI"><![CDATA[http://core.kmi.open.ac.uk/download/pdf/11018136.pdf]]></dc:identifier>
	<dc:identifier scheme="dcterms:URI"><![CDATA[oai:core.kmi.open.ac.uk:11018136]]></dc:identifier>
	<dc:format><dcterms:medium><![CDATA[text]]></dcterms:medium></dc:format>
</ags:resource>
<ags:resource ags:ARN="GB2015400138">
	<dc:title><![CDATA[Aspects of the oyster season in Maryland: Involving labor conflicts detrimental to both seafood and cannery industries, with special reference to the latter]]></dc:title>
	<dc:creator>
		<ags:creatorPersonal><![CDATA[R.V. Truitt]]></ags:creatorPersonal>
	</dc:creator>
	<dc:identifier scheme="dcterms:URI"><![CDATA[http://core.kmi.open.ac.uk/download/pdf/11017929.pdf]]></dc:identifier>
	<dc:identifier scheme="dcterms:URI"><![CDATA[oai:core.kmi.open.ac.uk:11017929]]></dc:identifier>
	<dc:format><dcterms:medium><![CDATA[text]]></dcterms:medium></dc:format>
</ags:resource>
<ags:resource ags:ARN="GB2015400139">
	<dc:title><![CDATA[Networking for Rural Development: a closer look at the evolution of communications in the STREAM Initiative]]></dc:title>
	<dc:creator>
		<ags:creatorPersonal><![CDATA[I. Yaro]]></ags:creatorPersonal>
	</dc:creator>
	<dc:identifier scheme="dcterms:URI"><![CDATA[http://core.kmi.open.ac.uk/download/pdf/11018195.pdf]]></dc:identifier>
	<dc:identifier scheme="dcterms:URI"><![CDATA[oai:core.kmi.open.ac.uk:11018195]]></dc:identifier>
	<dc:format><dcterms:medium><![CDATA[text]]></dcterms:medium></dc:format>
</ags:resource>
<ags:resource ags:ARN="GB2015400140">
	<dc:title><![CDATA[Utilization of agro-industrial wastes as fish feedstuffs in Nigeria]]></dc:title>
	<dc:creator>
		<ags:creatorPersonal><![CDATA[B. Timmers]]></ags:creatorPersonal>
		<ags:creatorPersonal><![CDATA[M. Apgar]]></ags:creatorPersonal>
	</dc:creator>
	<dc:identifier scheme="dcterms:URI"><![CDATA[http://core.kmi.open.ac.uk/download/pdf/11019015.pdf]]></dc:identifier>
	<dc:identifier scheme="dcterms:URI"><![CDATA[oai:core.kmi.open.ac.uk:11019015]]></dc:identifier>
	<dc:format><dcterms:medium><![CDATA[text]]></dcterms:medium></dc:format>
</ags:resource>
<ags:resource ags:ARN="GB2015400141">
	<dc:title><![CDATA[A review paper on Integrated Aquaculture Benefits Project at Federal College of Forestry, Ibadan]]></dc:title>
	<dc:creator>
		<ags:creatorPersonal><![CDATA[A.J. Meduna]]></ags:creatorPersonal>
		<ags:creatorPersonal><![CDATA[A.A. Samuel]]></ags:creatorPersonal>
	</dc:creator>
	<dc:identifier scheme="dcterms:URI"><![CDATA[http://core.kmi.open.ac.uk/download/pdf/11019240.pdf]]></dc:identifier>
	<dc:identifier scheme="dcterms:URI"><![CDATA[oai:core.kmi.open.ac.uk:11019240]]></dc:identifier>
	<dc:format><dcterms:medium><![CDATA[text]]></dcterms:medium></dc:format>
</ags:resource>
<ags:resource ags:ARN="GB2015400142">
	<dc:title><![CDATA[Traditions of fish utilisation for recipes in Nigeria]]></dc:title>
	<dc:creator>
		<ags:creatorPersonal><![CDATA[T.O. Ayansanwo]]></ags:creatorPersonal>
		<ags:creatorPersonal><![CDATA[A.A. Falana]]></ags:creatorPersonal>
		<ags:creatorPersonal><![CDATA[B.U. Aderele]]></ags:creatorPersonal>
	</dc:creator>
	<dc:identifier scheme="dcterms:URI"><![CDATA[http://core.kmi.open.ac.uk/download/pdf/11019016.pdf]]></dc:identifier>
	<dc:identifier scheme="dcterms:URI"><![CDATA[oai:core.kmi.open.ac.uk:11019016]]></dc:identifier>
	<dc:format><dcterms:medium><![CDATA[text]]></dcterms:medium></dc:format>
</ags:resource>
<ags:resource ags:ARN="GB2015400143">
	<dc:title><![CDATA[Compensating restrictive fisheries management measures: distribution of improved cocks to Kainji Lake communities 1997-2001]]></dc:title>
	<dc:creator>
		<ags:creatorPersonal><![CDATA[T.I.I. Ibiwoye]]></ags:creatorPersonal>
		<ags:creatorPersonal><![CDATA[H. Saizwedel]]></ags:creatorPersonal>
	</dc:creator>
	<dc:identifier scheme="dcterms:URI"><![CDATA[http://core.kmi.open.ac.uk/download/pdf/11019257.pdf]]></dc:identifier>
	<dc:identifier scheme="dcterms:URI"><![CDATA[oai:core.kmi.open.ac.uk:11019257]]></dc:identifier>
	<dc:format><dcterms:medium><![CDATA[text]]></dcterms:medium></dc:format>
</ags:resource>
<ags:resource ags:ARN="GB2015400144">
	<dc:title><![CDATA[Feasibility of adopting integrated rice-cum-fish culture system to enhance the development of conventional aquaculture participation in Niger State]]></dc:title>
	<dc:creator>
		<ags:creatorPersonal><![CDATA[K. Murshed-E-Jahan]]></ags:creatorPersonal>
		<ags:creatorPersonal><![CDATA[C. Crissman]]></ags:creatorPersonal>
		<ags:creatorPersonal><![CDATA[J. Antle]]></ags:creatorPersonal>
	</dc:creator>
	<dc:identifier scheme="dcterms:URI"><![CDATA[http://core.kmi.open.ac.uk/download/pdf/11019221.pdf]]></dc:identifier>
	<dc:identifier scheme="dcterms:URI"><![CDATA[oai:core.kmi.open.ac.uk:11019221]]></dc:identifier>
	<dc:format><dcterms:medium><![CDATA[text]]></dcterms:medium></dc:format>
</ags:resource>
<ags:resource ags:ARN="GB2015400145">
	<dc:title><![CDATA[Indication of pollution in a teaching and research farm reservoir]]></dc:title>
	<dc:creator>
		<ags:creatorPersonal><![CDATA[Mohd. Rosli Hainin]]></ags:creatorPersonal>
	</dc:creator>
	<dc:identifier scheme="dcterms:URI"><![CDATA[http://core.kmi.open.ac.uk/download/pdf/11019293.pdf]]></dc:identifier>
	<dc:identifier scheme="dcterms:URI"><![CDATA[oai:core.kmi.open.ac.uk:11019293]]></dc:identifier>
	<dc:format><dcterms:medium><![CDATA[text]]></dcterms:medium></dc:format>
</ags:resource>
<ags:resource ags:ARN="GB2015400146">
	<dc:title><![CDATA[Resource utilization practices and sustainable development at the Lake Chad basin]]></dc:title>
	<dc:creator>
		<ags:creatorPersonal><![CDATA[A. Raji]]></ags:creatorPersonal>
		<ags:creatorPersonal><![CDATA[B.A. Omoyeni]]></ags:creatorPersonal>
	</dc:creator>
	<dc:identifier scheme="dcterms:URI"><![CDATA[http://core.kmi.open.ac.uk/download/pdf/11019631.pdf]]></dc:identifier>
	<dc:identifier scheme="dcterms:URI"><![CDATA[oai:core.kmi.open.ac.uk:11019631]]></dc:identifier>
	<dc:format><dcterms:medium><![CDATA[text]]></dcterms:medium></dc:format>
</ags:resource>
<ags:resource ags:ARN="GB2015400147">
	<dc:title><![CDATA[Alerta kudzú en Galápagos: la necesidad urgente de una cuarentena]]></dc:title>
	<dc:creator>
		<ags:creatorPersonal><![CDATA[André Mauchamp]]></ags:creatorPersonal>
		<ags:creatorPersonal><![CDATA[María Luisa Muñoz]]></ags:creatorPersonal>
	</dc:creator>
	<dc:identifier scheme="dcterms:URI"><![CDATA[http://core.kmi.open.ac.uk/download/pdf/11021857.pdf]]></dc:identifier>
	<dc:identifier scheme="dcterms:URI"><![CDATA[oai:core.kmi.open.ac.uk:11021857]]></dc:identifier>
	<dc:format><dcterms:medium><![CDATA[text]]></dcterms:medium></dc:format>
</ags:resource>
<ags:resource ags:ARN="GB2015400148">
	<dc:title><![CDATA[Estimation of growth and financial analysis through the application of Ipil ipil (Leucaena leucocephala) leaf meal as supplements to soybean and fish meal in the diet of juvenile monosex tilapia (Oreochromis niloticus)]]></dc:title>
	<dc:creator>
		<ags:creatorPersonal><![CDATA[Hossain Zamal]]></ags:creatorPersonal>
		<ags:creatorPersonal><![CDATA[Prabal Barua]]></ags:creatorPersonal>
		<ags:creatorPersonal><![CDATA[Belal Uddin]]></ags:creatorPersonal>
	</dc:creator>
	<dc:identifier scheme="dcterms:URI"><![CDATA[oai:core.kmi.open.ac.uk:11020140]]></dc:identifier>
	<dc:identifier scheme="dcterms:URI"><![CDATA[http://core.kmi.open.ac.uk/download/pdf/11020140.pdf]]></dc:identifier>
	<dc:format><dcterms:medium><![CDATA[text]]></dcterms:medium></dc:format>
</ags:resource>
<ags:resource ags:ARN="GB2015400149">
	<dc:title><![CDATA[Prospects and problems of rice-fish culture in Nigeria]]></dc:title>
	<dc:creator>
		<ags:creatorPersonal><![CDATA[F.C. Okoye]]></ags:creatorPersonal>
		<ags:creatorPersonal><![CDATA[A.E. Falaye]]></ags:creatorPersonal>
		<ags:creatorPersonal><![CDATA[I. Asekome]]></ags:creatorPersonal>
		<ags:creatorPersonal><![CDATA[B.E.C. Okwundu]]></ags:creatorPersonal>
	</dc:creator>
	<dc:identifier scheme="dcterms:URI"><![CDATA[oai:core.kmi.open.ac.uk:11019223]]></dc:identifier>
	<dc:identifier scheme="dcterms:URI"><![CDATA[http://core.kmi.open.ac.uk/download/pdf/11019223.pdf]]></dc:identifier>
	<dc:format><dcterms:medium><![CDATA[text]]></dcterms:medium></dc:format>
</ags:resource>
<ags:resource ags:ARN="GB2015400150">
	<dc:title><![CDATA[Upland hill farming for water, wildlife and food]]></dc:title>
	<dc:creator>
		<ags:creatorPersonal><![CDATA[Mark Everard]]></ags:creatorPersonal>
		<ags:creatorPersonal><![CDATA[Bill Kenmir]]></ags:creatorPersonal>
		<ags:creatorPersonal><![CDATA[Carl Walters]]></ags:creatorPersonal>
		<ags:creatorPersonal><![CDATA[Edward Holt]]></ags:creatorPersonal>
	</dc:creator>
	<dc:identifier scheme="dcterms:URI"><![CDATA[http://core.kmi.open.ac.uk/download/pdf/11020203.pdf]]></dc:identifier>
	<dc:identifier scheme="dcterms:URI"><![CDATA[oai:core.kmi.open.ac.uk:11020203]]></dc:identifier>
	<dc:format><dcterms:medium><![CDATA[text]]></dcterms:medium></dc:format>
</ags:resource>
<ags:resource ags:ARN="GB2015400151">
	<dc:title><![CDATA[Restitution of land for agricultural development Ehlanzeni region Mpumalanga]]></dc:title>
	<dc:creator>
		<ags:creatorPersonal><![CDATA[Véronique Bouchard]]></ags:creatorPersonal>
	</dc:creator>
	<dc:identifier scheme="dcterms:URI"><![CDATA[oai:core.kmi.open.ac.uk:11034874]]></dc:identifier>
	<dc:identifier scheme="dcterms:URI"><![CDATA[http://core.kmi.open.ac.uk/download/pdf/11034874.pdf]]></dc:identifier>
	<dc:format><dcterms:medium><![CDATA[text]]></dcterms:medium></dc:format>
</ags:resource>
<ags:resource ags:ARN="GB2015400152">
	<dc:title><![CDATA[Forest road decommissioning: modelling the effect on hydrological connectivity]]></dc:title>
	<dc:creator>
		<ags:creatorPersonal><![CDATA[Christopher S. Eastaugh]]></ags:creatorPersonal>
	</dc:creator>
	<dc:identifier scheme="dcterms:URI"><![CDATA[oai:core.kmi.open.ac.uk:11036233]]></dc:identifier>
	<dc:identifier scheme="dcterms:URI"><![CDATA[http://core.kmi.open.ac.uk/download/pdf/11036233.pdf]]></dc:identifier>
	<dc:format><dcterms:medium><![CDATA[text]]></dcterms:medium></dc:format>
</ags:resource>
<ags:resource ags:ARN="GB2015400153">
	<dc:title><![CDATA[Riparian woodlands in crisis? Disturbance ecology on the Condamine floodplain]]></dc:title>
	<dc:creator>
		<ags:creatorPersonal><![CDATA[Maher Mohamed]]></ags:creatorPersonal>
	</dc:creator>
	<dc:identifier scheme="dcterms:URI"><![CDATA[http://core.kmi.open.ac.uk/download/pdf/11037942.pdf]]></dc:identifier>
	<dc:identifier scheme="dcterms:URI"><![CDATA[oai:core.kmi.open.ac.uk:11037942]]></dc:identifier>
	<dc:format><dcterms:medium><![CDATA[text]]></dcterms:medium></dc:format>
</ags:resource>
<ags:resource ags:ARN="GB2015400154">
	<dc:title><![CDATA[Ephemeral wetlands: their ecological function and resilience and climate change]]></dc:title>
	<dc:creator>
		<ags:creatorPersonal><![CDATA[Péter Salga]]></ags:creatorPersonal>
		<ags:creatorPersonal><![CDATA[Róbert Szilágyi]]></ags:creatorPersonal>
		<ags:creatorPersonal><![CDATA[Miklós Herdon]]></ags:creatorPersonal>
	</dc:creator>
	<dc:identifier scheme="dcterms:URI"><![CDATA[http://core.kmi.open.ac.uk/download/pdf/11037943.pdf]]></dc:identifier>
	<dc:identifier scheme="dcterms:URI"><![CDATA[oai:core.kmi.open.ac.uk:11037943]]></dc:identifier>
	<dc:format><dcterms:medium><![CDATA[text]]></dcterms:medium></dc:format>
</ags:resource>
<ags:resource ags:ARN="GB2015400155">
	<dc:title><![CDATA[Curso sobre tranferencia del calor y sus aplicaciones en ingeniería agrícola]]></dc:title>
	<dc:creator>
		<ags:creatorPersonal><![CDATA[Gilberto Castro Quintero]]></ags:creatorPersonal>
	</dc:creator>
	<dc:identifier scheme="dcterms:URI"><![CDATA[oai:core.kmi.open.ac.uk:11050745]]></dc:identifier>
	<dc:identifier scheme="dcterms:URI"><![CDATA[http://core.kmi.open.ac.uk/download/pdf/11050745.pdf]]></dc:identifier>
	<dc:format><dcterms:medium><![CDATA[text]]></dcterms:medium></dc:format>
</ags:resource>
<ags:resource ags:ARN="GB2015400156">
	<dc:title><![CDATA[Uso de marcadores microsatélites para evaluar el nivel de heterocigosidad en líneas endogámicas S1 de yuca (Manihot esculenta Crantz)]]></dc:title>
	<dc:creator>
		<ags:creatorPersonal><![CDATA[Ana María Castro Triana]]></ags:creatorPersonal>
	</dc:creator>
	<dc:identifier scheme="dcterms:URI"><![CDATA[http://core.kmi.open.ac.uk/download/pdf/11051183.pdf]]></dc:identifier>
	<dc:identifier scheme="dcterms:URI"><![CDATA[oai:core.kmi.open.ac.uk:11051183]]></dc:identifier>
	<dc:format><dcterms:medium><![CDATA[text]]></dcterms:medium></dc:format>
</ags:resource>
<ags:resource ags:ARN="GB2015400157">
	<dc:title><![CDATA[Selección de bacterias aeróbicas formadoras de endospora aisladas de la filosfera de cultivares de musa en el Urabá Antioqueño, con potencial antagónico contra Mycosphaerella fijiensis Morelet / Selection of aerobic endospore forming bacteria isolated from the phyllosphere of musa in Uraba (Antioquia) with antagonistic activity against Mycosphaerella fijiensis morelet]]></dc:title>
	<dc:creator>
		<ags:creatorPersonal><![CDATA[Mfana Elphus Maseko]]></ags:creatorPersonal>
	</dc:creator>
	<dc:identifier scheme="dcterms:URI"><![CDATA[oai:core.kmi.open.ac.uk:11052768]]></dc:identifier>
	<dc:identifier scheme="dcterms:URI"><![CDATA[http://core.kmi.open.ac.uk/download/pdf/11052768.pdf]]></dc:identifier>
	<dc:format><dcterms:medium><![CDATA[text]]></dcterms:medium></dc:format>
</ags:resource>
<ags:resource ags:ARN="GB2015400158">
	<dc:title><![CDATA[Apuntes para un método de exploración en estudios de alteración del medio físico del suelo por efecto de labranza]]></dc:title>
	<dc:creator>
		<ags:creatorPersonal><![CDATA[Samer Abdelnour]]></ags:creatorPersonal>
		<ags:creatorPersonal><![CDATA[Alaa Tartir]]></ags:creatorPersonal>
		<ags:creatorPersonal><![CDATA[Rami Zurayk]]></ags:creatorPersonal>
	</dc:creator>
	<dc:identifier scheme="dcterms:URI"><![CDATA[http://core.kmi.open.ac.uk/download/pdf/11050737.pdf]]></dc:identifier>
	<dc:identifier scheme="dcterms:URI"><![CDATA[oai:core.kmi.open.ac.uk:11050737]]></dc:identifier>
	<dc:format><dcterms:medium><![CDATA[text]]></dcterms:medium></dc:format>
</ags:resource>
<ags:resource ags:ARN="GB2015400159">
	<dc:title><![CDATA[Herencia del contenido de carotenos en raíces de yuca Manihot esculenta Crantz]]></dc:title>
	<dc:creator>
		<ags:creatorPersonal><![CDATA[Verena Blanke]]></ags:creatorPersonal>
		<ags:creatorPersonal><![CDATA[Markus Wagner]]></ags:creatorPersonal>
		<ags:creatorPersonal><![CDATA[Carsten Renker]]></ags:creatorPersonal>
		<ags:creatorPersonal><![CDATA[Hannelore Lippert]]></ags:creatorPersonal>
		<ags:creatorPersonal><![CDATA[Manfred Michulitz]]></ags:creatorPersonal>
		<ags:creatorPersonal><![CDATA[Arnd J. Kuhn]]></ags:creatorPersonal>
		<ags:creatorPersonal><![CDATA[Francois Buscot]]></ags:creatorPersonal>
	</dc:creator>
	<dc:identifier scheme="dcterms:URI"><![CDATA[oai:core.kmi.open.ac.uk:11051175]]></dc:identifier>
	<dc:identifier scheme="dcterms:URI"><![CDATA[http://core.kmi.open.ac.uk/download/pdf/11051175.pdf]]></dc:identifier>
	<dc:format><dcterms:medium><![CDATA[text]]></dcterms:medium></dc:format>
</ags:resource>
<ags:resource ags:ARN="GB2015400160">
	<dc:title><![CDATA[Influencia de la aplicación de vinaza sobre la presencia, actividad y biomasa microbiana del suelo en el cultivo de maíz dulce (Zea mays) / It influences of the application de vinasse on the presence, activity and microbial biomass of the soil in the cultivation of sweet corn (zea mays)]]></dc:title>
	<dc:creator>
		<ags:creatorPersonal><![CDATA[S]]></ags:creatorPersonal>
		<ags:creatorPersonal><![CDATA[ra Patricia Montenegro Gómez]]></ags:creatorPersonal>
	</dc:creator>
	<dc:identifier scheme="dcterms:URI"><![CDATA[oai:core.kmi.open.ac.uk:11051178]]></dc:identifier>
	<dc:identifier scheme="dcterms:URI"><![CDATA[http://core.kmi.open.ac.uk/download/pdf/11051178.pdf]]></dc:identifier>
	<dc:format><dcterms:medium><![CDATA[text]]></dcterms:medium></dc:format>
</ags:resource>
<ags:resource ags:ARN="GB2015400161">
	<dc:title><![CDATA[Caracterización serológica y molecular de virus asociados al material de siembra de tomate de árbol (Solanum betaceum Bosh) en Colombia / Serological and molecular characterization of viruses associated to tamarillo (Solanum betaceum Bosh) seeds and seedlings in Colombia]]></dc:title>
	<dc:creator>
		<ags:creatorPersonal><![CDATA[L. J. Sheppard]]></ags:creatorPersonal>
		<ags:creatorPersonal><![CDATA[I. D. Leith]]></ags:creatorPersonal>
		<ags:creatorPersonal><![CDATA[S. K. Kivimaki]]></ags:creatorPersonal>
		<ags:creatorPersonal><![CDATA[N. van Dijk]]></ags:creatorPersonal>
		<ags:creatorPersonal><![CDATA[J. Hall]]></ags:creatorPersonal>
		<ags:creatorPersonal><![CDATA[P. Bruneau]]></ags:creatorPersonal>
		<ags:creatorPersonal><![CDATA[J. Grace]]></ags:creatorPersonal>
		<ags:creatorPersonal><![CDATA[R. Rees]]></ags:creatorPersonal>
	</dc:creator>
	<dc:identifier scheme="dcterms:URI"><![CDATA[oai:core.kmi.open.ac.uk:11052923]]></dc:identifier>
	<dc:identifier scheme="dcterms:URI"><![CDATA[http://core.kmi.open.ac.uk/download/pdf/11052923.pdf]]></dc:identifier>
	<dc:format><dcterms:medium><![CDATA[text]]></dcterms:medium></dc:format>
</ags:resource>
<ags:resource ags:ARN="GB2015400162">
	<dc:title><![CDATA[Caracterización del agente etiológico de la enfermedad denominada “Mancha de aceite” en cultivos de Gulupa (Passiflora edulis SIMS) en zonas productoras de Colombia]]></dc:title>
	<dc:creator>
		<ags:creatorPersonal><![CDATA[Solange Viviana Benítez Hernández]]></ags:creatorPersonal>
	</dc:creator>
	<dc:identifier scheme="dcterms:URI"><![CDATA[oai:core.kmi.open.ac.uk:11053303]]></dc:identifier>
	<dc:identifier scheme="dcterms:URI"><![CDATA[http://core.kmi.open.ac.uk/download/pdf/11053303.pdf]]></dc:identifier>
	<dc:format><dcterms:medium><![CDATA[text]]></dcterms:medium></dc:format>
</ags:resource>
<ags:resource ags:ARN="GB2015400163">
	<dc:title><![CDATA[Sistemas de conocimiento ecológico tradicional y sus mecanismos de transformación: el caso de una chagra amazónica]]></dc:title>
	<dc:creator>
		<ags:creatorPersonal><![CDATA[Iván Darío Vargas Roncancio]]></ags:creatorPersonal>
	</dc:creator>
	<dc:identifier scheme="dcterms:URI"><![CDATA[http://core.kmi.open.ac.uk/download/pdf/11054175.pdf]]></dc:identifier>
	<dc:identifier scheme="dcterms:URI"><![CDATA[oai:core.kmi.open.ac.uk:11054175]]></dc:identifier>
	<dc:format><dcterms:medium><![CDATA[text]]></dcterms:medium></dc:format>
</ags:resource>
<ags:resource ags:ARN="GB2015400164">
	<dc:title><![CDATA[Crédito y ganadería en Colombia / Credit and livestock in Colombia]]></dc:title>
	<dc:creator>
		<ags:creatorPersonal><![CDATA[Hugo Silva Segura]]></ags:creatorPersonal>
	</dc:creator>
	<dc:identifier scheme="dcterms:URI"><![CDATA[oai:core.kmi.open.ac.uk:11055380]]></dc:identifier>
	<dc:identifier scheme="dcterms:URI"><![CDATA[http://core.kmi.open.ac.uk/download/pdf/11055380.pdf]]></dc:identifier>
	<dc:format><dcterms:medium><![CDATA[text]]></dcterms:medium></dc:format>
</ags:resource>
<ags:resource ags:ARN="GB2015400165">
	<dc:title><![CDATA[La fisiocracia o la fugacidad de una teorización que reaparecerá fortalecida dos siglos después / Physiocracy or transience of a theorization that two centuries later reappear strengthened]]></dc:title>
	<dc:creator>
		<ags:creatorPersonal><![CDATA[Luis Jair Gómez C]]></ags:creatorPersonal>
	</dc:creator>
	<dc:identifier scheme="dcterms:URI"><![CDATA[http://core.kmi.open.ac.uk/download/pdf/11055425.pdf]]></dc:identifier>
	<dc:identifier scheme="dcterms:URI"><![CDATA[oai:core.kmi.open.ac.uk:11055425]]></dc:identifier>
	<dc:format><dcterms:medium><![CDATA[text]]></dcterms:medium></dc:format>
</ags:resource>
<ags:resource ags:ARN="GB2015400166">
	<dc:title><![CDATA[Apertura económica y agricultura en Colombia / Economic openness and Agriculture in Colombia]]></dc:title>
	<dc:creator>
		<ags:creatorPersonal><![CDATA[Guillermo Maya Muñoz]]></ags:creatorPersonal>
	</dc:creator>
	<dc:identifier scheme="dcterms:URI"><![CDATA[http://core.kmi.open.ac.uk/download/pdf/11055384.pdf]]></dc:identifier>
	<dc:identifier scheme="dcterms:URI"><![CDATA[oai:core.kmi.open.ac.uk:11055384]]></dc:identifier>
	<dc:format><dcterms:medium><![CDATA[text]]></dcterms:medium></dc:format>
</ags:resource>
<ags:resource ags:ARN="GB2015400167">
	<dc:title><![CDATA[La economía colombiana en la década de los noventa: dilema entre el mercado interno y el mercado internacional / The Colombian economy in the nineties: the dilemma between the domestic and international market]]></dc:title>
	<dc:creator>
		<ags:creatorPersonal><![CDATA[Ramiro Restrepo Uribe]]></ags:creatorPersonal>
	</dc:creator>
	<dc:identifier scheme="dcterms:URI"><![CDATA[oai:core.kmi.open.ac.uk:11055430]]></dc:identifier>
	<dc:identifier scheme="dcterms:URI"><![CDATA[http://core.kmi.open.ac.uk/download/pdf/11055430.pdf]]></dc:identifier>
	<dc:format><dcterms:medium><![CDATA[text]]></dcterms:medium></dc:format>
</ags:resource>
<ags:resource ags:ARN="GB2015400168">
	<dc:title><![CDATA[Technology and teaching: A case study of software-enhanced enquiry-based learning across academic pathways]]></dc:title>
	<dc:creator>
		<ags:creatorPersonal><![CDATA[Georgie Gaddum]]></ags:creatorPersonal>
		<ags:creatorPersonal><![CDATA[Charles Riddle]]></ags:creatorPersonal>
	</dc:creator>
	<dc:identifier scheme="dcterms:URI"><![CDATA[http://core.kmi.open.ac.uk/download/pdf/11230402.pdf]]></dc:identifier>
	<dc:identifier scheme="dcterms:URI"><![CDATA[oai:core.kmi.open.ac.uk:11230402]]></dc:identifier>
	<dc:format><dcterms:medium><![CDATA[text]]></dcterms:medium></dc:format>
</ags:resource>
<ags:resource ags:ARN="GB2015400169">
	<dc:title><![CDATA[Household Hazardous Materials Programs, January 2004]]></dc:title>
	<dc:creator>
		<ags:creatorPersonal><![CDATA[ANDREA NAGY]]></ags:creatorPersonal>
		<ags:creatorPersonal><![CDATA[V. GOSA]]></ags:creatorPersonal>
		<ags:creatorPersonal><![CDATA[TABITA ADAMOV]]></ags:creatorPersonal>
	</dc:creator>
	<dc:date><dcterms:dateIssued><![CDATA[January 2004]]></dcterms:dateIssued></dc:date>
	<dc:identifier scheme="dcterms:URI"><![CDATA[oai:core.kmi.open.ac.uk:11344201]]></dc:identifier>
	<dc:identifier scheme="dcterms:URI"><![CDATA[http://core.kmi.open.ac.uk/download/pdf/11344201.pdf]]></dc:identifier>
	<dc:format><dcterms:medium><![CDATA[text]]></dcterms:medium></dc:format>
</ags:resource>
<ags:resource ags:ARN="GB2015400170">
	<dc:title><![CDATA[Iowa Agricultural Organization Directory]]></dc:title>
	<dc:creator>
		<ags:creatorPersonal><![CDATA[Paul Adams]]></ags:creatorPersonal>
		<ags:creatorPersonal><![CDATA[Alice Bows]]></ags:creatorPersonal>
		<ags:creatorPersonal><![CDATA[Paul Gilbert]]></ags:creatorPersonal>
		<ags:creatorPersonal><![CDATA[Jim Hammond]]></ags:creatorPersonal>
		<ags:creatorPersonal><![CDATA[David Howard]]></ags:creatorPersonal>
		<ags:creatorPersonal><![CDATA[Rachel Lee]]></ags:creatorPersonal>
		<ags:creatorPersonal><![CDATA[Niall McNamara]]></ags:creatorPersonal>
		<ags:creatorPersonal><![CDATA[Patricia Thornley]]></ags:creatorPersonal>
		<ags:creatorPersonal><![CDATA[Carly Whittaker]]></ags:creatorPersonal>
		<ags:creatorPersonal><![CDATA[Jeanette Whitaker]]></ags:creatorPersonal>
	</dc:creator>
	<dc:identifier scheme="dcterms:URI"><![CDATA[oai:core.kmi.open.ac.uk:11343576]]></dc:identifier>
	<dc:identifier scheme="dcterms:URI"><![CDATA[http://core.kmi.open.ac.uk/download/pdf/11343576.pdf]]></dc:identifier>
	<dc:format><dcterms:medium><![CDATA[text]]></dcterms:medium></dc:format>
</ags:resource>
<ags:resource ags:ARN="GB2015400171">
	<dc:title><![CDATA[Animal Industry News, February 2004, Vol. 5, No. 1]]></dc:title>
	<dc:creator>
		<ags:creatorPersonal><![CDATA[Abdul Ghani Ahmad Sharifuddin]]></ags:creatorPersonal>
	</dc:creator>
	<dc:identifier scheme="dcterms:URI"><![CDATA[http://core.kmi.open.ac.uk/download/pdf/11345015.pdf]]></dc:identifier>
	<dc:identifier scheme="dcterms:URI"><![CDATA[oai:core.kmi.open.ac.uk:11345015]]></dc:identifier>
	<dc:format><dcterms:medium><![CDATA[text]]></dcterms:medium></dc:format>
</ags:resource>
<ags:resource ags:ARN="GB2015400172">
	<dc:title><![CDATA[Fresh News; The Farmers' Market Newsletter, Fall 2001]]></dc:title>
	<dc:creator>
		<ags:creatorPersonal><![CDATA[Daren Gooddy]]></ags:creatorPersonal>
		<ags:creatorPersonal><![CDATA[Marianne Stuart]]></ags:creatorPersonal>
		<ags:creatorPersonal><![CDATA[Daniel Joseph Lapworth]]></ags:creatorPersonal>
		<ags:creatorPersonal><![CDATA[John Chilton]]></ags:creatorPersonal>
		<ags:creatorPersonal><![CDATA[S. Bishop]]></ags:creatorPersonal>
		<ags:creatorPersonal><![CDATA[G. Cach]]></ags:creatorPersonal>
		<ags:creatorPersonal><![CDATA[t]]></ags:creatorPersonal>
		<ags:creatorPersonal><![CDATA[M. Knapp]]></ags:creatorPersonal>
		<ags:creatorPersonal><![CDATA[T. Pearson]]></ags:creatorPersonal>
	</dc:creator>
	<dc:date><dcterms:dateIssued><![CDATA[Fall 2001]]></dcterms:dateIssued></dc:date>
	<dc:identifier scheme="dcterms:URI"><![CDATA[http://core.kmi.open.ac.uk/download/pdf/11345019.pdf]]></dc:identifier>
	<dc:identifier scheme="dcterms:URI"><![CDATA[oai:core.kmi.open.ac.uk:11345019]]></dc:identifier>
	<dc:format><dcterms:medium><![CDATA[text]]></dcterms:medium></dc:format>
</ags:resource>
<ags:resource ags:ARN="GB2015400173">
	<dc:title><![CDATA[Fresh News; The Farmers' Market Newsletter, Fall 2002]]></dc:title>
	<dc:creator>
		<ags:creatorPersonal><![CDATA[Daren Gooddy]]></ags:creatorPersonal>
		<ags:creatorPersonal><![CDATA[S.A Mathais]]></ags:creatorPersonal>
		<ags:creatorPersonal><![CDATA[Ian Harrison]]></ags:creatorPersonal>
		<ags:creatorPersonal><![CDATA[Daniel Joseph Lapworth]]></ags:creatorPersonal>
		<ags:creatorPersonal><![CDATA[A.W Kim]]></ags:creatorPersonal>
	</dc:creator>
	<dc:date><dcterms:dateIssued><![CDATA[Fall 2002]]></dcterms:dateIssued></dc:date>
	<dc:identifier scheme="dcterms:URI"><![CDATA[oai:core.kmi.open.ac.uk:11345022]]></dc:identifier>
	<dc:identifier scheme="dcterms:URI"><![CDATA[http://core.kmi.open.ac.uk/download/pdf/11345022.pdf]]></dc:identifier>
	<dc:format><dcterms:medium><![CDATA[text]]></dcterms:medium></dc:format>
</ags:resource>
<ags:resource ags:ARN="GB2015400174">
	<dc:title><![CDATA[Iowa Farmers' Market Development Manual, 2003]]></dc:title>
	<dc:creator>
		<ags:creatorPersonal><![CDATA[Isabel Cristina Ceballos Rojas]]></ags:creatorPersonal>
	</dc:creator>
	<dc:date><dcterms:dateIssued><![CDATA[2003]]></dcterms:dateIssued></dc:date>
	<dc:identifier scheme="dcterms:URI"><![CDATA[oai:core.kmi.open.ac.uk:11345024]]></dc:identifier>
	<dc:identifier scheme="dcterms:URI"><![CDATA[http://core.kmi.open.ac.uk/download/pdf/11345024.pdf]]></dc:identifier>
	<dc:format><dcterms:medium><![CDATA[text]]></dcterms:medium></dc:format>
</ags:resource>
<ags:resource ags:ARN="GB2015400175">
	<dc:title><![CDATA[Cropping Practices Baseline Data, 2002]]></dc:title>
	<dc:creator>
		<ags:creatorPersonal><![CDATA[Kerri E. Bates]]></ags:creatorPersonal>
	</dc:creator>
	<dc:date><dcterms:dateIssued><![CDATA[2002]]></dcterms:dateIssued></dc:date>
	<dc:identifier scheme="dcterms:URI"><![CDATA[http://core.kmi.open.ac.uk/download/pdf/11345028.pdf]]></dc:identifier>
	<dc:identifier scheme="dcterms:URI"><![CDATA[oai:core.kmi.open.ac.uk:11345028]]></dc:identifier>
	<dc:format><dcterms:medium><![CDATA[text]]></dcterms:medium></dc:format>
</ags:resource>
<ags:resource ags:ARN="GB2015400176">
	<dc:title><![CDATA[Integrated Farm/Livestock Management Demonstration Program, 2002]]></dc:title>
	<dc:creator>
		<ags:creatorPersonal><![CDATA[H. Hadiyanto]]></ags:creatorPersonal>
	</dc:creator>
	<dc:date><dcterms:dateIssued><![CDATA[2002]]></dcterms:dateIssued></dc:date>
	<dc:identifier scheme="dcterms:URI"><![CDATA[http://core.kmi.open.ac.uk/download/pdf/11345027.pdf]]></dc:identifier>
	<dc:identifier scheme="dcterms:URI"><![CDATA[oai:core.kmi.open.ac.uk:11345027]]></dc:identifier>
	<dc:format><dcterms:medium><![CDATA[text]]></dcterms:medium></dc:format>
</ags:resource>
<ags:resource ags:ARN="GB2015400177">
	<dc:title><![CDATA[The Effects of Expanding Ethanol Markets On Ethanol Production Feed Markets And the Iowa Economy, June 30 2001]]></dc:title>
	<dc:creator>
		<ags:creatorPersonal><![CDATA[M.G. Morris]]></ags:creatorPersonal>
		<ags:creatorPersonal><![CDATA[E.A.G. Duffey]]></ags:creatorPersonal>
		<ags:creatorPersonal><![CDATA[M.J.L. Skelton]]></ags:creatorPersonal>
		<ags:creatorPersonal><![CDATA[J.N. Greatorex-Davies]]></ags:creatorPersonal>
		<ags:creatorPersonal><![CDATA[R.C. Welch]]></ags:creatorPersonal>
		<ags:creatorPersonal><![CDATA[R.G. Snazell]]></ags:creatorPersonal>
		<ags:creatorPersonal><![CDATA[P.T. Harding]]></ags:creatorPersonal>
		<ags:creatorPersonal><![CDATA[W.E. Rispin]]></ags:creatorPersonal>
		<ags:creatorPersonal><![CDATA[P.E. Jones]]></ags:creatorPersonal>
		<ags:creatorPersonal><![CDATA[R.A. Plant]]></ags:creatorPersonal>
		<ags:creatorPersonal><![CDATA[G.J. Moller]]></ags:creatorPersonal>
	</dc:creator>
	<dc:date><dcterms:dateIssued><![CDATA[June 30 2001]]></dcterms:dateIssued></dc:date>
	<dc:identifier scheme="dcterms:URI"><![CDATA[http://core.kmi.open.ac.uk/download/pdf/11345025.pdf]]></dc:identifier>
	<dc:identifier scheme="dcterms:URI"><![CDATA[oai:core.kmi.open.ac.uk:11345025]]></dc:identifier>
	<dc:format><dcterms:medium><![CDATA[text]]></dcterms:medium></dc:format>
</ags:resource>
<ags:resource ags:ARN="GB2015400178">
	<dc:title><![CDATA[Soil and Water Conservation; Conservation Program Summary, 2003]]></dc:title>
	<dc:creator>
		<ags:creatorPersonal><![CDATA[Arya Citra RAMADHAN]]></ags:creatorPersonal>
		<ags:creatorPersonal><![CDATA[Mardwi RAHDRIAWAN]]></ags:creatorPersonal>
	</dc:creator>
	<dc:date><dcterms:dateIssued><![CDATA[2003]]></dcterms:dateIssued></dc:date>
	<dc:identifier scheme="dcterms:URI"><![CDATA[http://core.kmi.open.ac.uk/download/pdf/11345026.pdf]]></dc:identifier>
	<dc:identifier scheme="dcterms:URI"><![CDATA[oai:core.kmi.open.ac.uk:11345026]]></dc:identifier>
	<dc:format><dcterms:medium><![CDATA[text]]></dcterms:medium></dc:format>
</ags:resource>
<ags:resource ags:ARN="GB2015400179">
	<dc:title><![CDATA[Hub/Spokes Nutrient Management Model, 2001]]></dc:title>
	<dc:creator>
		<ags:creatorPersonal><![CDATA[Glenn S. Thomas]]></ags:creatorPersonal>
	</dc:creator>
	<dc:date><dcterms:dateIssued><![CDATA[2001]]></dcterms:dateIssued></dc:date>
	<dc:identifier scheme="dcterms:URI"><![CDATA[http://core.kmi.open.ac.uk/download/pdf/11345029.pdf]]></dc:identifier>
	<dc:identifier scheme="dcterms:URI"><![CDATA[oai:core.kmi.open.ac.uk:11345029]]></dc:identifier>
	<dc:format><dcterms:medium><![CDATA[text]]></dcterms:medium></dc:format>
</ags:resource>
<ags:resource ags:ARN="GB2015400180">
	<dc:title><![CDATA[Soil Nitrogen and Carbon Management Project, 2002]]></dc:title>
	<dc:creator>
		<ags:creatorPersonal><![CDATA[Tasos A. Stavrides]]></ags:creatorPersonal>
	</dc:creator>
	<dc:date><dcterms:dateIssued><![CDATA[2002]]></dcterms:dateIssued></dc:date>
	<dc:identifier scheme="dcterms:URI"><![CDATA[oai:core.kmi.open.ac.uk:11345023]]></dc:identifier>
	<dc:identifier scheme="dcterms:URI"><![CDATA[http://core.kmi.open.ac.uk/download/pdf/11345023.pdf]]></dc:identifier>
	<dc:format><dcterms:medium><![CDATA[text]]></dcterms:medium></dc:format>
</ags:resource>
<ags:resource ags:ARN="GB2015400181">
	<dc:title><![CDATA[Iowa Soil Properties and Interpretation Database, 2002]]></dc:title>
	<dc:creator>
		<ags:creatorPersonal><![CDATA[Nicholas C. Baltas]]></ags:creatorPersonal>
	</dc:creator>
	<dc:date><dcterms:dateIssued><![CDATA[2002]]></dcterms:dateIssued></dc:date>
	<dc:identifier scheme="dcterms:URI"><![CDATA[oai:core.kmi.open.ac.uk:11345031]]></dc:identifier>
	<dc:identifier scheme="dcterms:URI"><![CDATA[http://core.kmi.open.ac.uk/download/pdf/11345031.pdf]]></dc:identifier>
	<dc:format><dcterms:medium><![CDATA[text]]></dcterms:medium></dc:format>
</ags:resource>
<ags:resource ags:ARN="GB2015400182">
	<dc:title><![CDATA[The Lunch Line, Vol. 52, no. 4, April 2003]]></dc:title>
	<dc:creator>
		<ags:creatorPersonal><![CDATA[Daniel Joseph Lapworth]]></ags:creatorPersonal>
		<ags:creatorPersonal><![CDATA[Daren Gooddy]]></ags:creatorPersonal>
		<ags:creatorPersonal><![CDATA[Andrew Butcher]]></ags:creatorPersonal>
		<ags:creatorPersonal><![CDATA[Brian Morris]]></ags:creatorPersonal>
	</dc:creator>
	<dc:date><dcterms:dateIssued><![CDATA[April 2003]]></dcterms:dateIssued></dc:date>
	<dc:identifier scheme="dcterms:URI"><![CDATA[http://core.kmi.open.ac.uk/download/pdf/11345259.pdf]]></dc:identifier>
	<dc:identifier scheme="dcterms:URI"><![CDATA[oai:core.kmi.open.ac.uk:11345259]]></dc:identifier>
	<dc:format><dcterms:medium><![CDATA[text]]></dcterms:medium></dc:format>
</ags:resource>
<ags:resource ags:ARN="GB2015400183">
	<dc:title><![CDATA[The Lunch Line, Vol. 52, no. 3, January/February 2003]]></dc:title>
	<dc:creator>
		<ags:creatorPersonal><![CDATA[A. F. Harrison]]></ags:creatorPersonal>
		<ags:creatorPersonal><![CDATA[D. R. Helliwell]]></ags:creatorPersonal>
	</dc:creator>
	<dc:date><dcterms:dateIssued><![CDATA[January/February 2003]]></dcterms:dateIssued></dc:date>
	<dc:identifier scheme="dcterms:URI"><![CDATA[http://core.kmi.open.ac.uk/download/pdf/11345262.pdf]]></dc:identifier>
	<dc:identifier scheme="dcterms:URI"><![CDATA[oai:core.kmi.open.ac.uk:11345262]]></dc:identifier>
	<dc:format><dcterms:medium><![CDATA[text]]></dcterms:medium></dc:format>
</ags:resource>
<ags:resource ags:ARN="GB2015400184">
	<dc:title><![CDATA[The Lunch Line, Vol. 52, no. 3, January, 2002]]></dc:title>
	<dc:creator>
		<ags:creatorPersonal><![CDATA[A. E. Bailey-Watts]]></ags:creatorPersonal>
		<ags:creatorPersonal><![CDATA[L. May]]></ags:creatorPersonal>
		<ags:creatorPersonal><![CDATA[A. Kirika]]></ags:creatorPersonal>
	</dc:creator>
	<dc:date><dcterms:dateIssued><![CDATA[2002]]></dcterms:dateIssued></dc:date>
	<dc:identifier scheme="dcterms:URI"><![CDATA[oai:core.kmi.open.ac.uk:11345255]]></dc:identifier>
	<dc:identifier scheme="dcterms:URI"><![CDATA[http://core.kmi.open.ac.uk/download/pdf/11345255.pdf]]></dc:identifier>
	<dc:format><dcterms:medium><![CDATA[text]]></dcterms:medium></dc:format>
</ags:resource>
<ags:resource ags:ARN="GB2015400185">
	<dc:title><![CDATA[The Lunch Line, Vol. 52, no. 5, May 2002]]></dc:title>
	<dc:creator>
		<ags:creatorPersonal><![CDATA[P. J. A. Howard]]></ags:creatorPersonal>
		<ags:creatorPersonal><![CDATA[D. M. Howard]]></ags:creatorPersonal>
	</dc:creator>
	<dc:date><dcterms:dateIssued><![CDATA[May 2002]]></dcterms:dateIssued></dc:date>
	<dc:identifier scheme="dcterms:URI"><![CDATA[oai:core.kmi.open.ac.uk:11345258]]></dc:identifier>
	<dc:identifier scheme="dcterms:URI"><![CDATA[http://core.kmi.open.ac.uk/download/pdf/11345258.pdf]]></dc:identifier>
	<dc:format><dcterms:medium><![CDATA[text]]></dcterms:medium></dc:format>
</ags:resource>
<ags:resource ags:ARN="GB2015400186">
	<dc:title><![CDATA[The Lunch Line, Vol. 52, no. 2, November 2002]]></dc:title>
	<dc:creator>
		<ags:creatorPersonal><![CDATA[Am]]></ags:creatorPersonal>
		<ags:creatorPersonal><![CDATA[a Thomson]]></ags:creatorPersonal>
		<ags:creatorPersonal><![CDATA[Nuala Fitton]]></ags:creatorPersonal>
		<ags:creatorPersonal><![CDATA[Kerry Dinsmore]]></ags:creatorPersonal>
		<ags:creatorPersonal><![CDATA[Mike Billett]]></ags:creatorPersonal>
		<ags:creatorPersonal><![CDATA[Jo Smith]]></ags:creatorPersonal>
		<ags:creatorPersonal><![CDATA[Pete Smith]]></ags:creatorPersonal>
		<ags:creatorPersonal><![CDATA[Tom Misselbrook]]></ags:creatorPersonal>
	</dc:creator>
	<dc:date><dcterms:dateIssued><![CDATA[November 2002]]></dcterms:dateIssued></dc:date>
	<dc:identifier scheme="dcterms:URI"><![CDATA[http://core.kmi.open.ac.uk/download/pdf/11345260.pdf]]></dc:identifier>
	<dc:identifier scheme="dcterms:URI"><![CDATA[oai:core.kmi.open.ac.uk:11345260]]></dc:identifier>
	<dc:format><dcterms:medium><![CDATA[text]]></dcterms:medium></dc:format>
</ags:resource>
<ags:resource ags:ARN="GB2015400187">
	<dc:title><![CDATA[The Lunch Line, March 2004]]></dc:title>
	<dc:creator>
		<ags:creatorPersonal><![CDATA[Wusheng Yu]]></ags:creatorPersonal>
		<ags:creatorPersonal><![CDATA[Hans G. Jensen]]></ags:creatorPersonal>
	</dc:creator>
	<dc:date><dcterms:dateIssued><![CDATA[March 2004]]></dcterms:dateIssued></dc:date>
	<dc:identifier scheme="dcterms:URI"><![CDATA[oai:core.kmi.open.ac.uk:11345265]]></dc:identifier>
	<dc:identifier scheme="dcterms:URI"><![CDATA[http://core.kmi.open.ac.uk/download/pdf/11345265.pdf]]></dc:identifier>
	<dc:format><dcterms:medium><![CDATA[text]]></dcterms:medium></dc:format>
</ags:resource>
<ags:resource ags:ARN="GB2015400188">
	<dc:title><![CDATA[The Lunch Line, November 2003]]></dc:title>
	<dc:creator>
		<ags:creatorPersonal><![CDATA[Her Majesty's Stationary Office]]></ags:creatorPersonal>
	</dc:creator>
	<dc:date><dcterms:dateIssued><![CDATA[November 2003]]></dcterms:dateIssued></dc:date>
	<dc:identifier scheme="dcterms:URI"><![CDATA[oai:core.kmi.open.ac.uk:11345266]]></dc:identifier>
	<dc:identifier scheme="dcterms:URI"><![CDATA[http://core.kmi.open.ac.uk/download/pdf/11345266.pdf]]></dc:identifier>
	<dc:format><dcterms:medium><![CDATA[text]]></dcterms:medium></dc:format>
</ags:resource>
<ags:resource ags:ARN="GB2015400189">
	<dc:title><![CDATA[The Lunch Line, January 2004]]></dc:title>
	<dc:creator>
		<ags:creatorPersonal><![CDATA[D. Haboudane A]]></ags:creatorPersonal>
		<ags:creatorPersonal><![CDATA[J. R. Miller B]]></ags:creatorPersonal>
		<ags:creatorPersonal><![CDATA[N. Tremblay C]]></ags:creatorPersonal>
		<ags:creatorPersonal><![CDATA[E. Pattey D]]></ags:creatorPersonal>
		<ags:creatorPersonal><![CDATA[P. Vigneault C]]></ags:creatorPersonal>
	</dc:creator>
	<dc:date><dcterms:dateIssued><![CDATA[January 2004]]></dcterms:dateIssued></dc:date>
	<dc:identifier scheme="dcterms:URI"><![CDATA[http://core.kmi.open.ac.uk/download/pdf/11345267.pdf]]></dc:identifier>
	<dc:identifier scheme="dcterms:URI"><![CDATA[oai:core.kmi.open.ac.uk:11345267]]></dc:identifier>
	<dc:format><dcterms:medium><![CDATA[text]]></dcterms:medium></dc:format>
</ags:resource>
<ags:resource ags:ARN="GB2015400190">
	<dc:title><![CDATA[The Lunch Line, May 2004]]></dc:title>
	<dc:creator>
		<ags:creatorPersonal><![CDATA[SAG Leroy]]></ags:creatorPersonal>
		<ags:creatorPersonal><![CDATA[S Marco]]></ags:creatorPersonal>
		<ags:creatorPersonal><![CDATA[R Bookman]]></ags:creatorPersonal>
		<ags:creatorPersonal><![CDATA[CS Miller]]></ags:creatorPersonal>
	</dc:creator>
	<dc:date><dcterms:dateIssued><![CDATA[May 2004]]></dcterms:dateIssued></dc:date>
	<dc:identifier scheme="dcterms:URI"><![CDATA[http://core.kmi.open.ac.uk/download/pdf/11345269.pdf]]></dc:identifier>
	<dc:identifier scheme="dcterms:URI"><![CDATA[oai:core.kmi.open.ac.uk:11345269]]></dc:identifier>
	<dc:format><dcterms:medium><![CDATA[text]]></dcterms:medium></dc:format>
</ags:resource>
<ags:resource ags:ARN="GB2015400191">
	<dc:title><![CDATA[The Lunch Line, Vol. 52, no. 5, May 2003]]></dc:title>
	<dc:creator>
		<ags:creatorPersonal><![CDATA[John Tzilivakis]]></ags:creatorPersonal>
		<ags:creatorPersonal><![CDATA[Andrew Green]]></ags:creatorPersonal>
		<ags:creatorPersonal><![CDATA[Douglas Warner]]></ags:creatorPersonal>
		<ags:creatorPersonal><![CDATA[Kate McGeevor]]></ags:creatorPersonal>
		<ags:creatorPersonal><![CDATA[Kathleen Lewis]]></ags:creatorPersonal>
	</dc:creator>
	<dc:date><dcterms:dateIssued><![CDATA[May 2003]]></dcterms:dateIssued></dc:date>
	<dc:identifier scheme="dcterms:URI"><![CDATA[http://core.kmi.open.ac.uk/download/pdf/11345277.pdf]]></dc:identifier>
	<dc:identifier scheme="dcterms:URI"><![CDATA[oai:core.kmi.open.ac.uk:11345277]]></dc:identifier>
	<dc:format><dcterms:medium><![CDATA[text]]></dcterms:medium></dc:format>
</ags:resource>
<ags:resource ags:ARN="GB2015400192">
	<dc:title><![CDATA[International Update Spring 2005]]></dc:title>
	<dc:creator>
		<ags:creatorPersonal><![CDATA[Félix Ramos Gamiño]]></ags:creatorPersonal>
	</dc:creator>
	<dc:identifier scheme="dcterms:URI"><![CDATA[oai:core.kmi.open.ac.uk:11345550]]></dc:identifier>
	<dc:identifier scheme="dcterms:URI"><![CDATA[http://core.kmi.open.ac.uk/download/pdf/11345550.pdf]]></dc:identifier>
	<dc:format><dcterms:medium><![CDATA[text]]></dcterms:medium></dc:format>
</ags:resource>
<ags:resource ags:ARN="GB2015400193">
	<dc:title><![CDATA[Iowa Apple Producers, 2004]]></dc:title>
	<dc:creator>
		<ags:creatorPersonal><![CDATA[Allani Noor Iffah]]></ags:creatorPersonal>
	</dc:creator>
	<dc:date><dcterms:dateIssued><![CDATA[2004]]></dcterms:dateIssued></dc:date>
	<dc:identifier scheme="dcterms:URI"><![CDATA[http://core.kmi.open.ac.uk/download/pdf/11345632.pdf]]></dc:identifier>
	<dc:identifier scheme="dcterms:URI"><![CDATA[oai:core.kmi.open.ac.uk:11345632]]></dc:identifier>
	<dc:format><dcterms:medium><![CDATA[text]]></dcterms:medium></dc:format>
</ags:resource>
<ags:resource ags:ARN="GB2015400194">
	<dc:title><![CDATA[Synthesis of Nondestructive Testing Technologies for Geomaterial Applications, May 2005]]></dc:title>
	<dc:creator>
		<ags:creatorPersonal><![CDATA[M. Kesik]]></ags:creatorPersonal>
		<ags:creatorPersonal><![CDATA[P. Ambus]]></ags:creatorPersonal>
		<ags:creatorPersonal><![CDATA[R. Baritz]]></ags:creatorPersonal>
		<ags:creatorPersonal><![CDATA[N. Bruggemann]]></ags:creatorPersonal>
		<ags:creatorPersonal><![CDATA[K. Butterbach-Bahl]]></ags:creatorPersonal>
		<ags:creatorPersonal><![CDATA[M. Damm]]></ags:creatorPersonal>
		<ags:creatorPersonal><![CDATA[J. Duyser]]></ags:creatorPersonal>
		<ags:creatorPersonal><![CDATA[L. Horvath]]></ags:creatorPersonal>
		<ags:creatorPersonal><![CDATA[R. Kiese]]></ags:creatorPersonal>
		<ags:creatorPersonal><![CDATA[B. Kitzler]]></ags:creatorPersonal>
		<ags:creatorPersonal><![CDATA[A. Leip]]></ags:creatorPersonal>
		<ags:creatorPersonal><![CDATA[C. Li]]></ags:creatorPersonal>
		<ags:creatorPersonal><![CDATA[M. Pihlatie]]></ags:creatorPersonal>
		<ags:creatorPersonal><![CDATA[K. Pilegaard]]></ags:creatorPersonal>
		<ags:creatorPersonal><![CDATA[S. Seufert]]></ags:creatorPersonal>
		<ags:creatorPersonal><![CDATA[D. Simpson]]></ags:creatorPersonal>
		<ags:creatorPersonal><![CDATA[U. Skiba]]></ags:creatorPersonal>
		<ags:creatorPersonal><![CDATA[G. Smiatek]]></ags:creatorPersonal>
		<ags:creatorPersonal><![CDATA[T. Vesala]]></ags:creatorPersonal>
		<ags:creatorPersonal><![CDATA[S. Zechmeister-Boltenstern]]></ags:creatorPersonal>
	</dc:creator>
	<dc:date><dcterms:dateIssued><![CDATA[May 2005]]></dcterms:dateIssued></dc:date>
	<dc:identifier scheme="dcterms:URI"><![CDATA[http://core.kmi.open.ac.uk/download/pdf/11345819.pdf]]></dc:identifier>
	<dc:identifier scheme="dcterms:URI"><![CDATA[oai:core.kmi.open.ac.uk:11345819]]></dc:identifier>
	<dc:format><dcterms:medium><![CDATA[text]]></dcterms:medium></dc:format>
</ags:resource>
<ags:resource ags:ARN="GB2015400195">
	<dc:title><![CDATA[Designation of Co-benefits and Its Implication for Policy: Water Quality versus Carbon Sequestration in Agricultural Soils, March 2005]]></dc:title>
	<dc:creator>
		<ags:creatorPersonal><![CDATA[Judith K. Pell]]></ags:creatorPersonal>
		<ags:creatorPersonal><![CDATA[Jason Baverstock]]></ags:creatorPersonal>
		<ags:creatorPersonal><![CDATA[Helen E. Roy]]></ags:creatorPersonal>
		<ags:creatorPersonal><![CDATA[Remy L. Ware]]></ags:creatorPersonal>
		<ags:creatorPersonal><![CDATA[Michael E. N. Majerus]]></ags:creatorPersonal>
	</dc:creator>
	<dc:date><dcterms:dateIssued><![CDATA[March 2005]]></dcterms:dateIssued></dc:date>
	<dc:identifier scheme="dcterms:URI"><![CDATA[oai:core.kmi.open.ac.uk:11345638]]></dc:identifier>
	<dc:identifier scheme="dcterms:URI"><![CDATA[http://core.kmi.open.ac.uk/download/pdf/11345638.pdf]]></dc:identifier>
	<dc:format><dcterms:medium><![CDATA[text]]></dcterms:medium></dc:format>
</ags:resource>
<ags:resource ags:ARN="GB2015400196">
	<dc:title><![CDATA[Influence of the Premium Subsidy on Farmers’ Crop Insurance Coverage Decisions, April 2005]]></dc:title>
	<dc:creator>
		<ags:creatorPersonal><![CDATA[MOH NURCAHYONO SAMADYO]]></ags:creatorPersonal>
	</dc:creator>
	<dc:date><dcterms:dateIssued><![CDATA[April 2005]]></dcterms:dateIssued></dc:date>
	<dc:identifier scheme="dcterms:URI"><![CDATA[oai:core.kmi.open.ac.uk:11345696]]></dc:identifier>
	<dc:identifier scheme="dcterms:URI"><![CDATA[http://core.kmi.open.ac.uk/download/pdf/11345696.pdf]]></dc:identifier>
	<dc:format><dcterms:medium><![CDATA[text]]></dcterms:medium></dc:format>
</ags:resource>
<ags:resource ags:ARN="GB2015400197">
	<dc:title><![CDATA[Impact of Ownership Structure on the Performance of China’s Feed Mill Sector, April 2005]]></dc:title>
	<dc:creator>
		<ags:creatorPersonal><![CDATA[Pavlos Pezaros]]></ags:creatorPersonal>
		<ags:creatorPersonal><![CDATA[Martin Unfried]]></ags:creatorPersonal>
		<ags:creatorPersonal><![CDATA[Vincent Roza]]></ags:creatorPersonal>
		<ags:creatorPersonal><![CDATA[Annemieke Den Teuling]]></ags:creatorPersonal>
	</dc:creator>
	<dc:date><dcterms:dateIssued><![CDATA[April 2005]]></dcterms:dateIssued></dc:date>
	<dc:identifier scheme="dcterms:URI"><![CDATA[oai:core.kmi.open.ac.uk:11345681]]></dc:identifier>
	<dc:identifier scheme="dcterms:URI"><![CDATA[http://core.kmi.open.ac.uk/download/pdf/11345681.pdf]]></dc:identifier>
	<dc:format><dcterms:medium><![CDATA[text]]></dcterms:medium></dc:format>
</ags:resource>
<ags:resource ags:ARN="GB2015400198">
	<dc:title><![CDATA[Feeding and the Equilibrium Feeder Animal Price-Weight Schedule, June 2005]]></dc:title>
	<dc:creator>
		<ags:creatorPersonal><![CDATA[Judit Kiss]]></ags:creatorPersonal>
		<ags:creatorPersonal><![CDATA[Sándor Réthi]]></ags:creatorPersonal>
		<ags:creatorPersonal><![CDATA[Miklós Somai]]></ags:creatorPersonal>
	</dc:creator>
	<dc:date><dcterms:dateIssued><![CDATA[June 2005]]></dcterms:dateIssued></dc:date>
	<dc:identifier scheme="dcterms:URI"><![CDATA[oai:core.kmi.open.ac.uk:11345841]]></dc:identifier>
	<dc:identifier scheme="dcterms:URI"><![CDATA[http://core.kmi.open.ac.uk/download/pdf/11345841.pdf]]></dc:identifier>
	<dc:format><dcterms:medium><![CDATA[text]]></dcterms:medium></dc:format>
</ags:resource>
<ags:resource ags:ARN="GB2015400199">
	<dc:title><![CDATA[Dairy Food Consumption, Production, and Policy in Japan, August 2005]]></dc:title>
	<dc:creator>
		<ags:creatorPersonal><![CDATA[Sudirman Sudirman]]></ags:creatorPersonal>
		<ags:creatorPersonal><![CDATA[Ristianto Utomo]]></ags:creatorPersonal>
		<ags:creatorPersonal><![CDATA[Zainal Bachruddin]]></ags:creatorPersonal>
		<ags:creatorPersonal><![CDATA[Budi Prasetyo Widyobroto]]></ags:creatorPersonal>
		<ags:creatorPersonal><![CDATA[Suhubdy Suhubdy]]></ags:creatorPersonal>
	</dc:creator>
	<dc:date><dcterms:dateIssued><![CDATA[August 2005]]></dcterms:dateIssued></dc:date>
	<dc:identifier scheme="dcterms:URI"><![CDATA[oai:core.kmi.open.ac.uk:11345973]]></dc:identifier>
	<dc:identifier scheme="dcterms:URI"><![CDATA[http://core.kmi.open.ac.uk/download/pdf/11345973.pdf]]></dc:identifier>
	<dc:format><dcterms:medium><![CDATA[text]]></dcterms:medium></dc:format>
</ags:resource>
</ags:resources>