<?xml version="1.0" encoding="UTF-8"?>
<!DOCTYPE ags:resources SYSTEM "http://purl.org/agmes/agrisap/dtd/">
<ags:resources xmlns:ags="http://purl.org/agmes/1.1/" xmlns:dc="http://purl.org/dc/elements/1.1/" xmlns:agls="http://www.naa.gov.au/recordkeeping/gov_online/agls/1.2" xmlns:dcterms="http://purl.org/dc/terms/">
<ags:resource ags:ARN="GB2015404300">
	<dc:title><![CDATA[Block-diagonal representation of a dualistic agricultural economy and its application in formal modelling: the case of Bulgaria]]></dc:title>
	<dc:creator>
		<ags:creatorPersonal><![CDATA[Phillip Kostov]]></ags:creatorPersonal>
		<ags:creatorPersonal><![CDATA[John Lingard]]></ags:creatorPersonal>
	</dc:creator>
	<dc:identifier scheme="dcterms:URI"><![CDATA[oai:core.kmi.open.ac.uk:6953]]></dc:identifier>
	<dc:identifier scheme="dcterms:URI"><![CDATA[http://core.kmi.open.ac.uk/download/pdf/6953.pdf]]></dc:identifier>
	<dc:format><dcterms:medium><![CDATA[text]]></dcterms:medium></dc:format>
</ags:resource>
<ags:resource ags:ARN="GB2015404301">
	<dc:title><![CDATA[Does Gibrat's law hold amongst dairy farmers in Northern Ireland?]]></dc:title>
	<dc:creator>
		<ags:creatorPersonal><![CDATA[Edy Kurnianto]]></ags:creatorPersonal>
		<ags:creatorPersonal><![CDATA[Shinjo Akihisa]]></ags:creatorPersonal>
		<ags:creatorPersonal><![CDATA[Suga Daisuke]]></ags:creatorPersonal>
	</dc:creator>
	<dc:identifier scheme="dcterms:URI"><![CDATA[http://core.kmi.open.ac.uk/download/pdf/6965.pdf]]></dc:identifier>
	<dc:identifier scheme="dcterms:URI"><![CDATA[oai:core.kmi.open.ac.uk:6965]]></dc:identifier>
	<dc:format><dcterms:medium><![CDATA[text]]></dcterms:medium></dc:format>
</ags:resource>
<ags:resource ags:ARN="GB2015404302">
	<dc:title><![CDATA[The Network for Calibration and Validation in Earth Observation (NCAVEO) 2006 Field Campaign]]></dc:title>
	<dc:creator>
		<ags:creatorPersonal><![CDATA[László Pásztor]]></ags:creatorPersonal>
		<ags:creatorPersonal><![CDATA[Zsófia Bakacsi]]></ags:creatorPersonal>
		<ags:creatorPersonal><![CDATA[József Szabó]]></ags:creatorPersonal>
		<ags:creatorPersonal><![CDATA[Annamária Laborczi]]></ags:creatorPersonal>
	</dc:creator>
	<dc:identifier scheme="dcterms:URI"><![CDATA[http://core.kmi.open.ac.uk/download/pdf/7898.pdf]]></dc:identifier>
	<dc:identifier scheme="dcterms:URI"><![CDATA[oai:core.kmi.open.ac.uk:7898]]></dc:identifier>
	<dc:format><dcterms:medium><![CDATA[text]]></dcterms:medium></dc:format>
</ags:resource>
<ags:resource ags:ARN="GB2015404303">
	<dc:title><![CDATA[Building an agricultural research for development system in Africa.]]></dc:title>
	<dc:creator>
		<ags:creatorPersonal><![CDATA[Adiel Mbabu]]></ags:creatorPersonal>
		<ags:creatorPersonal><![CDATA[Cosmas C.M. Ochieng]]></ags:creatorPersonal>
	</dc:creator>
	<dc:identifier scheme="dcterms:URI"><![CDATA[oai:core.kmi.open.ac.uk:67846]]></dc:identifier>
	<dc:identifier scheme="dcterms:URI"><![CDATA[http://core.kmi.open.ac.uk/download/pdf/67846.pdf]]></dc:identifier>
	<dc:format><dcterms:medium><![CDATA[text]]></dcterms:medium></dc:format>
</ags:resource>
<ags:resource ags:ARN="GB2015404304">
	<dc:title><![CDATA[Ecological modernisation and organic farming: a comparative assessment between UK and the state of Karnataka (India)]]></dc:title>
	<dc:creator>
		<ags:creatorPersonal><![CDATA[Steven J. Granger]]></ags:creatorPersonal>
		<ags:creatorPersonal><![CDATA[Rol]]></ags:creatorPersonal>
		<ags:creatorPersonal><![CDATA[Bol]]></ags:creatorPersonal>
		<ags:creatorPersonal><![CDATA[Liz Dixon]]></ags:creatorPersonal>
		<ags:creatorPersonal><![CDATA[Pam S. Naden]]></ags:creatorPersonal>
		<ags:creatorPersonal><![CDATA[Gareth H. Old]]></ags:creatorPersonal>
		<ags:creatorPersonal><![CDATA[Jon K. Marsh]]></ags:creatorPersonal>
		<ags:creatorPersonal><![CDATA[Gary Bilotta]]></ags:creatorPersonal>
		<ags:creatorPersonal><![CDATA[Richard Brazier]]></ags:creatorPersonal>
		<ags:creatorPersonal><![CDATA[Sue M. White]]></ags:creatorPersonal>
		<ags:creatorPersonal><![CDATA[Philip M. Haygarth]]></ags:creatorPersonal>
	</dc:creator>
	<dc:identifier scheme="dcterms:URI"><![CDATA[http://core.kmi.open.ac.uk/download/pdf/76488.pdf]]></dc:identifier>
	<dc:identifier scheme="dcterms:URI"><![CDATA[oai:core.kmi.open.ac.uk:76488]]></dc:identifier>
	<dc:format><dcterms:medium><![CDATA[text]]></dcterms:medium></dc:format>
</ags:resource>
<ags:resource ags:ARN="GB2015404305">
	<dc:title><![CDATA[The Network for Calibration and Validation in Earth Observation (NCAVEO) 2006 Field Campaign]]></dc:title>
	<dc:creator>
		<ags:creatorPersonal><![CDATA[L. J. Sheppard]]></ags:creatorPersonal>
		<ags:creatorPersonal><![CDATA[I. D. Leith]]></ags:creatorPersonal>
		<ags:creatorPersonal><![CDATA[C. Field]]></ags:creatorPersonal>
		<ags:creatorPersonal><![CDATA[N. van Dijk]]></ags:creatorPersonal>
		<ags:creatorPersonal><![CDATA[M. Rung]]></ags:creatorPersonal>
		<ags:creatorPersonal><![CDATA[U. Skiba]]></ags:creatorPersonal>
	</dc:creator>
	<dc:identifier scheme="dcterms:URI"><![CDATA[oai:core.kmi.open.ac.uk:8931022]]></dc:identifier>
	<dc:identifier scheme="dcterms:URI"><![CDATA[http://core.kmi.open.ac.uk/download/pdf/8931022.pdf]]></dc:identifier>
	<dc:format><dcterms:medium><![CDATA[text]]></dcterms:medium></dc:format>
</ags:resource>
<ags:resource ags:ARN="GB2015404306">
	<dc:title><![CDATA[Forestry impact on upland water quality. NRA Project 114; Project review: September 1990]]></dc:title>
	<dc:creator>
		<ags:creatorPersonal><![CDATA[Retno Murwani]]></ags:creatorPersonal>
	</dc:creator>
	<dc:identifier scheme="dcterms:URI"><![CDATA[oai:core.kmi.open.ac.uk:8793759]]></dc:identifier>
	<dc:identifier scheme="dcterms:URI"><![CDATA[http://core.kmi.open.ac.uk/download/pdf/8793759.pdf]]></dc:identifier>
	<dc:format><dcterms:medium><![CDATA[text]]></dcterms:medium></dc:format>
</ags:resource>
<ags:resource ags:ARN="GB2015404307">
	<dc:title><![CDATA[Review of transboundary air pollution (RoTAP): acidification, eutrophication, ground level ozone and heavy metals in the UK]]></dc:title>
	<dc:creator>
		<ags:creatorPersonal><![CDATA[Lucy J. Sheppard]]></ags:creatorPersonal>
		<ags:creatorPersonal><![CDATA[Alan Crossley]]></ags:creatorPersonal>
		<ags:creatorPersonal><![CDATA[Kevin Ingleby]]></ags:creatorPersonal>
		<ags:creatorPersonal><![CDATA[Clive Woods]]></ags:creatorPersonal>
	</dc:creator>
	<dc:identifier scheme="dcterms:URI"><![CDATA[http://core.kmi.open.ac.uk/download/pdf/8794177.pdf]]></dc:identifier>
	<dc:identifier scheme="dcterms:URI"><![CDATA[oai:core.kmi.open.ac.uk:8794177]]></dc:identifier>
	<dc:format><dcterms:medium><![CDATA[text]]></dcterms:medium></dc:format>
</ags:resource>
<ags:resource ags:ARN="GB2015404308">
	<dc:title><![CDATA[Optimising nitrogen storage in wheat canopies for genetic reduction in fertiliser nitrogen inputs]]></dc:title>
	<dc:creator>
		<ags:creatorPersonal><![CDATA[R. Kerry]]></ags:creatorPersonal>
		<ags:creatorPersonal><![CDATA[B.G. Rawlins]]></ags:creatorPersonal>
		<ags:creatorPersonal><![CDATA[M.A. Oliver]]></ags:creatorPersonal>
		<ags:creatorPersonal><![CDATA[A.M. Lacinska]]></ags:creatorPersonal>
	</dc:creator>
	<dc:identifier scheme="dcterms:URI"><![CDATA[oai:core.kmi.open.ac.uk:8794440]]></dc:identifier>
	<dc:identifier scheme="dcterms:URI"><![CDATA[http://core.kmi.open.ac.uk/download/pdf/8794440.pdf]]></dc:identifier>
	<dc:format><dcterms:medium><![CDATA[text]]></dcterms:medium></dc:format>
</ags:resource>
<ags:resource ags:ARN="GB2015404309">
	<dc:title><![CDATA[Chemical trends at lakes and streams in the UK Acid Waters Monitoring Network, 1988-2000: evidence for recent recovery at a national scale]]></dc:title>
	<dc:creator>
		<ags:creatorPersonal><![CDATA[André luiz Andrade]]></ags:creatorPersonal>
	</dc:creator>
	<dc:date><dcterms:dateIssued><![CDATA[1988-2000: evidence for recent recovery at a national scale]]></dcterms:dateIssued></dc:date>
	<dc:identifier scheme="dcterms:URI"><![CDATA[oai:core.kmi.open.ac.uk:8999298]]></dc:identifier>
	<dc:identifier scheme="dcterms:URI"><![CDATA[http://core.kmi.open.ac.uk/download/pdf/8999298.pdf]]></dc:identifier>
	<dc:format><dcterms:medium><![CDATA[text]]></dcterms:medium></dc:format>
</ags:resource>
<ags:resource ags:ARN="GB2015404310">
	<dc:title><![CDATA[Iodine dynamics in soil]]></dc:title>
	<dc:creator>
		<ags:creatorPersonal><![CDATA[Waleed Hares Abdou Hassan Shetaya]]></ags:creatorPersonal>
	</dc:creator>
	<dc:identifier scheme="dcterms:URI"><![CDATA[oai:core.kmi.open.ac.uk:8794420]]></dc:identifier>
	<dc:identifier scheme="dcterms:URI"><![CDATA[http://core.kmi.open.ac.uk/download/pdf/8794420.pdf]]></dc:identifier>
	<dc:format><dcterms:medium><![CDATA[text]]></dcterms:medium></dc:format>
</ags:resource>
<ags:resource ags:ARN="GB2015404311">
	<dc:title><![CDATA[Worldwide food recall patterns over an eleven month period: A country perspective.]]></dc:title>
	<dc:creator>
		<ags:creatorPersonal><![CDATA[J. Miles]]></ags:creatorPersonal>
	</dc:creator>
	<dc:identifier scheme="dcterms:URI"><![CDATA[oai:core.kmi.open.ac.uk:89914]]></dc:identifier>
	<dc:identifier scheme="dcterms:URI"><![CDATA[http://core.kmi.open.ac.uk/download/pdf/89914.pdf]]></dc:identifier>
	<dc:format><dcterms:medium><![CDATA[text]]></dcterms:medium></dc:format>
</ags:resource>
<ags:resource ags:ARN="GB2015404312">
	<dc:title><![CDATA[Excess nitrogen leaching and C/N decline in the Tillingbourne catchment, southern England : INCA process modelling for current and historic time series]]></dc:title>
	<dc:creator>
		<ags:creatorPersonal><![CDATA[P.G Whitehead]]></ags:creatorPersonal>
		<ags:creatorPersonal><![CDATA[Daniel Joseph Lapworth]]></ags:creatorPersonal>
		<ags:creatorPersonal><![CDATA[R.A Skeffington]]></ags:creatorPersonal>
		<ags:creatorPersonal><![CDATA[A Wade]]></ags:creatorPersonal>
	</dc:creator>
	<dc:identifier scheme="dcterms:URI"><![CDATA[http://core.kmi.open.ac.uk/download/pdf/8999304.pdf]]></dc:identifier>
	<dc:identifier scheme="dcterms:URI"><![CDATA[oai:core.kmi.open.ac.uk:8999304]]></dc:identifier>
	<dc:format><dcterms:medium><![CDATA[text]]></dcterms:medium></dc:format>
</ags:resource>
<ags:resource ags:ARN="GB2015404313">
	<dc:title><![CDATA[Multiple output production with undesirable outputs: an application to nitrogen surplus in agriculture]]></dc:title>
	<dc:creator>
		<ags:creatorPersonal><![CDATA[Wyn Grant]]></ags:creatorPersonal>
	</dc:creator>
	<dc:identifier scheme="dcterms:URI"><![CDATA[oai:core.kmi.open.ac.uk:9016861]]></dc:identifier>
	<dc:identifier scheme="dcterms:URI"><![CDATA[http://core.kmi.open.ac.uk/download/pdf/9016861.pdf]]></dc:identifier>
	<dc:format><dcterms:medium><![CDATA[text]]></dcterms:medium></dc:format>
</ags:resource>
<ags:resource ags:ARN="GB2015404314">
	<dc:title><![CDATA[Carbon isotope anomaly in the major plant C-1 pool and its global biogeochemical implications]]></dc:title>
	<dc:creator>
		<ags:creatorPersonal><![CDATA[F. Keppler]]></ags:creatorPersonal>
		<ags:creatorPersonal><![CDATA[R. Kalin]]></ags:creatorPersonal>
		<ags:creatorPersonal><![CDATA[DB Harper]]></ags:creatorPersonal>
		<ags:creatorPersonal><![CDATA[WC McRoberts]]></ags:creatorPersonal>
		<ags:creatorPersonal><![CDATA[JTG Hamilton]]></ags:creatorPersonal>
	</dc:creator>
	<dc:identifier scheme="dcterms:URI"><![CDATA[http://core.kmi.open.ac.uk/download/pdf/9025151.pdf]]></dc:identifier>
	<dc:identifier scheme="dcterms:URI"><![CDATA[oai:core.kmi.open.ac.uk:9025151]]></dc:identifier>
	<dc:format><dcterms:medium><![CDATA[text]]></dcterms:medium></dc:format>
</ags:resource>
<ags:resource ags:ARN="GB2015404315">
	<dc:title><![CDATA[Optical properties of apple skin and flesh in the wavelength range from 350 to 2200 nm]]></dc:title>
	<dc:creator>
		<ags:creatorPersonal><![CDATA[E.J. White]]></ags:creatorPersonal>
	</dc:creator>
	<dc:identifier scheme="dcterms:URI"><![CDATA[oai:core.kmi.open.ac.uk:9023369]]></dc:identifier>
	<dc:identifier scheme="dcterms:URI"><![CDATA[http://core.kmi.open.ac.uk/download/pdf/9023369.pdf]]></dc:identifier>
	<dc:format><dcterms:medium><![CDATA[text]]></dcterms:medium></dc:format>
</ags:resource>
<ags:resource ags:ARN="GB2015404316">
	<dc:title><![CDATA[Co-digestion of agricultural and industrial wastes]]></dc:title>
	<dc:creator>
		<ags:creatorPersonal><![CDATA[BETTA DWI ISTI FERELA]]></ags:creatorPersonal>
	</dc:creator>
	<dc:identifier scheme="dcterms:URI"><![CDATA[oai:core.kmi.open.ac.uk:9052187]]></dc:identifier>
	<dc:identifier scheme="dcterms:URI"><![CDATA[http://core.kmi.open.ac.uk/download/pdf/9052187.pdf]]></dc:identifier>
	<dc:format><dcterms:medium><![CDATA[text]]></dcterms:medium></dc:format>
</ags:resource>
<ags:resource ags:ARN="GB2015404317">
	<dc:title><![CDATA[The development of private fresh produce safety standards: implications for developing Mediterranean exporting countries]]></dc:title>
	<dc:creator>
		<ags:creatorPersonal><![CDATA[Pusat Pengajian Sains Kajihayat PPSKJ]]></ags:creatorPersonal>
	</dc:creator>
	<dc:identifier scheme="dcterms:URI"><![CDATA[oai:core.kmi.open.ac.uk:91839]]></dc:identifier>
	<dc:identifier scheme="dcterms:URI"><![CDATA[http://core.kmi.open.ac.uk/download/pdf/91839.pdf]]></dc:identifier>
	<dc:format><dcterms:medium><![CDATA[text]]></dcterms:medium></dc:format>
</ags:resource>
<ags:resource ags:ARN="GB2015404318">
	<dc:title><![CDATA[Steps toward broad-spectrum therapeutics: discovering virulence-associated genes present in diverse human pathogens.]]></dc:title>
	<dc:creator>
		<ags:creatorPersonal><![CDATA[Chris J Stubben]]></ags:creatorPersonal>
		<ags:creatorPersonal><![CDATA[Melanie L Duffield]]></ags:creatorPersonal>
		<ags:creatorPersonal><![CDATA[Ian A Cooper]]></ags:creatorPersonal>
		<ags:creatorPersonal><![CDATA[Donna C Ford]]></ags:creatorPersonal>
		<ags:creatorPersonal><![CDATA[Jason D Gans]]></ags:creatorPersonal>
		<ags:creatorPersonal><![CDATA[Andrey Karlyshev]]></ags:creatorPersonal>
		<ags:creatorPersonal><![CDATA[Brian Lingard]]></ags:creatorPersonal>
		<ags:creatorPersonal><![CDATA[Petra C F Oyston]]></ags:creatorPersonal>
		<ags:creatorPersonal><![CDATA[Anna de Rochefort]]></ags:creatorPersonal>
		<ags:creatorPersonal><![CDATA[Jian Song]]></ags:creatorPersonal>
		<ags:creatorPersonal><![CDATA[Brendan W Wren]]></ags:creatorPersonal>
		<ags:creatorPersonal><![CDATA[Rick W Titball]]></ags:creatorPersonal>
		<ags:creatorPersonal><![CDATA[Murray Wolinsky]]></ags:creatorPersonal>
	</dc:creator>
	<dc:identifier scheme="dcterms:URI"><![CDATA[oai:core.kmi.open.ac.uk:91534]]></dc:identifier>
	<dc:identifier scheme="dcterms:URI"><![CDATA[http://core.kmi.open.ac.uk/download/pdf/91534.pdf]]></dc:identifier>
	<dc:format><dcterms:medium><![CDATA[text]]></dcterms:medium></dc:format>
</ags:resource>
<ags:resource ags:ARN="GB2015404319">
	<dc:title><![CDATA[A personal study of agriculture & natural resources in Peru]]></dc:title>
	<dc:creator>
		<ags:creatorPersonal><![CDATA[I. Yaro]]></ags:creatorPersonal>
	</dc:creator>
	<dc:identifier scheme="dcterms:URI"><![CDATA[oai:core.kmi.open.ac.uk:9125197]]></dc:identifier>
	<dc:identifier scheme="dcterms:URI"><![CDATA[http://core.kmi.open.ac.uk/download/pdf/9125197.pdf]]></dc:identifier>
	<dc:format><dcterms:medium><![CDATA[text]]></dcterms:medium></dc:format>
</ags:resource>
<ags:resource ags:ARN="GB2015404320">
	<dc:title><![CDATA[Airborne Research and Survey Facility Data - CEDA Summer Work Placement]]></dc:title>
	<dc:creator>
		<ags:creatorPersonal><![CDATA[Nicola Siddall]]></ags:creatorPersonal>
	</dc:creator>
	<dc:identifier scheme="dcterms:URI"><![CDATA[oai:core.kmi.open.ac.uk:9346959]]></dc:identifier>
	<dc:identifier scheme="dcterms:URI"><![CDATA[http://core.kmi.open.ac.uk/download/pdf/9346959.pdf]]></dc:identifier>
	<dc:format><dcterms:medium><![CDATA[text]]></dcterms:medium></dc:format>
</ags:resource>
<ags:resource ags:ARN="GB2015404321">
	<dc:title><![CDATA[The economics of corn cob cellulosic ethanol for northwest Iowa]]></dc:title>
	<dc:creator>
		<ags:creatorPersonal><![CDATA[Miklós Herdon]]></ags:creatorPersonal>
		<ags:creatorPersonal><![CDATA[Tünde Rózsa]]></ags:creatorPersonal>
	</dc:creator>
	<dc:identifier scheme="dcterms:URI"><![CDATA[http://core.kmi.open.ac.uk/download/pdf/9402204.pdf]]></dc:identifier>
	<dc:identifier scheme="dcterms:URI"><![CDATA[oai:core.kmi.open.ac.uk:9402204]]></dc:identifier>
	<dc:format><dcterms:medium><![CDATA[text]]></dcterms:medium></dc:format>
</ags:resource>
<ags:resource ags:ARN="GB2015404322">
	<dc:title><![CDATA[Toward a sustainable heartland: contrasting future agricultural scenarios in Kansas]]></dc:title>
	<dc:creator>
		<ags:creatorPersonal><![CDATA[Josefine Elving]]></ags:creatorPersonal>
	</dc:creator>
	<dc:identifier scheme="dcterms:URI"><![CDATA[oai:core.kmi.open.ac.uk:9402211]]></dc:identifier>
	<dc:identifier scheme="dcterms:URI"><![CDATA[http://core.kmi.open.ac.uk/download/pdf/9402211.pdf]]></dc:identifier>
	<dc:format><dcterms:medium><![CDATA[text]]></dcterms:medium></dc:format>
</ags:resource>
<ags:resource ags:ARN="GB2015404323">
	<dc:title><![CDATA[Improving production agriculture efficiencies and profitability through the development of new planting technologies]]></dc:title>
	<dc:creator>
		<ags:creatorPersonal><![CDATA[Olaf Schmidt]]></ags:creatorPersonal>
		<ags:creatorPersonal><![CDATA[Aidan Keith]]></ags:creatorPersonal>
	</dc:creator>
	<dc:identifier scheme="dcterms:URI"><![CDATA[http://core.kmi.open.ac.uk/download/pdf/9402205.pdf]]></dc:identifier>
	<dc:identifier scheme="dcterms:URI"><![CDATA[oai:core.kmi.open.ac.uk:9402205]]></dc:identifier>
	<dc:format><dcterms:medium><![CDATA[text]]></dcterms:medium></dc:format>
</ags:resource>
<ags:resource ags:ARN="GB2015404324">
	<dc:title><![CDATA[New grain discharge terminal at Santos Port, Brazil]]></dc:title>
	<dc:creator>
		<ags:creatorPersonal><![CDATA[Gobind Herani]]></ags:creatorPersonal>
		<ags:creatorPersonal><![CDATA[Allah Wasayo Rajar]]></ags:creatorPersonal>
		<ags:creatorPersonal><![CDATA[Muhammad Ali Khaskheli]]></ags:creatorPersonal>
	</dc:creator>
	<dc:identifier scheme="dcterms:URI"><![CDATA[http://core.kmi.open.ac.uk/download/pdf/9402896.pdf]]></dc:identifier>
	<dc:identifier scheme="dcterms:URI"><![CDATA[oai:core.kmi.open.ac.uk:9402896]]></dc:identifier>
	<dc:format><dcterms:medium><![CDATA[text]]></dcterms:medium></dc:format>
</ags:resource>
<ags:resource ags:ARN="GB2015404325">
	<dc:title><![CDATA[The non-tidal, navigable Thames: a bank erosion management strategy]]></dc:title>
	<dc:creator>
		<ags:creatorPersonal><![CDATA[J. Wilson]]></ags:creatorPersonal>
		<ags:creatorPersonal><![CDATA[K. Ingleby]]></ags:creatorPersonal>
		<ags:creatorPersonal><![CDATA[R.C. Munro]]></ags:creatorPersonal>
		<ags:creatorPersonal><![CDATA[D. Sidibe]]></ags:creatorPersonal>
		<ags:creatorPersonal><![CDATA[K. Traore]]></ags:creatorPersonal>
		<ags:creatorPersonal><![CDATA[B. Kone]]></ags:creatorPersonal>
		<ags:creatorPersonal><![CDATA[I.I. Yattara]]></ags:creatorPersonal>
		<ags:creatorPersonal><![CDATA[Y. Cisse]]></ags:creatorPersonal>
		<ags:creatorPersonal><![CDATA[F. Kante]]></ags:creatorPersonal>
		<ags:creatorPersonal><![CDATA[B. Samake]]></ags:creatorPersonal>
		<ags:creatorPersonal><![CDATA[H. Bathily]]></ags:creatorPersonal>
		<ags:creatorPersonal><![CDATA[M. Di]]></ags:creatorPersonal>
		<ags:creatorPersonal><![CDATA[a]]></ags:creatorPersonal>
		<ags:creatorPersonal><![CDATA[J. Bayala]]></ags:creatorPersonal>
		<ags:creatorPersonal><![CDATA[K. Sanon]]></ags:creatorPersonal>
		<ags:creatorPersonal><![CDATA[S. Atta]]></ags:creatorPersonal>
		<ags:creatorPersonal><![CDATA[Z.M. Zoubeirou]]></ags:creatorPersonal>
		<ags:creatorPersonal><![CDATA[G. Ibro]]></ags:creatorPersonal>
		<ags:creatorPersonal><![CDATA[M. Laouali]]></ags:creatorPersonal>
		<ags:creatorPersonal><![CDATA[M.D. Ibrahim]]></ags:creatorPersonal>
		<ags:creatorPersonal><![CDATA[S. Mahamane]]></ags:creatorPersonal>
		<ags:creatorPersonal><![CDATA[T. Krasova-Wade]]></ags:creatorPersonal>
		<ags:creatorPersonal><![CDATA[M. Neyra]]></ags:creatorPersonal>
	</dc:creator>
	<dc:identifier scheme="dcterms:URI"><![CDATA[http://core.kmi.open.ac.uk/download/pdf/9404318.pdf]]></dc:identifier>
	<dc:identifier scheme="dcterms:URI"><![CDATA[oai:core.kmi.open.ac.uk:9404318]]></dc:identifier>
	<dc:format><dcterms:medium><![CDATA[text]]></dcterms:medium></dc:format>
</ags:resource>
<ags:resource ags:ARN="GB2015404326">
	<dc:title><![CDATA[The ‘labour question’ in nineteenth century Brazil: railways, export agriculture and labour scarcity]]></dc:title>
	<dc:creator>
		<ags:creatorPersonal><![CDATA[Lucia Lamounier]]></ags:creatorPersonal>
	</dc:creator>
	<dc:identifier scheme="dcterms:URI"><![CDATA[http://core.kmi.open.ac.uk/download/pdf/94903.pdf]]></dc:identifier>
	<dc:identifier scheme="dcterms:URI"><![CDATA[oai:core.kmi.open.ac.uk:94903]]></dc:identifier>
	<dc:format><dcterms:medium><![CDATA[text]]></dcterms:medium></dc:format>
</ags:resource>
<ags:resource ags:ARN="GB2015404327">
	<dc:title><![CDATA[Acting on an Environmental Health Disaster: The Case of the Aral Sea.]]></dc:title>
	<dc:creator>
		<ags:creatorPersonal><![CDATA[Jarrod Kath]]></ags:creatorPersonal>
		<ags:creatorPersonal><![CDATA[Andrew F. Le Brocque]]></ags:creatorPersonal>
		<ags:creatorPersonal><![CDATA[Craig Miller]]></ags:creatorPersonal>
	</dc:creator>
	<dc:identifier scheme="dcterms:URI"><![CDATA[oai:core.kmi.open.ac.uk:9416484]]></dc:identifier>
	<dc:identifier scheme="dcterms:URI"><![CDATA[http://core.kmi.open.ac.uk/download/pdf/9416484.pdf]]></dc:identifier>
	<dc:format><dcterms:medium><![CDATA[text]]></dcterms:medium></dc:format>
</ags:resource>
<ags:resource ags:ARN="GB2015404328">
	<dc:title><![CDATA[Tenancy and agricultural techniques: evidence from the 1882 commission]]></dc:title>
	<dc:creator>
		<ags:creatorPersonal><![CDATA[David Coombs]]></ags:creatorPersonal>
	</dc:creator>
	<dc:identifier scheme="dcterms:URI"><![CDATA[http://core.kmi.open.ac.uk/download/pdf/94942.pdf]]></dc:identifier>
	<dc:identifier scheme="dcterms:URI"><![CDATA[oai:core.kmi.open.ac.uk:94942]]></dc:identifier>
	<dc:format><dcterms:medium><![CDATA[text]]></dcterms:medium></dc:format>
</ags:resource>
<ags:resource ags:ARN="GB2015404329">
	<dc:title><![CDATA[Essex men vindicated: output, incomes and investment in agriculture, 1850-73]]></dc:title>
	<dc:creator>
		<ags:creatorPersonal><![CDATA[E. H. Hunt]]></ags:creatorPersonal>
		<ags:creatorPersonal><![CDATA[S. J. Pam]]></ags:creatorPersonal>
	</dc:creator>
	<dc:date><dcterms:dateIssued><![CDATA[1850-73]]></dcterms:dateIssued></dc:date>
	<dc:identifier scheme="dcterms:URI"><![CDATA[oai:core.kmi.open.ac.uk:94947]]></dc:identifier>
	<dc:identifier scheme="dcterms:URI"><![CDATA[http://core.kmi.open.ac.uk/download/pdf/94947.pdf]]></dc:identifier>
	<dc:format><dcterms:medium><![CDATA[text]]></dcterms:medium></dc:format>
</ags:resource>
<ags:resource ags:ARN="GB2015404330">
	<dc:title><![CDATA[Learning by doing among Victorian farmworkers: a case study in the biological and cognitive foundations of skill acquisition]]></dc:title>
	<dc:creator>
		<ags:creatorPersonal><![CDATA[Karl Ritz]]></ags:creatorPersonal>
		<ags:creatorPersonal><![CDATA[Helaina I. J. Black]]></ags:creatorPersonal>
		<ags:creatorPersonal><![CDATA[Colin D. Campbell]]></ags:creatorPersonal>
		<ags:creatorPersonal><![CDATA[Jim A. Harris]]></ags:creatorPersonal>
		<ags:creatorPersonal><![CDATA[Claire Wood]]></ags:creatorPersonal>
	</dc:creator>
	<dc:identifier scheme="dcterms:URI"><![CDATA[oai:core.kmi.open.ac.uk:94946]]></dc:identifier>
	<dc:identifier scheme="dcterms:URI"><![CDATA[http://core.kmi.open.ac.uk/download/pdf/94946.pdf]]></dc:identifier>
	<dc:format><dcterms:medium><![CDATA[text]]></dcterms:medium></dc:format>
</ags:resource>
<ags:resource ags:ARN="GB2015404331">
	<dc:title><![CDATA[L'agriculture dans le paysage de la MRC du Rocher-Percé : analyse et perspectives]]></dc:title>
	<dc:creator>
		<ags:creatorPersonal><![CDATA[Johanna Baumgartner]]></ags:creatorPersonal>
	</dc:creator>
	<dc:identifier scheme="dcterms:URI"><![CDATA[http://core.kmi.open.ac.uk/download/pdf/9538062.pdf]]></dc:identifier>
	<dc:identifier scheme="dcterms:URI"><![CDATA[oai:core.kmi.open.ac.uk:9538062]]></dc:identifier>
	<dc:format><dcterms:medium><![CDATA[text]]></dcterms:medium></dc:format>
</ags:resource>
<ags:resource ags:ARN="GB2015404332">
	<dc:title><![CDATA[Effect of age and castration method on neurohormonal, and electroencephalographic stress indicators in Holstein calves]]></dc:title>
	<dc:creator>
		<ags:creatorPersonal><![CDATA[Jenna Corinne Dockweiler]]></ags:creatorPersonal>
	</dc:creator>
	<dc:identifier scheme="dcterms:URI"><![CDATA[http://core.kmi.open.ac.uk/download/pdf/9402170.pdf]]></dc:identifier>
	<dc:identifier scheme="dcterms:URI"><![CDATA[oai:core.kmi.open.ac.uk:9402170]]></dc:identifier>
	<dc:format><dcterms:medium><![CDATA[text]]></dcterms:medium></dc:format>
</ags:resource>
<ags:resource ags:ARN="GB2015404333">
	<dc:title><![CDATA[Analysing Linkages between Strategy, Performance, Management Structure and Culture in the Spanish Fresh Produce Industry]]></dc:title>
	<dc:creator>
		<ags:creatorPersonal><![CDATA[Marian Garcia Martinez]]></ags:creatorPersonal>
		<ags:creatorPersonal><![CDATA[Nigel Poole]]></ags:creatorPersonal>
	</dc:creator>
	<dc:identifier scheme="dcterms:URI"><![CDATA[http://core.kmi.open.ac.uk/download/pdf/91840.pdf]]></dc:identifier>
	<dc:identifier scheme="dcterms:URI"><![CDATA[oai:core.kmi.open.ac.uk:91840]]></dc:identifier>
	<dc:format><dcterms:medium><![CDATA[text]]></dcterms:medium></dc:format>
</ags:resource>
<ags:resource ags:ARN="GB2015404334">
	<dc:title><![CDATA[The feasibility of crop insurance agency acquisitions]]></dc:title>
	<dc:creator>
		<ags:creatorPersonal><![CDATA[Bill Davis]]></ags:creatorPersonal>
	</dc:creator>
	<dc:identifier scheme="dcterms:URI"><![CDATA[oai:core.kmi.open.ac.uk:9402203]]></dc:identifier>
	<dc:identifier scheme="dcterms:URI"><![CDATA[http://core.kmi.open.ac.uk/download/pdf/9402203.pdf]]></dc:identifier>
	<dc:format><dcterms:medium><![CDATA[text]]></dcterms:medium></dc:format>
</ags:resource>
<ags:resource ags:ARN="GB2015404335">
	<dc:title><![CDATA[Experimental farming and Ricardo's political arithmetic of distribution]]></dc:title>
	<dc:creator>
		<ags:creatorPersonal><![CDATA[Christopher D. Reinhardt]]></ags:creatorPersonal>
		<ags:creatorPersonal><![CDATA[Daniel U. Thomson]]></ags:creatorPersonal>
		<ags:creatorPersonal><![CDATA[Deanna D. Retzlaff]]></ags:creatorPersonal>
		<ags:creatorPersonal><![CDATA[B. Butler]]></ags:creatorPersonal>
		<ags:creatorPersonal><![CDATA[J. A. Valles]]></ags:creatorPersonal>
	</dc:creator>
	<dc:identifier scheme="dcterms:URI"><![CDATA[http://core.kmi.open.ac.uk/download/pdf/95017.pdf]]></dc:identifier>
	<dc:identifier scheme="dcterms:URI"><![CDATA[oai:core.kmi.open.ac.uk:95017]]></dc:identifier>
	<dc:format><dcterms:medium><![CDATA[text]]></dcterms:medium></dc:format>
</ags:resource>
<ags:resource ags:ARN="GB2015404336">
	<dc:title><![CDATA[Agri-technologies and travelling facts: case study of extension education in Tamil Nadu, India]]></dc:title>
	<dc:creator>
		<ags:creatorPersonal><![CDATA[Guillaume Paul-Limoges]]></ags:creatorPersonal>
	</dc:creator>
	<dc:identifier scheme="dcterms:URI"><![CDATA[oai:core.kmi.open.ac.uk:94984]]></dc:identifier>
	<dc:identifier scheme="dcterms:URI"><![CDATA[http://core.kmi.open.ac.uk/download/pdf/94984.pdf]]></dc:identifier>
	<dc:format><dcterms:medium><![CDATA[text]]></dcterms:medium></dc:format>
</ags:resource>
<ags:resource ags:ARN="GB2015404337">
	<dc:title><![CDATA[Déforestation et agriculture sur brûlis en Amazonie brésilienne : les impacts de la première année de culture sur les sols de fermes familiales de la région du Tapajós]]></dc:title>
	<dc:creator>
		<ags:creatorPersonal><![CDATA[György Pataki]]></ags:creatorPersonal>
		<ags:creatorPersonal><![CDATA[Bálint Balázs]]></ags:creatorPersonal>
		<ags:creatorPersonal><![CDATA[Réka Matolay]]></ags:creatorPersonal>
		<ags:creatorPersonal><![CDATA[Richárd Szántó]]></ags:creatorPersonal>
	</dc:creator>
	<dc:identifier scheme="dcterms:URI"><![CDATA[oai:core.kmi.open.ac.uk:9538187]]></dc:identifier>
	<dc:identifier scheme="dcterms:URI"><![CDATA[http://core.kmi.open.ac.uk/download/pdf/9538187.pdf]]></dc:identifier>
	<dc:format><dcterms:medium><![CDATA[text]]></dcterms:medium></dc:format>
</ags:resource>
<ags:resource ags:ARN="GB2015404338">
	<dc:title><![CDATA[Le potentiel éducatif de projets d'action sociale en agriculture : le cas de la coopérative de solidarité La Mauve]]></dc:title>
	<dc:creator>
		<ags:creatorPersonal><![CDATA[Caroline Mailloux]]></ags:creatorPersonal>
	</dc:creator>
	<dc:identifier scheme="dcterms:URI"><![CDATA[oai:core.kmi.open.ac.uk:9538430]]></dc:identifier>
	<dc:identifier scheme="dcterms:URI"><![CDATA[http://core.kmi.open.ac.uk/download/pdf/9538430.pdf]]></dc:identifier>
	<dc:format><dcterms:medium><![CDATA[text]]></dcterms:medium></dc:format>
</ags:resource>
<ags:resource ags:ARN="GB2015404339">
	<dc:title><![CDATA[Les transformations sociales et économiques dans l'agriculture au Québec depuis 1980]]></dc:title>
	<dc:creator>
		<ags:creatorPersonal><![CDATA[Robert M. Yawson]]></ags:creatorPersonal>
		<ags:creatorPersonal><![CDATA[Wilhemina Quaye]]></ags:creatorPersonal>
		<ags:creatorPersonal><![CDATA[Irene E. Williams]]></ags:creatorPersonal>
		<ags:creatorPersonal><![CDATA[Ivy Yawson]]></ags:creatorPersonal>
	</dc:creator>
	<dc:identifier scheme="dcterms:URI"><![CDATA[oai:core.kmi.open.ac.uk:9538371]]></dc:identifier>
	<dc:identifier scheme="dcterms:URI"><![CDATA[http://core.kmi.open.ac.uk/download/pdf/9538371.pdf]]></dc:identifier>
	<dc:format><dcterms:medium><![CDATA[text]]></dcterms:medium></dc:format>
</ags:resource>
<ags:resource ags:ARN="GB2015404340">
	<dc:title><![CDATA[La transgénèse animale est-elle compatible avec une agriculture durable? : le cas du porc transgénique hypophosphorique]]></dc:title>
	<dc:creator>
		<ags:creatorPersonal><![CDATA[Simon Beaudoin]]></ags:creatorPersonal>
	</dc:creator>
	<dc:identifier scheme="dcterms:URI"><![CDATA[oai:core.kmi.open.ac.uk:9538523]]></dc:identifier>
	<dc:identifier scheme="dcterms:URI"><![CDATA[http://core.kmi.open.ac.uk/download/pdf/9538523.pdf]]></dc:identifier>
	<dc:format><dcterms:medium><![CDATA[text]]></dcterms:medium></dc:format>
</ags:resource>
<ags:resource ags:ARN="GB2015404341">
	<dc:title><![CDATA[La contestation du régime agricole québécois par le syndicalisme « citoyen » de l'union paysanne]]></dc:title>
	<dc:creator>
		<ags:creatorPersonal><![CDATA[Mary Ellen Hodgins]]></ags:creatorPersonal>
	</dc:creator>
	<dc:identifier scheme="dcterms:URI"><![CDATA[http://core.kmi.open.ac.uk/download/pdf/9539021.pdf]]></dc:identifier>
	<dc:identifier scheme="dcterms:URI"><![CDATA[oai:core.kmi.open.ac.uk:9539021]]></dc:identifier>
	<dc:format><dcterms:medium><![CDATA[text]]></dcterms:medium></dc:format>
</ags:resource>
<ags:resource ags:ARN="GB2015404342">
	<dc:title><![CDATA[Le climat agricole au Sahel tunisien et les changements climatiques]]></dc:title>
	<dc:creator>
		<ags:creatorPersonal><![CDATA[Marco Silvestro]]></ags:creatorPersonal>
	</dc:creator>
	<dc:identifier scheme="dcterms:URI"><![CDATA[oai:core.kmi.open.ac.uk:9539115]]></dc:identifier>
	<dc:identifier scheme="dcterms:URI"><![CDATA[http://core.kmi.open.ac.uk/download/pdf/9539115.pdf]]></dc:identifier>
	<dc:format><dcterms:medium><![CDATA[text]]></dcterms:medium></dc:format>
</ags:resource>
<ags:resource ags:ARN="GB2015404343">
	<dc:title><![CDATA[Impacts des usages du sol sur les propriétés physico-chimiques et le mercure du sol en Amazonie brésilienne : étude comparée du brûlis et de la trituration des jachères forestières]]></dc:title>
	<dc:creator>
		<ags:creatorPersonal><![CDATA[Irina Comte]]></ags:creatorPersonal>
	</dc:creator>
	<dc:identifier scheme="dcterms:URI"><![CDATA[oai:core.kmi.open.ac.uk:9538552]]></dc:identifier>
	<dc:identifier scheme="dcterms:URI"><![CDATA[http://core.kmi.open.ac.uk/download/pdf/9538552.pdf]]></dc:identifier>
	<dc:format><dcterms:medium><![CDATA[text]]></dcterms:medium></dc:format>
</ags:resource>
<ags:resource ags:ARN="GB2015404344">
	<dc:title><![CDATA[Les inégalités Nord/Sud dans la régulation commerciale : analyse critique des certifications de l'agriculture alternative]]></dc:title>
	<dc:creator>
		<ags:creatorPersonal><![CDATA[René Audet]]></ags:creatorPersonal>
	</dc:creator>
	<dc:identifier scheme="dcterms:URI"><![CDATA[http://core.kmi.open.ac.uk/download/pdf/9539806.pdf]]></dc:identifier>
	<dc:identifier scheme="dcterms:URI"><![CDATA[oai:core.kmi.open.ac.uk:9539806]]></dc:identifier>
	<dc:format><dcterms:medium><![CDATA[text]]></dcterms:medium></dc:format>
</ags:resource>
<ags:resource ags:ARN="GB2015404345">
	<dc:title><![CDATA[Coûts et bénéfices, privés et sociaux, des bandes riveraines boisées en milieu agricole]]></dc:title>
	<dc:creator>
		<ags:creatorPersonal><![CDATA[Yujie Li]]></ags:creatorPersonal>
		<ags:creatorPersonal><![CDATA[Wei Qin]]></ags:creatorPersonal>
		<ags:creatorPersonal><![CDATA[Yuming Wu]]></ags:creatorPersonal>
	</dc:creator>
	<dc:identifier scheme="dcterms:URI"><![CDATA[oai:core.kmi.open.ac.uk:9538840]]></dc:identifier>
	<dc:identifier scheme="dcterms:URI"><![CDATA[http://core.kmi.open.ac.uk/download/pdf/9538840.pdf]]></dc:identifier>
	<dc:format><dcterms:medium><![CDATA[text]]></dcterms:medium></dc:format>
</ags:resource>
<ags:resource ags:ARN="GB2015404346">
	<dc:title><![CDATA[Les enjeux du financement agricole en Afrique de l'Ouest]]></dc:title>
	<dc:creator>
		<ags:creatorPersonal><![CDATA[Stéphane Bessay]]></ags:creatorPersonal>
	</dc:creator>
	<dc:identifier scheme="dcterms:URI"><![CDATA[http://core.kmi.open.ac.uk/download/pdf/9539198.pdf]]></dc:identifier>
	<dc:identifier scheme="dcterms:URI"><![CDATA[oai:core.kmi.open.ac.uk:9539198]]></dc:identifier>
	<dc:format><dcterms:medium><![CDATA[text]]></dcterms:medium></dc:format>
</ags:resource>
<ags:resource ags:ARN="GB2015404347">
	<dc:title><![CDATA[Les accords internationaux sur la propriété intellectuelle : stratégies de contrôle du marché mondial de l'agriculture et des ressources biologiques de la planète par les pays et les firmes transnationales du centre impérialiste capitaliste]]></dc:title>
	<dc:creator>
		<ags:creatorPersonal><![CDATA[Benoit Guilmain]]></ags:creatorPersonal>
	</dc:creator>
	<dc:identifier scheme="dcterms:URI"><![CDATA[http://core.kmi.open.ac.uk/download/pdf/9539958.pdf]]></dc:identifier>
	<dc:identifier scheme="dcterms:URI"><![CDATA[oai:core.kmi.open.ac.uk:9539958]]></dc:identifier>
	<dc:format><dcterms:medium><![CDATA[text]]></dcterms:medium></dc:format>
</ags:resource>
<ags:resource ags:ARN="GB2015404348">
	<dc:title><![CDATA[Agriculture urbaine pour un développement durable par les jardins communautaires à Montréal : multifonctionnalité, système organisationnel et dynamique des acteurs]]></dc:title>
	<dc:creator>
		<ags:creatorPersonal><![CDATA[Stephen Cavers]]></ags:creatorPersonal>
		<ags:creatorPersonal><![CDATA[Katherine Walker]]></ags:creatorPersonal>
		<ags:creatorPersonal><![CDATA[Samantha Davies]]></ags:creatorPersonal>
		<ags:creatorPersonal><![CDATA[Robert Munro]]></ags:creatorPersonal>
		<ags:creatorPersonal><![CDATA[Patrick Home-Robertson]]></ags:creatorPersonal>
		<ags:creatorPersonal><![CDATA[Andrew Lowe]]></ags:creatorPersonal>
		<ags:creatorPersonal><![CDATA[Carlos Navarro]]></ags:creatorPersonal>
		<ags:creatorPersonal><![CDATA[Bryan Finegan]]></ags:creatorPersonal>
		<ags:creatorPersonal><![CDATA[Gustavo Hern]]></ags:creatorPersonal>
		<ags:creatorPersonal><![CDATA[ez]]></ags:creatorPersonal>
		<ags:creatorPersonal><![CDATA[Carolina Cascante]]></ags:creatorPersonal>
		<ags:creatorPersonal><![CDATA[Henri Caron]]></ags:creatorPersonal>
		<ags:creatorPersonal><![CDATA[Bernd Degen]]></ags:creatorPersonal>
		<ags:creatorPersonal><![CDATA[Antoine Kremer]]></ags:creatorPersonal>
		<ags:creatorPersonal><![CDATA[Maristerra Lemes]]></ags:creatorPersonal>
		<ags:creatorPersonal><![CDATA[Rogerio Gribel]]></ags:creatorPersonal>
		<ags:creatorPersonal><![CDATA[Rogerio Margis]]></ags:creatorPersonal>
		<ags:creatorPersonal><![CDATA[Marcia Margis]]></ags:creatorPersonal>
		<ags:creatorPersonal><![CDATA[Fabiano Salguerio]]></ags:creatorPersonal>
		<ags:creatorPersonal><![CDATA[Godelieve Gheysen]]></ags:creatorPersonal>
		<ags:creatorPersonal><![CDATA[Nathalie Colpaert]]></ags:creatorPersonal>
	</dc:creator>
	<dc:identifier scheme="dcterms:URI"><![CDATA[oai:core.kmi.open.ac.uk:9540211]]></dc:identifier>
	<dc:identifier scheme="dcterms:URI"><![CDATA[http://core.kmi.open.ac.uk/download/pdf/9540211.pdf]]></dc:identifier>
	<dc:format><dcterms:medium><![CDATA[text]]></dcterms:medium></dc:format>
</ags:resource>
<ags:resource ags:ARN="GB2015404349">
	<dc:title><![CDATA[Caractère durable de pratiques agricoles alternatives à la culture sur coupe et brûlis dans la région du Rio Tapajos, en Amazonie brésilienne : une analyse socioéconomique]]></dc:title>
	<dc:creator>
		<ags:creatorPersonal><![CDATA[P. J. A. Howard]]></ags:creatorPersonal>
	</dc:creator>
	<dc:identifier scheme="dcterms:URI"><![CDATA[oai:core.kmi.open.ac.uk:9540188]]></dc:identifier>
	<dc:identifier scheme="dcterms:URI"><![CDATA[http://core.kmi.open.ac.uk/download/pdf/9540188.pdf]]></dc:identifier>
	<dc:format><dcterms:medium><![CDATA[text]]></dcterms:medium></dc:format>
</ags:resource>
<ags:resource ags:ARN="GB2015404350">
	<dc:title><![CDATA[Les certifications comme outils d'amélioration des conditions de vie des collectivités du Sud : étude de cas d'une filière textile biologique et équitable en Inde]]></dc:title>
	<dc:creator>
		<ags:creatorPersonal><![CDATA[Gusztáv Nemes]]></ags:creatorPersonal>
		<ags:creatorPersonal><![CDATA[Christopher High]]></ags:creatorPersonal>
	</dc:creator>
	<dc:identifier scheme="dcterms:URI"><![CDATA[http://core.kmi.open.ac.uk/download/pdf/9539983.pdf]]></dc:identifier>
	<dc:identifier scheme="dcterms:URI"><![CDATA[oai:core.kmi.open.ac.uk:9539983]]></dc:identifier>
	<dc:format><dcterms:medium><![CDATA[text]]></dcterms:medium></dc:format>
</ags:resource>
<ags:resource ags:ARN="GB2015404351">
	<dc:title><![CDATA[The relationship between socialization, persistence to complete campus or online program type and online program factors of college of agriculture master’s students]]></dc:title>
	<dc:creator>
		<ags:creatorPersonal><![CDATA[Widiyanto Widiyanto]]></ags:creatorPersonal>
		<ags:creatorPersonal><![CDATA[M Soejono]]></ags:creatorPersonal>
		<ags:creatorPersonal><![CDATA[Z Bachrudin]]></ags:creatorPersonal>
		<ags:creatorPersonal><![CDATA[H Hartadi]]></ags:creatorPersonal>
		<ags:creatorPersonal><![CDATA[Surahmanto Surahmanto]]></ags:creatorPersonal>
	</dc:creator>
	<dc:identifier scheme="dcterms:URI"><![CDATA[http://core.kmi.open.ac.uk/download/pdf/9540242.pdf]]></dc:identifier>
	<dc:identifier scheme="dcterms:URI"><![CDATA[oai:core.kmi.open.ac.uk:9540242]]></dc:identifier>
	<dc:format><dcterms:medium><![CDATA[text]]></dcterms:medium></dc:format>
</ags:resource>
<ags:resource ags:ARN="GB2015404352">
	<dc:title><![CDATA[Le rôle de l'État et la multifonctionnalité de l'agriculture québécoise : la perspective des acteurs sociaux]]></dc:title>
	<dc:creator>
		<ags:creatorPersonal><![CDATA[Vladimir Yefimov]]></ags:creatorPersonal>
	</dc:creator>
	<dc:identifier scheme="dcterms:URI"><![CDATA[http://core.kmi.open.ac.uk/download/pdf/9541073.pdf]]></dc:identifier>
	<dc:identifier scheme="dcterms:URI"><![CDATA[oai:core.kmi.open.ac.uk:9541073]]></dc:identifier>
	<dc:format><dcterms:medium><![CDATA[text]]></dcterms:medium></dc:format>
</ags:resource>
<ags:resource ags:ARN="GB2015404353">
	<dc:title><![CDATA[Les jardins collectifs en milieu urbain : espaces d'éducation relative à l'éco-alimentation]]></dc:title>
	<dc:creator>
		<ags:creatorPersonal><![CDATA[Anne-Marie Legault]]></ags:creatorPersonal>
	</dc:creator>
	<dc:identifier scheme="dcterms:URI"><![CDATA[oai:core.kmi.open.ac.uk:9540916]]></dc:identifier>
	<dc:identifier scheme="dcterms:URI"><![CDATA[http://core.kmi.open.ac.uk/download/pdf/9540916.pdf]]></dc:identifier>
	<dc:format><dcterms:medium><![CDATA[text]]></dcterms:medium></dc:format>
</ags:resource>
<ags:resource ags:ARN="GB2015404354">
	<dc:title><![CDATA[La configuration des pouvoirs en milieu agricole et la démocratie]]></dc:title>
	<dc:creator>
		<ags:creatorPersonal><![CDATA[Paul-Émile Migneault]]></ags:creatorPersonal>
	</dc:creator>
	<dc:identifier scheme="dcterms:URI"><![CDATA[http://core.kmi.open.ac.uk/download/pdf/9540782.pdf]]></dc:identifier>
	<dc:identifier scheme="dcterms:URI"><![CDATA[oai:core.kmi.open.ac.uk:9540782]]></dc:identifier>
	<dc:format><dcterms:medium><![CDATA[text]]></dcterms:medium></dc:format>
</ags:resource>
<ags:resource ags:ARN="GB2015404355">
	<dc:title><![CDATA[Agriculture and authority - responses to the food production campaign 1917 - 1918]]></dc:title>
	<dc:creator>
		<ags:creatorPersonal><![CDATA[Kammi L. Rencher]]></ags:creatorPersonal>
	</dc:creator>
	<dc:identifier scheme="dcterms:URI"><![CDATA[oai:core.kmi.open.ac.uk:9552789]]></dc:identifier>
	<dc:identifier scheme="dcterms:URI"><![CDATA[http://core.kmi.open.ac.uk/download/pdf/9552789.pdf]]></dc:identifier>
	<dc:format><dcterms:medium><![CDATA[text]]></dcterms:medium></dc:format>
</ags:resource>
<ags:resource ags:ARN="GB2015404356">
	<dc:title><![CDATA[Review of transboundary air pollution (RoTAP): acidification, eutrophication, ground level ozone and heavy metals in the UK]]></dc:title>
	<dc:creator>
		<ags:creatorPersonal><![CDATA[Gotzone Garay-Barayazarra]]></ags:creatorPersonal>
		<ags:creatorPersonal><![CDATA[Rajindra K. Puri]]></ags:creatorPersonal>
	</dc:creator>
	<dc:identifier scheme="dcterms:URI"><![CDATA[oai:core.kmi.open.ac.uk:9611255]]></dc:identifier>
	<dc:identifier scheme="dcterms:URI"><![CDATA[http://core.kmi.open.ac.uk/download/pdf/9611255.pdf]]></dc:identifier>
	<dc:format><dcterms:medium><![CDATA[text]]></dcterms:medium></dc:format>
</ags:resource>
<ags:resource ags:ARN="GB2015404357">
	<dc:title><![CDATA[Rural factor markets in Pakistan]]></dc:title>
	<dc:creator>
		<ags:creatorPersonal><![CDATA[A. P. Rowl]]></ags:creatorPersonal>
	</dc:creator>
	<dc:identifier scheme="dcterms:URI"><![CDATA[oai:core.kmi.open.ac.uk:9561242]]></dc:identifier>
	<dc:identifier scheme="dcterms:URI"><![CDATA[http://core.kmi.open.ac.uk/download/pdf/9561242.pdf]]></dc:identifier>
	<dc:format><dcterms:medium><![CDATA[text]]></dcterms:medium></dc:format>
</ags:resource>
<ags:resource ags:ARN="GB2015404358">
	<dc:title><![CDATA[India's policy on genetically modified crops]]></dc:title>
	<dc:creator>
		<ags:creatorPersonal><![CDATA[Barbara Darócziné dr. Simon]]></ags:creatorPersonal>
	</dc:creator>
	<dc:identifier scheme="dcterms:URI"><![CDATA[http://core.kmi.open.ac.uk/download/pdf/95549.pdf]]></dc:identifier>
	<dc:identifier scheme="dcterms:URI"><![CDATA[oai:core.kmi.open.ac.uk:95549]]></dc:identifier>
	<dc:format><dcterms:medium><![CDATA[text]]></dcterms:medium></dc:format>
</ags:resource>
<ags:resource ags:ARN="GB2015404359">
	<dc:title><![CDATA[Managing climate risk and market risk in the Irish agriculture]]></dc:title>
	<dc:creator>
		<ags:creatorPersonal><![CDATA[Erik Skärbäck]]></ags:creatorPersonal>
		<ags:creatorPersonal><![CDATA[John Wadbro]]></ags:creatorPersonal>
		<ags:creatorPersonal><![CDATA[Jonas Björk]]></ags:creatorPersonal>
		<ags:creatorPersonal><![CDATA[Kim de Jong]]></ags:creatorPersonal>
		<ags:creatorPersonal><![CDATA[Maria Albin]]></ags:creatorPersonal>
		<ags:creatorPersonal><![CDATA[Jonas Ardö]]></ags:creatorPersonal>
		<ags:creatorPersonal><![CDATA[Patrik Grahn]]></ags:creatorPersonal>
	</dc:creator>
	<dc:identifier scheme="dcterms:URI"><![CDATA[oai:core.kmi.open.ac.uk:95870]]></dc:identifier>
	<dc:identifier scheme="dcterms:URI"><![CDATA[http://core.kmi.open.ac.uk/download/pdf/95870.pdf]]></dc:identifier>
	<dc:format><dcterms:medium><![CDATA[text]]></dcterms:medium></dc:format>
</ags:resource>
<ags:resource ags:ARN="GB2015404360">
	<dc:title><![CDATA[Absences and Silences: The Representation of the Tea Picker in Colonial and Fair Trade Advertising]]></dc:title>
	<dc:creator>
		<ags:creatorPersonal><![CDATA[An]]></ags:creatorPersonal>
		<ags:creatorPersonal><![CDATA[i Ramamurthy]]></ags:creatorPersonal>
	</dc:creator>
	<dc:identifier scheme="dcterms:URI"><![CDATA[http://core.kmi.open.ac.uk/download/pdf/9632817.pdf]]></dc:identifier>
	<dc:identifier scheme="dcterms:URI"><![CDATA[oai:core.kmi.open.ac.uk:9632817]]></dc:identifier>
	<dc:format><dcterms:medium><![CDATA[text]]></dcterms:medium></dc:format>
</ags:resource>
<ags:resource ags:ARN="GB2015404361">
	<dc:title><![CDATA[Potato sprout suppressants with particular reference to tecnazene]]></dc:title>
	<dc:creator>
		<ags:creatorPersonal><![CDATA[B. A. McNeilly]]></ags:creatorPersonal>
		<ags:creatorPersonal><![CDATA[P. J. A. Howard]]></ags:creatorPersonal>
	</dc:creator>
	<dc:identifier scheme="dcterms:URI"><![CDATA[oai:core.kmi.open.ac.uk:9654212]]></dc:identifier>
	<dc:identifier scheme="dcterms:URI"><![CDATA[http://core.kmi.open.ac.uk/download/pdf/9654212.pdf]]></dc:identifier>
	<dc:format><dcterms:medium><![CDATA[text]]></dcterms:medium></dc:format>
</ags:resource>
<ags:resource ags:ARN="GB2015404362">
	<dc:title><![CDATA[The nutritive value of leucaena leucocephala selected for acid-soil and psyllid tolerance / J. Vadiveloo]]></dc:title>
	<dc:creator>
		<ags:creatorPersonal><![CDATA[J. Vadiveloo]]></ags:creatorPersonal>
	</dc:creator>
	<dc:identifier scheme="dcterms:URI"><![CDATA[oai:core.kmi.open.ac.uk:9653907]]></dc:identifier>
	<dc:identifier scheme="dcterms:URI"><![CDATA[http://core.kmi.open.ac.uk/download/pdf/9653907.pdf]]></dc:identifier>
	<dc:format><dcterms:medium><![CDATA[text]]></dcterms:medium></dc:format>
</ags:resource>
<ags:resource ags:ARN="GB2015404363">
	<dc:title><![CDATA[Analysis of phenolics and other phytochemicals in selected Malaysian traditional vegetables and their activities in vitro]]></dc:title>
	<dc:creator>
		<ags:creatorPersonal><![CDATA[Richard Pywell]]></ags:creatorPersonal>
		<ags:creatorPersonal><![CDATA[Lucy Hulmes]]></ags:creatorPersonal>
		<ags:creatorPersonal><![CDATA[William Meek]]></ags:creatorPersonal>
		<ags:creatorPersonal><![CDATA[Marek Nowakowski]]></ags:creatorPersonal>
	</dc:creator>
	<dc:identifier scheme="dcterms:URI"><![CDATA[http://core.kmi.open.ac.uk/download/pdf/9653557.pdf]]></dc:identifier>
	<dc:identifier scheme="dcterms:URI"><![CDATA[oai:core.kmi.open.ac.uk:9653557]]></dc:identifier>
	<dc:format><dcterms:medium><![CDATA[text]]></dcterms:medium></dc:format>
</ags:resource>
<ags:resource ags:ARN="GB2015404364">
	<dc:title><![CDATA[Factors Affecting European Farmers’Participation in Biodiversity Policies]]></dc:title>
	<dc:creator>
		<ags:creatorPersonal><![CDATA[Rosemarie Siebert]]></ags:creatorPersonal>
		<ags:creatorPersonal><![CDATA[Mark Toogood]]></ags:creatorPersonal>
		<ags:creatorPersonal><![CDATA[Andrea Knierim]]></ags:creatorPersonal>
	</dc:creator>
	<dc:identifier scheme="dcterms:URI"><![CDATA[http://core.kmi.open.ac.uk/download/pdf/9632757.pdf]]></dc:identifier>
	<dc:identifier scheme="dcterms:URI"><![CDATA[oai:core.kmi.open.ac.uk:9632757]]></dc:identifier>
	<dc:format><dcterms:medium><![CDATA[text]]></dcterms:medium></dc:format>
</ags:resource>
<ags:resource ags:ARN="GB2015404365">
	<dc:title><![CDATA[Rice research, technological progress, and impacts on the poor: the Bangladesh case (summary report)]]></dc:title>
	<dc:creator>
		<ags:creatorPersonal><![CDATA[Mahabub Hossain]]></ags:creatorPersonal>
		<ags:creatorPersonal><![CDATA[David Lewis]]></ags:creatorPersonal>
		<ags:creatorPersonal><![CDATA[Manik L. Bose]]></ags:creatorPersonal>
		<ags:creatorPersonal><![CDATA[Alamgir Chowdhury]]></ags:creatorPersonal>
	</dc:creator>
	<dc:identifier scheme="dcterms:URI"><![CDATA[oai:core.kmi.open.ac.uk:9609681]]></dc:identifier>
	<dc:identifier scheme="dcterms:URI"><![CDATA[http://core.kmi.open.ac.uk/download/pdf/9609681.pdf]]></dc:identifier>
	<dc:format><dcterms:medium><![CDATA[text]]></dcterms:medium></dc:format>
</ags:resource>
<ags:resource ags:ARN="GB2015404366">
	<dc:title><![CDATA[The development of azadirachtin as a soil-applied, granular insecticide]]></dc:title>
	<dc:creator>
		<ags:creatorPersonal><![CDATA[Gordon Wilson Scarlett Daly]]></ags:creatorPersonal>
	</dc:creator>
	<dc:identifier scheme="dcterms:URI"><![CDATA[oai:core.kmi.open.ac.uk:9654396]]></dc:identifier>
	<dc:identifier scheme="dcterms:URI"><![CDATA[http://core.kmi.open.ac.uk/download/pdf/9654396.pdf]]></dc:identifier>
	<dc:format><dcterms:medium><![CDATA[text]]></dcterms:medium></dc:format>
</ags:resource>
<ags:resource ags:ARN="GB2015404367">
	<dc:title><![CDATA[The oxidation of pyrite and its environmental consequences]]></dc:title>
	<dc:creator>
		<ags:creatorPersonal><![CDATA[Clare Ann Backes]]></ags:creatorPersonal>
	</dc:creator>
	<dc:identifier scheme="dcterms:URI"><![CDATA[http://core.kmi.open.ac.uk/download/pdf/9654726.pdf]]></dc:identifier>
	<dc:identifier scheme="dcterms:URI"><![CDATA[oai:core.kmi.open.ac.uk:9654726]]></dc:identifier>
	<dc:format><dcterms:medium><![CDATA[text]]></dcterms:medium></dc:format>
</ags:resource>
<ags:resource ags:ARN="GB2015404368">
	<dc:title><![CDATA[The distribution and fate of chlorpropham in commercial potato stores]]></dc:title>
	<dc:creator>
		<ags:creatorPersonal><![CDATA[D.J. Price]]></ags:creatorPersonal>
		<ags:creatorPersonal><![CDATA[I.R. Calder]]></ags:creatorPersonal>
		<ags:creatorPersonal><![CDATA[R.C. Johnson]]></ags:creatorPersonal>
	</dc:creator>
	<dc:identifier scheme="dcterms:URI"><![CDATA[oai:core.kmi.open.ac.uk:9655174]]></dc:identifier>
	<dc:identifier scheme="dcterms:URI"><![CDATA[http://core.kmi.open.ac.uk/download/pdf/9655174.pdf]]></dc:identifier>
	<dc:format><dcterms:medium><![CDATA[text]]></dcterms:medium></dc:format>
</ags:resource>
<ags:resource ags:ARN="GB2015404369">
	<dc:title><![CDATA[The hacienda system and the development of Chilean agriculture, 1850-1930]]></dc:title>
	<dc:creator>
		<ags:creatorPersonal><![CDATA[Yudha Nirmalasari]]></ags:creatorPersonal>
	</dc:creator>
	<dc:date><dcterms:dateIssued><![CDATA[1850-1930]]></dcterms:dateIssued></dc:date>
	<dc:identifier scheme="dcterms:URI"><![CDATA[http://core.kmi.open.ac.uk/download/pdf/9654835.pdf]]></dc:identifier>
	<dc:identifier scheme="dcterms:URI"><![CDATA[oai:core.kmi.open.ac.uk:9654835]]></dc:identifier>
	<dc:format><dcterms:medium><![CDATA[text]]></dcterms:medium></dc:format>
</ags:resource>
<ags:resource ags:ARN="GB2015404370">
	<dc:title><![CDATA[Conservation science for common ground: developing the necessary tools to manage livestock grazing pressure in Bale Mountains National Park, Ethiopia]]></dc:title>
	<dc:creator>
		<ags:creatorPersonal><![CDATA[Steven Anthony]]></ags:creatorPersonal>
		<ags:creatorPersonal><![CDATA[Doris Duethmann]]></ags:creatorPersonal>
		<ags:creatorPersonal><![CDATA[Tony Turner]]></ags:creatorPersonal>
		<ags:creatorPersonal><![CDATA[Laurence Carvalho]]></ags:creatorPersonal>
		<ags:creatorPersonal><![CDATA[Bryan Spears]]></ags:creatorPersonal>
	</dc:creator>
	<dc:identifier scheme="dcterms:URI"><![CDATA[http://core.kmi.open.ac.uk/download/pdf/9655111.pdf]]></dc:identifier>
	<dc:identifier scheme="dcterms:URI"><![CDATA[oai:core.kmi.open.ac.uk:9655111]]></dc:identifier>
	<dc:format><dcterms:medium><![CDATA[text]]></dcterms:medium></dc:format>
</ags:resource>
<ags:resource ags:ARN="GB2015404371">
	<dc:title><![CDATA[A new function for the Arabidopsis thaliana SNARE SYP121]]></dc:title>
	<dc:creator>
		<ags:creatorPersonal><![CDATA[C. Neal]]></ags:creatorPersonal>
		<ags:creatorPersonal><![CDATA[C. J. Smith]]></ags:creatorPersonal>
		<ags:creatorPersonal><![CDATA[S. Hills]]></ags:creatorPersonal>
	</dc:creator>
	<dc:identifier scheme="dcterms:URI"><![CDATA[oai:core.kmi.open.ac.uk:9655714]]></dc:identifier>
	<dc:identifier scheme="dcterms:URI"><![CDATA[http://core.kmi.open.ac.uk/download/pdf/9655714.pdf]]></dc:identifier>
	<dc:format><dcterms:medium><![CDATA[text]]></dcterms:medium></dc:format>
</ags:resource>
<ags:resource ags:ARN="GB2015404372">
	<dc:title><![CDATA[Factors affecting the availability of invertebrate food for the chough, Pyrrhocorax pyrrhocorax L]]></dc:title>
	<dc:creator>
		<ags:creatorPersonal><![CDATA[William J. Brendel]]></ags:creatorPersonal>
	</dc:creator>
	<dc:identifier scheme="dcterms:URI"><![CDATA[http://core.kmi.open.ac.uk/download/pdf/9655897.pdf]]></dc:identifier>
	<dc:identifier scheme="dcterms:URI"><![CDATA[oai:core.kmi.open.ac.uk:9655897]]></dc:identifier>
	<dc:format><dcterms:medium><![CDATA[text]]></dcterms:medium></dc:format>
</ags:resource>
<ags:resource ags:ARN="GB2015404373">
	<dc:title><![CDATA[Technological change in agriculture : the development experience of Tamil Nadu]]></dc:title>
	<dc:creator>
		<ags:creatorPersonal><![CDATA[Merlyn D'Sa]]></ags:creatorPersonal>
	</dc:creator>
	<dc:identifier scheme="dcterms:URI"><![CDATA[oai:core.kmi.open.ac.uk:9655231]]></dc:identifier>
	<dc:identifier scheme="dcterms:URI"><![CDATA[http://core.kmi.open.ac.uk/download/pdf/9655231.pdf]]></dc:identifier>
	<dc:format><dcterms:medium><![CDATA[text]]></dcterms:medium></dc:format>
</ags:resource>
<ags:resource ags:ARN="GB2015404374">
	<dc:title><![CDATA[Thiabendazole residues and its effects on the storage quality of potatoes]]></dc:title>
	<dc:creator>
		<ags:creatorPersonal><![CDATA[Jennifer Agnes Jamieson]]></ags:creatorPersonal>
	</dc:creator>
	<dc:identifier scheme="dcterms:URI"><![CDATA[oai:core.kmi.open.ac.uk:9655177]]></dc:identifier>
	<dc:identifier scheme="dcterms:URI"><![CDATA[http://core.kmi.open.ac.uk/download/pdf/9655177.pdf]]></dc:identifier>
	<dc:format><dcterms:medium><![CDATA[text]]></dcterms:medium></dc:format>
</ags:resource>
<ags:resource ags:ARN="GB2015404375">
	<dc:title><![CDATA[Aspects of the biology, epidemiology and control of Rhizoctonia Solani (Kühn) on potato]]></dc:title>
	<dc:creator>
		<ags:creatorPersonal><![CDATA[E.L. Ander]]></ags:creatorPersonal>
		<ags:creatorPersonal><![CDATA[F.M. Fordyce]]></ags:creatorPersonal>
		<ags:creatorPersonal><![CDATA[C.C. Johnson]]></ags:creatorPersonal>
		<ags:creatorPersonal><![CDATA[D.I. Schofield]]></ags:creatorPersonal>
	</dc:creator>
	<dc:identifier scheme="dcterms:URI"><![CDATA[http://core.kmi.open.ac.uk/download/pdf/9656437.pdf]]></dc:identifier>
	<dc:identifier scheme="dcterms:URI"><![CDATA[oai:core.kmi.open.ac.uk:9656437]]></dc:identifier>
	<dc:format><dcterms:medium><![CDATA[text]]></dcterms:medium></dc:format>
</ags:resource>
<ags:resource ags:ARN="GB2015404376">
	<dc:title><![CDATA[Go West for a Wife: Family Farming in West Central Scotland 1850-1930]]></dc:title>
	<dc:creator>
		<ags:creatorPersonal><![CDATA[Dorothy Ellen McGuire]]></ags:creatorPersonal>
	</dc:creator>
	<dc:identifier scheme="dcterms:URI"><![CDATA[http://core.kmi.open.ac.uk/download/pdf/9656245.pdf]]></dc:identifier>
	<dc:identifier scheme="dcterms:URI"><![CDATA[oai:core.kmi.open.ac.uk:9656245]]></dc:identifier>
	<dc:format><dcterms:medium><![CDATA[text]]></dcterms:medium></dc:format>
</ags:resource>
<ags:resource ags:ARN="GB2015404377">
	<dc:title><![CDATA[Modeling the control of Trypanosomiasis using Trypanocides or insecticide-treated livestock]]></dc:title>
	<dc:creator>
		<ags:creatorPersonal><![CDATA[Agung Purnomoadi]]></ags:creatorPersonal>
		<ags:creatorPersonal><![CDATA[Keshab Kumar Batajoo]]></ags:creatorPersonal>
		<ags:creatorPersonal><![CDATA[Itoko Nonaka]]></ags:creatorPersonal>
		<ags:creatorPersonal><![CDATA[Kouji Higuchi]]></ags:creatorPersonal>
		<ags:creatorPersonal><![CDATA[Koichiro Ueda]]></ags:creatorPersonal>
		<ags:creatorPersonal><![CDATA[Osamu Enishi]]></ags:creatorPersonal>
		<ags:creatorPersonal><![CDATA[Takehiro Nishida]]></ags:creatorPersonal>
		<ags:creatorPersonal><![CDATA[Mitsunori Kurihara]]></ags:creatorPersonal>
		<ags:creatorPersonal><![CDATA[Fuminori Terada]]></ags:creatorPersonal>
	</dc:creator>
	<dc:identifier scheme="dcterms:URI"><![CDATA[http://core.kmi.open.ac.uk/download/pdf/9657618.pdf]]></dc:identifier>
	<dc:identifier scheme="dcterms:URI"><![CDATA[oai:core.kmi.open.ac.uk:9657618]]></dc:identifier>
	<dc:format><dcterms:medium><![CDATA[text]]></dcterms:medium></dc:format>
</ags:resource>
<ags:resource ags:ARN="GB2015404378">
	<dc:title><![CDATA[Odour-mediated orientation of beetles is influenced by age, sex and morph]]></dc:title>
	<dc:creator>
		<ags:creatorPersonal><![CDATA[D.A. Robinson]]></ags:creatorPersonal>
		<ags:creatorPersonal><![CDATA[C.H. Batchelor]]></ags:creatorPersonal>
	</dc:creator>
	<dc:identifier scheme="dcterms:URI"><![CDATA[oai:core.kmi.open.ac.uk:9658025]]></dc:identifier>
	<dc:identifier scheme="dcterms:URI"><![CDATA[http://core.kmi.open.ac.uk/download/pdf/9658025.pdf]]></dc:identifier>
	<dc:format><dcterms:medium><![CDATA[text]]></dcterms:medium></dc:format>
</ags:resource>
<ags:resource ags:ARN="GB2015404379">
	<dc:title><![CDATA[The growing and feeding of lucerne, (Medicago sativa sativa), to dairy cows]]></dc:title>
	<dc:creator>
		<ags:creatorPersonal><![CDATA[M. Di Bonito]]></ags:creatorPersonal>
		<ags:creatorPersonal><![CDATA[Neil Breward]]></ags:creatorPersonal>
		<ags:creatorPersonal><![CDATA[N.M.J. Crout]]></ags:creatorPersonal>
		<ags:creatorPersonal><![CDATA[Barry Smith]]></ags:creatorPersonal>
		<ags:creatorPersonal><![CDATA[S.D. Young]]></ags:creatorPersonal>
	</dc:creator>
	<dc:identifier scheme="dcterms:URI"><![CDATA[http://core.kmi.open.ac.uk/download/pdf/9656887.pdf]]></dc:identifier>
	<dc:identifier scheme="dcterms:URI"><![CDATA[oai:core.kmi.open.ac.uk:9656887]]></dc:identifier>
	<dc:format><dcterms:medium><![CDATA[text]]></dcterms:medium></dc:format>
</ags:resource>
<ags:resource ags:ARN="GB2015404380">
	<dc:title><![CDATA[Root adaptive responses of tall fescue (Festuca arundinacea) growing in sand treated with petroleum hydrocarbon contamination]]></dc:title>
	<dc:creator>
		<ags:creatorPersonal><![CDATA[Edward Maltby]]></ags:creatorPersonal>
		<ags:creatorPersonal><![CDATA[Steve Ormerod]]></ags:creatorPersonal>
		<ags:creatorPersonal><![CDATA[Mike Acreman]]></ags:creatorPersonal>
		<ags:creatorPersonal><![CDATA[Michael Dunbar]]></ags:creatorPersonal>
		<ags:creatorPersonal><![CDATA[Alan Jenkins]]></ags:creatorPersonal>
		<ags:creatorPersonal><![CDATA[Stephen Maberly]]></ags:creatorPersonal>
		<ags:creatorPersonal><![CDATA[Jonathan Newman]]></ags:creatorPersonal>
		<ags:creatorPersonal><![CDATA[Martin Blackwell]]></ags:creatorPersonal>
		<ags:creatorPersonal><![CDATA[Rob Ward]]></ags:creatorPersonal>
	</dc:creator>
	<dc:identifier scheme="dcterms:URI"><![CDATA[oai:core.kmi.open.ac.uk:9657939]]></dc:identifier>
	<dc:identifier scheme="dcterms:URI"><![CDATA[http://core.kmi.open.ac.uk/download/pdf/9657939.pdf]]></dc:identifier>
	<dc:format><dcterms:medium><![CDATA[text]]></dcterms:medium></dc:format>
</ags:resource>
<ags:resource ags:ARN="GB2015404381">
	<dc:title><![CDATA[Evaluation of rural land-use plans in protected area bio-networks in northeastern Tanzania]]></dc:title>
	<dc:creator>
		<ags:creatorPersonal><![CDATA[Mhairi Coyle]]></ags:creatorPersonal>
		<ags:creatorPersonal><![CDATA[Eiko Nemitz]]></ags:creatorPersonal>
		<ags:creatorPersonal><![CDATA[Robert Storeton-West]]></ags:creatorPersonal>
		<ags:creatorPersonal><![CDATA[David Fowler]]></ags:creatorPersonal>
		<ags:creatorPersonal><![CDATA[J. Neil Cape]]></ags:creatorPersonal>
	</dc:creator>
	<dc:identifier scheme="dcterms:URI"><![CDATA[http://core.kmi.open.ac.uk/download/pdf/9657291.pdf]]></dc:identifier>
	<dc:identifier scheme="dcterms:URI"><![CDATA[oai:core.kmi.open.ac.uk:9657291]]></dc:identifier>
	<dc:format><dcterms:medium><![CDATA[text]]></dcterms:medium></dc:format>
</ags:resource>
<ags:resource ags:ARN="GB2015404382">
	<dc:title><![CDATA[Sources, lability and solubility of Pb in alluvial soils of the River Trent catchment, U.K.]]></dc:title>
	<dc:creator>
		<ags:creatorPersonal><![CDATA[P. Ineson]]></ags:creatorPersonal>
		<ags:creatorPersonal><![CDATA[P. J. Bacon]]></ags:creatorPersonal>
		<ags:creatorPersonal><![CDATA[D. K. Lindley]]></ags:creatorPersonal>
	</dc:creator>
	<dc:identifier scheme="dcterms:URI"><![CDATA[oai:core.kmi.open.ac.uk:9697014]]></dc:identifier>
	<dc:identifier scheme="dcterms:URI"><![CDATA[http://core.kmi.open.ac.uk/download/pdf/9697014.pdf]]></dc:identifier>
	<dc:format><dcterms:medium><![CDATA[text]]></dcterms:medium></dc:format>
</ags:resource>
<ags:resource ags:ARN="GB2015404383">
	<dc:title><![CDATA[Soil–plant interactions and the uptake of Pb at abandoned mining sites in the Rookhope catchment of the N. Pennines, UK : a Pb isotope study]]></dc:title>
	<dc:creator>
		<ags:creatorPersonal><![CDATA[S.R. Chenery]]></ags:creatorPersonal>
		<ags:creatorPersonal><![CDATA[M. Izquierdo]]></ags:creatorPersonal>
		<ags:creatorPersonal><![CDATA[E. Marzouk]]></ags:creatorPersonal>
		<ags:creatorPersonal><![CDATA[B. Klinck]]></ags:creatorPersonal>
		<ags:creatorPersonal><![CDATA[B. Palumbo-Roe]]></ags:creatorPersonal>
		<ags:creatorPersonal><![CDATA[A.M. Tye]]></ags:creatorPersonal>
	</dc:creator>
	<dc:identifier scheme="dcterms:URI"><![CDATA[http://core.kmi.open.ac.uk/download/pdf/9697015.pdf]]></dc:identifier>
	<dc:identifier scheme="dcterms:URI"><![CDATA[oai:core.kmi.open.ac.uk:9697015]]></dc:identifier>
	<dc:format><dcterms:medium><![CDATA[text]]></dcterms:medium></dc:format>
</ags:resource>
<ags:resource ags:ARN="GB2015404384">
	<dc:title><![CDATA[Lithological control on soil chemistry and microbial diversity]]></dc:title>
	<dc:creator>
		<ags:creatorPersonal><![CDATA[E.D. Ford]]></ags:creatorPersonal>
	</dc:creator>
	<dc:identifier scheme="dcterms:URI"><![CDATA[http://core.kmi.open.ac.uk/download/pdf/9697191.pdf]]></dc:identifier>
	<dc:identifier scheme="dcterms:URI"><![CDATA[oai:core.kmi.open.ac.uk:9697191]]></dc:identifier>
	<dc:format><dcterms:medium><![CDATA[text]]></dcterms:medium></dc:format>
</ags:resource>
<ags:resource ags:ARN="GB2015404385">
	<dc:title><![CDATA[Wolverhampton urban environmental survey : an integrated geoscientific case study]]></dc:title>
	<dc:creator>
		<ags:creatorPersonal><![CDATA[M.G. Morris]]></ags:creatorPersonal>
		<ags:creatorPersonal><![CDATA[E.A.G. Duffey]]></ags:creatorPersonal>
		<ags:creatorPersonal><![CDATA[J.N. Greatorex-Davies]]></ags:creatorPersonal>
		<ags:creatorPersonal><![CDATA[P.E. Jones]]></ags:creatorPersonal>
		<ags:creatorPersonal><![CDATA[P.T. Harding]]></ags:creatorPersonal>
		<ags:creatorPersonal><![CDATA[R.C. Welch]]></ags:creatorPersonal>
		<ags:creatorPersonal><![CDATA[R.G. Snazell]]></ags:creatorPersonal>
		<ags:creatorPersonal><![CDATA[M.J.L. Skelton]]></ags:creatorPersonal>
		<ags:creatorPersonal><![CDATA[G.J. Moller]]></ags:creatorPersonal>
	</dc:creator>
	<dc:identifier scheme="dcterms:URI"><![CDATA[oai:core.kmi.open.ac.uk:9697164]]></dc:identifier>
	<dc:identifier scheme="dcterms:URI"><![CDATA[http://core.kmi.open.ac.uk/download/pdf/9697164.pdf]]></dc:identifier>
	<dc:format><dcterms:medium><![CDATA[text]]></dcterms:medium></dc:format>
</ags:resource>
<ags:resource ags:ARN="GB2015404386">
	<dc:title><![CDATA[The role of peri-glacial Active Layer Development in determining soil-regolith thickness across a Triassic sandstone outcrop in the UK.]]></dc:title>
	<dc:creator>
		<ags:creatorPersonal><![CDATA[Andrew M. Tye]]></ags:creatorPersonal>
		<ags:creatorPersonal><![CDATA[Simon J. Kemp]]></ags:creatorPersonal>
		<ags:creatorPersonal><![CDATA[R. Murray Lark]]></ags:creatorPersonal>
		<ags:creatorPersonal><![CDATA[Antoni E. Milodowski]]></ags:creatorPersonal>
	</dc:creator>
	<dc:identifier scheme="dcterms:URI"><![CDATA[oai:core.kmi.open.ac.uk:9697012]]></dc:identifier>
	<dc:identifier scheme="dcterms:URI"><![CDATA[http://core.kmi.open.ac.uk/download/pdf/9697012.pdf]]></dc:identifier>
	<dc:format><dcterms:medium><![CDATA[text]]></dcterms:medium></dc:format>
</ags:resource>
<ags:resource ags:ARN="GB2015404387">
	<dc:title><![CDATA[Lithological control on soil chemistry, Northern Ireland]]></dc:title>
	<dc:creator>
		<ags:creatorPersonal><![CDATA[Nicola Ashton]]></ags:creatorPersonal>
		<ags:creatorPersonal><![CDATA[R.A.D. Pattrick]]></ags:creatorPersonal>
		<ags:creatorPersonal><![CDATA[J.R. Lloyd]]></ags:creatorPersonal>
		<ags:creatorPersonal><![CDATA[B.E. van Dongen]]></ags:creatorPersonal>
		<ags:creatorPersonal><![CDATA[A. Tye]]></ags:creatorPersonal>
	</dc:creator>
	<dc:identifier scheme="dcterms:URI"><![CDATA[http://core.kmi.open.ac.uk/download/pdf/9697194.pdf]]></dc:identifier>
	<dc:identifier scheme="dcterms:URI"><![CDATA[oai:core.kmi.open.ac.uk:9697194]]></dc:identifier>
	<dc:format><dcterms:medium><![CDATA[text]]></dcterms:medium></dc:format>
</ags:resource>
<ags:resource ags:ARN="GB2015404388">
	<dc:title><![CDATA[The use of 204Pb stable isotope dilution to measure lead lability in soils]]></dc:title>
	<dc:creator>
		<ags:creatorPersonal><![CDATA[H.O. Odhiambo]]></ags:creatorPersonal>
		<ags:creatorPersonal><![CDATA[C.K. Ong]]></ags:creatorPersonal>
		<ags:creatorPersonal><![CDATA[J.D. Deans]]></ags:creatorPersonal>
		<ags:creatorPersonal><![CDATA[J. Wilson]]></ags:creatorPersonal>
		<ags:creatorPersonal><![CDATA[A.A.H. Khan]]></ags:creatorPersonal>
		<ags:creatorPersonal><![CDATA[J.I. Sprent]]></ags:creatorPersonal>
	</dc:creator>
	<dc:identifier scheme="dcterms:URI"><![CDATA[http://core.kmi.open.ac.uk/download/pdf/9697207.pdf]]></dc:identifier>
	<dc:identifier scheme="dcterms:URI"><![CDATA[oai:core.kmi.open.ac.uk:9697207]]></dc:identifier>
	<dc:format><dcterms:medium><![CDATA[text]]></dcterms:medium></dc:format>
</ags:resource>
<ags:resource ags:ARN="GB2015404389">
	<dc:title><![CDATA[Pb reactivity in soils using 204Pb stable isotope dilution]]></dc:title>
	<dc:creator>
		<ags:creatorPersonal><![CDATA[T. Ahmed]]></ags:creatorPersonal>
	</dc:creator>
	<dc:identifier scheme="dcterms:URI"><![CDATA[oai:core.kmi.open.ac.uk:9697208]]></dc:identifier>
	<dc:identifier scheme="dcterms:URI"><![CDATA[http://core.kmi.open.ac.uk/download/pdf/9697208.pdf]]></dc:identifier>
	<dc:format><dcterms:medium><![CDATA[text]]></dcterms:medium></dc:format>
</ags:resource>
<ags:resource ags:ARN="GB2015404390">
	<dc:title><![CDATA[Geochemistry and human selenium imbalances in China]]></dc:title>
	<dc:creator>
		<ags:creatorPersonal><![CDATA[F.M. Fordyce]]></ags:creatorPersonal>
		<ags:creatorPersonal><![CDATA[J.D. Appleton]]></ags:creatorPersonal>
		<ags:creatorPersonal><![CDATA[D. Masara]]></ags:creatorPersonal>
		<ags:creatorPersonal><![CDATA[N. Ndiweni]]></ags:creatorPersonal>
		<ags:creatorPersonal><![CDATA[J. Topps]]></ags:creatorPersonal>
	</dc:creator>
	<dc:identifier scheme="dcterms:URI"><![CDATA[oai:core.kmi.open.ac.uk:9697236]]></dc:identifier>
	<dc:identifier scheme="dcterms:URI"><![CDATA[http://core.kmi.open.ac.uk/download/pdf/9697236.pdf]]></dc:identifier>
	<dc:format><dcterms:medium><![CDATA[text]]></dcterms:medium></dc:format>
</ags:resource>
<ags:resource ags:ARN="GB2015404391">
	<dc:title><![CDATA[Selenium in cereals compared with other geochemical predictors of human selenium status in China]]></dc:title>
	<dc:creator>
		<ags:creatorPersonal><![CDATA[Marie-Astrid Berry]]></ags:creatorPersonal>
	</dc:creator>
	<dc:identifier scheme="dcterms:URI"><![CDATA[http://core.kmi.open.ac.uk/download/pdf/9697246.pdf]]></dc:identifier>
	<dc:identifier scheme="dcterms:URI"><![CDATA[oai:core.kmi.open.ac.uk:9697246]]></dc:identifier>
	<dc:format><dcterms:medium><![CDATA[text]]></dcterms:medium></dc:format>
</ags:resource>
<ags:resource ags:ARN="GB2015404392">
	<dc:title><![CDATA[Selenium geochemistry and health]]></dc:title>
	<dc:creator>
		<ags:creatorPersonal><![CDATA[Christopher C. Johnson]]></ags:creatorPersonal>
		<ags:creatorPersonal><![CDATA[Alecos Demetriades]]></ags:creatorPersonal>
	</dc:creator>
	<dc:identifier scheme="dcterms:URI"><![CDATA[oai:core.kmi.open.ac.uk:9697281]]></dc:identifier>
	<dc:identifier scheme="dcterms:URI"><![CDATA[http://core.kmi.open.ac.uk/download/pdf/9697281.pdf]]></dc:identifier>
	<dc:format><dcterms:medium><![CDATA[text]]></dcterms:medium></dc:format>
</ags:resource>
<ags:resource ags:ARN="GB2015404393">
	<dc:title><![CDATA[Emissions and removals of greenhouse gases from land use, land use change and forestry (LULUCF) for England, Scotland, Wales and Northern Ireland: 1990-2010]]></dc:title>
	<dc:creator>
		<ags:creatorPersonal><![CDATA[Johan Esterhuizen]]></ags:creatorPersonal>
		<ags:creatorPersonal><![CDATA[Jean Baptiste Rayaisse]]></ags:creatorPersonal>
		<ags:creatorPersonal><![CDATA[Inaki Tirados]]></ags:creatorPersonal>
		<ags:creatorPersonal><![CDATA[Serge Mpiana]]></ags:creatorPersonal>
		<ags:creatorPersonal><![CDATA[Philippe Solano]]></ags:creatorPersonal>
		<ags:creatorPersonal><![CDATA[Glyn A. Vale]]></ags:creatorPersonal>
		<ags:creatorPersonal><![CDATA[Michael J. Lehane]]></ags:creatorPersonal>
		<ags:creatorPersonal><![CDATA[Stephen J. Torr]]></ags:creatorPersonal>
	</dc:creator>
	<dc:date><dcterms:dateIssued><![CDATA[Wales and Northern Ireland: 1990-2010]]></dcterms:dateIssued></dc:date>
	<dc:identifier scheme="dcterms:URI"><![CDATA[oai:core.kmi.open.ac.uk:9697262]]></dc:identifier>
	<dc:identifier scheme="dcterms:URI"><![CDATA[http://core.kmi.open.ac.uk/download/pdf/9697262.pdf]]></dc:identifier>
	<dc:format><dcterms:medium><![CDATA[text]]></dcterms:medium></dc:format>
</ags:resource>
<ags:resource ags:ARN="GB2015404394">
	<dc:title><![CDATA[Stream sediment, soil and plant chemistry as indicators of cattle mineral status in North-East Zimbabwe]]></dc:title>
	<dc:creator>
		<ags:creatorPersonal><![CDATA[Helen Hesketh]]></ags:creatorPersonal>
		<ags:creatorPersonal><![CDATA[Claus Svendsen]]></ags:creatorPersonal>
		<ags:creatorPersonal><![CDATA[Rosie S. Hails]]></ags:creatorPersonal>
	</dc:creator>
	<dc:identifier scheme="dcterms:URI"><![CDATA[oai:core.kmi.open.ac.uk:9697229]]></dc:identifier>
	<dc:identifier scheme="dcterms:URI"><![CDATA[http://core.kmi.open.ac.uk/download/pdf/9697229.pdf]]></dc:identifier>
	<dc:format><dcterms:medium><![CDATA[text]]></dcterms:medium></dc:format>
</ags:resource>
<ags:resource ags:ARN="GB2015404395">
	<dc:title><![CDATA[Soil, grain and water chemistry in relation to human Se status in China and Sri Lanka]]></dc:title>
	<dc:creator>
		<ags:creatorPersonal><![CDATA[M. L. M. Jones]]></ags:creatorPersonal>
		<ags:creatorPersonal><![CDATA[A. Sowerby]]></ags:creatorPersonal>
		<ags:creatorPersonal><![CDATA[H. Wallace]]></ags:creatorPersonal>
	</dc:creator>
	<dc:identifier scheme="dcterms:URI"><![CDATA[oai:core.kmi.open.ac.uk:9697253]]></dc:identifier>
	<dc:identifier scheme="dcterms:URI"><![CDATA[http://core.kmi.open.ac.uk/download/pdf/9697253.pdf]]></dc:identifier>
	<dc:format><dcterms:medium><![CDATA[text]]></dcterms:medium></dc:format>
</ags:resource>
<ags:resource ags:ARN="GB2015404396">
	<dc:title><![CDATA[Controls on the distribution of selenium in the soils of East Anglia, UK]]></dc:title>
	<dc:creator>
		<ags:creatorPersonal><![CDATA[Agustina Fitriana Wul]]></ags:creatorPersonal>
		<ags:creatorPersonal><![CDATA[ari]]></ags:creatorPersonal>
	</dc:creator>
	<dc:identifier scheme="dcterms:URI"><![CDATA[http://core.kmi.open.ac.uk/download/pdf/9697328.pdf]]></dc:identifier>
	<dc:identifier scheme="dcterms:URI"><![CDATA[oai:core.kmi.open.ac.uk:9697328]]></dc:identifier>
	<dc:format><dcterms:medium><![CDATA[text]]></dcterms:medium></dc:format>
</ags:resource>
<ags:resource ags:ARN="GB2015404397">
	<dc:title><![CDATA[Soil selenium and human health in China]]></dc:title>
	<dc:creator>
		<ags:creatorPersonal><![CDATA[Gina Mills]]></ags:creatorPersonal>
		<ags:creatorPersonal><![CDATA[Graham Ball]]></ags:creatorPersonal>
		<ags:creatorPersonal><![CDATA[Felicity Hayes]]></ags:creatorPersonal>
	</dc:creator>
	<dc:identifier scheme="dcterms:URI"><![CDATA[http://core.kmi.open.ac.uk/download/pdf/9697258.pdf]]></dc:identifier>
	<dc:identifier scheme="dcterms:URI"><![CDATA[oai:core.kmi.open.ac.uk:9697258]]></dc:identifier>
	<dc:format><dcterms:medium><![CDATA[text]]></dcterms:medium></dc:format>
</ags:resource>
<ags:resource ags:ARN="GB2015404398">
	<dc:title><![CDATA[Can the distribution of cases of equine grass sickness in Scotland be explained by geochemical parameters?]]></dc:title>
	<dc:creator>
		<ags:creatorPersonal><![CDATA[Ruth Kattumuri]]></ags:creatorPersonal>
	</dc:creator>
	<dc:identifier scheme="dcterms:URI"><![CDATA[http://core.kmi.open.ac.uk/download/pdf/9697314.pdf]]></dc:identifier>
	<dc:identifier scheme="dcterms:URI"><![CDATA[oai:core.kmi.open.ac.uk:9697314]]></dc:identifier>
	<dc:format><dcterms:medium><![CDATA[text]]></dcterms:medium></dc:format>
</ags:resource>
<ags:resource ags:ARN="GB2015404399">
	<dc:title><![CDATA[Iodine geochemistry and environmental controls on iodine deficiency disorders : a new approach to a classic geochemistry and health problem]]></dc:title>
	<dc:creator>
		<ags:creatorPersonal><![CDATA[F.M. Fordyce]]></ags:creatorPersonal>
		<ags:creatorPersonal><![CDATA[C.C. Johnson]]></ags:creatorPersonal>
		<ags:creatorPersonal><![CDATA[C.B. Dissanayake]]></ags:creatorPersonal>
		<ags:creatorPersonal><![CDATA[G. Zhang]]></ags:creatorPersonal>
		<ags:creatorPersonal><![CDATA[U.R.B. Navaratne]]></ags:creatorPersonal>
	</dc:creator>
	<dc:identifier scheme="dcterms:URI"><![CDATA[oai:core.kmi.open.ac.uk:9697260]]></dc:identifier>
	<dc:identifier scheme="dcterms:URI"><![CDATA[http://core.kmi.open.ac.uk/download/pdf/9697260.pdf]]></dc:identifier>
	<dc:format><dcterms:medium><![CDATA[text]]></dcterms:medium></dc:format>
</ags:resource>
</ags:resources>