<?xml version="1.0" encoding="UTF-8"?>
<!DOCTYPE ags:resources SYSTEM "http://purl.org/agmes/agrisap/dtd/">
<ags:resources xmlns:ags="http://purl.org/agmes/1.1/" xmlns:dc="http://purl.org/dc/elements/1.1/" xmlns:agls="http://www.naa.gov.au/recordkeeping/gov_online/agls/1.2" xmlns:dcterms="http://purl.org/dc/terms/">
<ags:resource ags:ARN="GB2015403300">
	<dc:title><![CDATA[Climate change programme review : the submission of the Sustainable Development Commission to HM Government]]></dc:title>
	<dc:creator>
		<ags:creatorPersonal><![CDATA[Sustainable Development Commission]]></ags:creatorPersonal>
	</dc:creator>
	<dc:identifier scheme="dcterms:URI"><![CDATA[http://core.kmi.open.ac.uk/download/pdf/1586977.pdf]]></dc:identifier>
	<dc:identifier scheme="dcterms:URI"><![CDATA[oai:core.kmi.open.ac.uk:1586977]]></dc:identifier>
	<dc:format><dcterms:medium><![CDATA[text]]></dcterms:medium></dc:format>
</ags:resource>
<ags:resource ags:ARN="GB2015403301">
	<dc:title><![CDATA[Vision for a sustainable food chain : workshop report]]></dc:title>
	<dc:creator>
		<ags:creatorPersonal><![CDATA[Sustainable Development Commission]]></ags:creatorPersonal>
	</dc:creator>
	<dc:identifier scheme="dcterms:URI"><![CDATA[http://core.kmi.open.ac.uk/download/pdf/1586928.pdf]]></dc:identifier>
	<dc:identifier scheme="dcterms:URI"><![CDATA[oai:core.kmi.open.ac.uk:1586928]]></dc:identifier>
	<dc:format><dcterms:medium><![CDATA[text]]></dcterms:medium></dc:format>
</ags:resource>
<ags:resource ags:ARN="GB2015403302">
	<dc:title><![CDATA[The right ingredients : Sustainable Development Commission Scotland response to the discussion on a national food policy for Scotland]]></dc:title>
	<dc:creator>
		<ags:creatorPersonal><![CDATA[Sustainable Development Commission Scotl]]></ags:creatorPersonal>
	</dc:creator>
	<dc:identifier scheme="dcterms:URI"><![CDATA[oai:core.kmi.open.ac.uk:1587033]]></dc:identifier>
	<dc:identifier scheme="dcterms:URI"><![CDATA[http://core.kmi.open.ac.uk/download/pdf/1587033.pdf]]></dc:identifier>
	<dc:format><dcterms:medium><![CDATA[text]]></dcterms:medium></dc:format>
</ags:resource>
<ags:resource ags:ARN="GB2015403303">
	<dc:title><![CDATA[Factors affecting expansion success of bird populations in human-transformed environments: the marsh harrier Circus aeruginosus in the Ebro Valley]]></dc:title>
	<dc:creator>
		<ags:creatorPersonal><![CDATA[Laura Cardador Bergua]]></ags:creatorPersonal>
	</dc:creator>
	<dc:identifier scheme="dcterms:URI"><![CDATA[http://core.kmi.open.ac.uk/download/pdf/16210205.pdf]]></dc:identifier>
	<dc:identifier scheme="dcterms:URI"><![CDATA[oai:core.kmi.open.ac.uk:16210205]]></dc:identifier>
	<dc:format><dcterms:medium><![CDATA[text]]></dcterms:medium></dc:format>
</ags:resource>
<ags:resource ags:ARN="GB2015403304">
	<dc:title><![CDATA[Avoiding Future Famines: Strengthening the Ecological Foundation of Food Security through Sustainable Food Systems. A UNEP Synthesis Report]]></dc:title>
	<dc:creator>
		<ags:creatorPersonal><![CDATA[J. Alder]]></ags:creatorPersonal>
		<ags:creatorPersonal><![CDATA[D. Barling]]></ags:creatorPersonal>
		<ags:creatorPersonal><![CDATA[P. Dugan]]></ags:creatorPersonal>
		<ags:creatorPersonal><![CDATA[H. R. Herren]]></ags:creatorPersonal>
		<ags:creatorPersonal><![CDATA[H. Josupeit]]></ags:creatorPersonal>
		<ags:creatorPersonal><![CDATA[T. Lang]]></ags:creatorPersonal>
	</dc:creator>
	<dc:identifier scheme="dcterms:URI"><![CDATA[http://core.kmi.open.ac.uk/download/pdf/16272246.pdf]]></dc:identifier>
	<dc:identifier scheme="dcterms:URI"><![CDATA[oai:core.kmi.open.ac.uk:16272246]]></dc:identifier>
	<dc:format><dcterms:medium><![CDATA[text]]></dcterms:medium></dc:format>
</ags:resource>
<ags:resource ags:ARN="GB2015403305">
	<dc:title><![CDATA[Faktor-Faktor yang Mempengaruhi Tingkat Penjualan Obat Hewan pada PT. Romindo Primavetcom Cabang Semarang (Factors which Influence Sales Level of Animal Medicines at PT. Romindo Primavetcom Semarang Branch).]]></dc:title>
	<dc:creator>
		<ags:creatorPersonal><![CDATA[Astri Nilam Wardhany]]></ags:creatorPersonal>
	</dc:creator>
	<dc:identifier scheme="dcterms:URI"><![CDATA[oai:core.kmi.open.ac.uk:16272245]]></dc:identifier>
	<dc:identifier scheme="dcterms:URI"><![CDATA[http://core.kmi.open.ac.uk/download/pdf/16272245.pdf]]></dc:identifier>
	<dc:format><dcterms:medium><![CDATA[text]]></dcterms:medium></dc:format>
</ags:resource>
<ags:resource ags:ARN="GB2015403306">
	<dc:title><![CDATA[Laporan magang di PT. Podorejo Sukses Magelang (sanitasi pabrik]]></dc:title>
	<dc:creator>
		<ags:creatorPersonal><![CDATA[Maria Regina Pramita T. A.]]></ags:creatorPersonal>
	</dc:creator>
	<dc:identifier scheme="dcterms:URI"><![CDATA[http://core.kmi.open.ac.uk/download/pdf/16293007.pdf]]></dc:identifier>
	<dc:identifier scheme="dcterms:URI"><![CDATA[oai:core.kmi.open.ac.uk:16293007]]></dc:identifier>
	<dc:format><dcterms:medium><![CDATA[text]]></dcterms:medium></dc:format>
</ags:resource>
<ags:resource ags:ARN="GB2015403307">
	<dc:title><![CDATA[Renewal through Participation in Global Food Security Governance: Implementing the International Food Security and Nutrition Civil Society Mechanism to the Committee on World Food Security]]></dc:title>
	<dc:creator>
		<ags:creatorPersonal><![CDATA[A. M. Thomson]]></ags:creatorPersonal>
		<ags:creatorPersonal><![CDATA[D. C. Mobbs]]></ags:creatorPersonal>
		<ags:creatorPersonal><![CDATA[R. Milne]]></ags:creatorPersonal>
		<ags:creatorPersonal><![CDATA[U. Skiba]]></ags:creatorPersonal>
		<ags:creatorPersonal><![CDATA[P. E. Levy]]></ags:creatorPersonal>
		<ags:creatorPersonal><![CDATA[S. K. Jones]]></ags:creatorPersonal>
		<ags:creatorPersonal><![CDATA[M. F. Billett]]></ags:creatorPersonal>
		<ags:creatorPersonal><![CDATA[M. Van Oijen]]></ags:creatorPersonal>
		<ags:creatorPersonal><![CDATA[N. Ostle]]></ags:creatorPersonal>
		<ags:creatorPersonal><![CDATA[B. Foereid]]></ags:creatorPersonal>
		<ags:creatorPersonal><![CDATA[P. Smith]]></ags:creatorPersonal>
		<ags:creatorPersonal><![CDATA[T. R]]></ags:creatorPersonal>
		<ags:creatorPersonal><![CDATA[le]]></ags:creatorPersonal>
		<ags:creatorPersonal><![CDATA[R. W. Matthews]]></ags:creatorPersonal>
		<ags:creatorPersonal><![CDATA[J. Gilbert]]></ags:creatorPersonal>
		<ags:creatorPersonal><![CDATA[L. Halsall]]></ags:creatorPersonal>
		<ags:creatorPersonal><![CDATA[A. Brewer]]></ags:creatorPersonal>
		<ags:creatorPersonal><![CDATA[M. Baldwin]]></ags:creatorPersonal>
		<ags:creatorPersonal><![CDATA[E. Mackie]]></ags:creatorPersonal>
		<ags:creatorPersonal><![CDATA[P. Bellamy]]></ags:creatorPersonal>
		<ags:creatorPersonal><![CDATA[M. Rivas-Casado]]></ags:creatorPersonal>
		<ags:creatorPersonal><![CDATA[R. I. Bradley]]></ags:creatorPersonal>
		<ags:creatorPersonal><![CDATA[J. Grace]]></ags:creatorPersonal>
		<ags:creatorPersonal><![CDATA[P. Lewis]]></ags:creatorPersonal>
		<ags:creatorPersonal><![CDATA[T. Quaife]]></ags:creatorPersonal>
		<ags:creatorPersonal><![CDATA[C. Jordan]]></ags:creatorPersonal>
		<ags:creatorPersonal><![CDATA[R. W. Tomlinson]]></ags:creatorPersonal>
	</dc:creator>
	<dc:identifier scheme="dcterms:URI"><![CDATA[oai:core.kmi.open.ac.uk:16272247]]></dc:identifier>
	<dc:identifier scheme="dcterms:URI"><![CDATA[http://core.kmi.open.ac.uk/download/pdf/16272247.pdf]]></dc:identifier>
	<dc:format><dcterms:medium><![CDATA[text]]></dcterms:medium></dc:format>
</ags:resource>
<ags:resource ags:ARN="GB2015403308">
	<dc:title><![CDATA[WATERMAN: an operational soil water balance model compatible with IBSNAT data files]]></dc:title>
	<dc:creator>
		<ags:creatorPersonal><![CDATA[J. R. Hall]]></ags:creatorPersonal>
	</dc:creator>
	<dc:identifier scheme="dcterms:URI"><![CDATA[oai:core.kmi.open.ac.uk:16287726]]></dc:identifier>
	<dc:identifier scheme="dcterms:URI"><![CDATA[http://core.kmi.open.ac.uk/download/pdf/16287726.pdf]]></dc:identifier>
	<dc:format><dcterms:medium><![CDATA[text]]></dcterms:medium></dc:format>
</ags:resource>
<ags:resource ags:ARN="GB2015403309">
	<dc:title><![CDATA[Monetary impacts and overshooting of agricultural prices in a transition economy]]></dc:title>
	<dc:creator>
		<ags:creatorPersonal><![CDATA[Muhammad Aamir Khan]]></ags:creatorPersonal>
	</dc:creator>
	<dc:identifier scheme="dcterms:URI"><![CDATA[http://core.kmi.open.ac.uk/download/pdf/16287901.pdf]]></dc:identifier>
	<dc:identifier scheme="dcterms:URI"><![CDATA[oai:core.kmi.open.ac.uk:16287901]]></dc:identifier>
	<dc:format><dcterms:medium><![CDATA[text]]></dcterms:medium></dc:format>
</ags:resource>
<ags:resource ags:ARN="GB2015403310">
	<dc:title><![CDATA[Modelling chemistry in the nocturnal boundary layer above tropical rainforest and a generalised effective nocturnal ozone deposition velocity for sub-ppbv NOx conditions]]></dc:title>
	<dc:creator>
		<ags:creatorPersonal><![CDATA[Thomas A. M. Pugh]]></ags:creatorPersonal>
		<ags:creatorPersonal><![CDATA[James Ryder]]></ags:creatorPersonal>
		<ags:creatorPersonal><![CDATA[A. Robert MacKenzie]]></ags:creatorPersonal>
		<ags:creatorPersonal><![CDATA[Sarah J. Moller]]></ags:creatorPersonal>
		<ags:creatorPersonal><![CDATA[James D. Lee]]></ags:creatorPersonal>
		<ags:creatorPersonal><![CDATA[Carol Helfter]]></ags:creatorPersonal>
		<ags:creatorPersonal><![CDATA[Eiko Nemitz]]></ags:creatorPersonal>
		<ags:creatorPersonal><![CDATA[Douglas Lowe]]></ags:creatorPersonal>
		<ags:creatorPersonal><![CDATA[C. Nicholas Hewitt]]></ags:creatorPersonal>
	</dc:creator>
	<dc:identifier scheme="dcterms:URI"><![CDATA[oai:core.kmi.open.ac.uk:1631270]]></dc:identifier>
	<dc:identifier scheme="dcterms:URI"><![CDATA[http://core.kmi.open.ac.uk/download/pdf/1631270.pdf]]></dc:identifier>
	<dc:format><dcterms:medium><![CDATA[text]]></dcterms:medium></dc:format>
</ags:resource>
<ags:resource ags:ARN="GB2015403311">
	<dc:title><![CDATA[Old institutions, new challenges: the agricultural knowledge system in Hungary]]></dc:title>
	<dc:creator>
		<ags:creatorPersonal><![CDATA[ARIF KURNIAWAN S]]></ags:creatorPersonal>
	</dc:creator>
	<dc:identifier scheme="dcterms:URI"><![CDATA[oai:core.kmi.open.ac.uk:16287760]]></dc:identifier>
	<dc:identifier scheme="dcterms:URI"><![CDATA[http://core.kmi.open.ac.uk/download/pdf/16287760.pdf]]></dc:identifier>
	<dc:format><dcterms:medium><![CDATA[text]]></dcterms:medium></dc:format>
</ags:resource>
<ags:resource ags:ARN="GB2015403312">
	<dc:title><![CDATA[The relationship between agricultural development and industrial growth 1660-1880: a case study of the Black Country]]></dc:title>
	<dc:creator>
		<ags:creatorPersonal><![CDATA[Peter Howlett]]></ags:creatorPersonal>
		<ags:creatorPersonal><![CDATA[Aashish Velkar]]></ags:creatorPersonal>
	</dc:creator>
	<dc:identifier scheme="dcterms:URI"><![CDATA[oai:core.kmi.open.ac.uk:1631834]]></dc:identifier>
	<dc:identifier scheme="dcterms:URI"><![CDATA[http://core.kmi.open.ac.uk/download/pdf/1631834.pdf]]></dc:identifier>
	<dc:format><dcterms:medium><![CDATA[text]]></dcterms:medium></dc:format>
</ags:resource>
<ags:resource ags:ARN="GB2015403313">
	<dc:title><![CDATA[Smuggling under the CAP : Northern Ireland and the Republic of Ireland, 1974-1982]]></dc:title>
	<dc:creator>
		<ags:creatorPersonal><![CDATA[Desmond Norton]]></ags:creatorPersonal>
	</dc:creator>
	<dc:date><dcterms:dateIssued><![CDATA[1974-1982]]></dcterms:dateIssued></dc:date>
	<dc:identifier scheme="dcterms:URI"><![CDATA[http://core.kmi.open.ac.uk/download/pdf/16338701.pdf]]></dc:identifier>
	<dc:identifier scheme="dcterms:URI"><![CDATA[oai:core.kmi.open.ac.uk:16338701]]></dc:identifier>
	<dc:format><dcterms:medium><![CDATA[text]]></dcterms:medium></dc:format>
</ags:resource>
<ags:resource ags:ARN="GB2015403314">
	<dc:title><![CDATA[Detached gardens and urban allotments in English provincial towns, 1750 to 1950: distribution, abundance and transformative processes]]></dc:title>
	<dc:creator>
		<ags:creatorPersonal><![CDATA[Rosemary Thornes]]></ags:creatorPersonal>
	</dc:creator>
	<dc:identifier scheme="dcterms:URI"><![CDATA[http://core.kmi.open.ac.uk/download/pdf/1631863.pdf]]></dc:identifier>
	<dc:identifier scheme="dcterms:URI"><![CDATA[oai:core.kmi.open.ac.uk:1631863]]></dc:identifier>
	<dc:format><dcterms:medium><![CDATA[text]]></dcterms:medium></dc:format>
</ags:resource>
<ags:resource ags:ARN="GB2015403315">
	<dc:title><![CDATA[[The Influence of Protected Kapok Seed Oil Supplementation on In Vitro Forage Fiber Utility]]]></dc:title>
	<dc:creator>
		<ags:creatorPersonal><![CDATA[ARISA PERMATA]]></ags:creatorPersonal>
	</dc:creator>
	<dc:identifier scheme="dcterms:URI"><![CDATA[http://core.kmi.open.ac.uk/download/pdf/16338696.pdf]]></dc:identifier>
	<dc:identifier scheme="dcterms:URI"><![CDATA[oai:core.kmi.open.ac.uk:16338696]]></dc:identifier>
	<dc:format><dcterms:medium><![CDATA[text]]></dcterms:medium></dc:format>
</ags:resource>
<ags:resource ags:ARN="GB2015403316">
	<dc:title><![CDATA[Farming Palestine for freedom]]></dc:title>
	<dc:creator>
		<ags:creatorPersonal><![CDATA[A.C. Kumoro]]></ags:creatorPersonal>
		<ags:creatorPersonal><![CDATA[D. S. Retnowati]]></ags:creatorPersonal>
		<ags:creatorPersonal><![CDATA[C.S. Budiyati]]></ags:creatorPersonal>
	</dc:creator>
	<dc:identifier scheme="dcterms:URI"><![CDATA[oai:core.kmi.open.ac.uk:16379224]]></dc:identifier>
	<dc:identifier scheme="dcterms:URI"><![CDATA[http://core.kmi.open.ac.uk/download/pdf/16379224.pdf]]></dc:identifier>
	<dc:format><dcterms:medium><![CDATA[text]]></dcterms:medium></dc:format>
</ags:resource>
<ags:resource ags:ARN="GB2015403317">
	<dc:title><![CDATA[زراعة فلسطين من أجل الحرية]]></dc:title>
	<dc:creator>
		<ags:creatorPersonal><![CDATA[Souleymane Dembele]]></ags:creatorPersonal>
	</dc:creator>
	<dc:identifier scheme="dcterms:URI"><![CDATA[http://core.kmi.open.ac.uk/download/pdf/16379226.pdf]]></dc:identifier>
	<dc:identifier scheme="dcterms:URI"><![CDATA[oai:core.kmi.open.ac.uk:16379226]]></dc:identifier>
	<dc:format><dcterms:medium><![CDATA[text]]></dcterms:medium></dc:format>
</ags:resource>
<ags:resource ags:ARN="GB2015403318">
	<dc:title><![CDATA[Solomon Islands: Malaita Hub scoping report]]></dc:title>
	<dc:creator>
		<ags:creatorPersonal><![CDATA[G. Haylor]]></ags:creatorPersonal>
		<ags:creatorPersonal><![CDATA[K. Copley]]></ags:creatorPersonal>
		<ags:creatorPersonal><![CDATA[W. Savage]]></ags:creatorPersonal>
	</dc:creator>
	<dc:identifier scheme="dcterms:URI"><![CDATA[http://core.kmi.open.ac.uk/download/pdf/16384844.pdf]]></dc:identifier>
	<dc:identifier scheme="dcterms:URI"><![CDATA[oai:core.kmi.open.ac.uk:16384844]]></dc:identifier>
	<dc:format><dcterms:medium><![CDATA[text]]></dcterms:medium></dc:format>
</ags:resource>
<ags:resource ags:ARN="GB2015403319">
	<dc:title><![CDATA[Real progress is now being made towards reform of the EU’s Common Agricultural Policy]]></dc:title>
	<dc:creator>
		<ags:creatorPersonal><![CDATA[James Breen]]></ags:creatorPersonal>
		<ags:creatorPersonal><![CDATA[L. Connolly]]></ags:creatorPersonal>
		<ags:creatorPersonal><![CDATA[Trevor Donnellan]]></ags:creatorPersonal>
		<ags:creatorPersonal><![CDATA[Kevin Hanrahan]]></ags:creatorPersonal>
		<ags:creatorPersonal><![CDATA[Thia Hennessy]]></ags:creatorPersonal>
		<ags:creatorPersonal><![CDATA[Anne Kinsella]]></ags:creatorPersonal>
		<ags:creatorPersonal><![CDATA[M. Martin]]></ags:creatorPersonal>
		<ags:creatorPersonal><![CDATA[Michael Ryan]]></ags:creatorPersonal>
		<ags:creatorPersonal><![CDATA[Fiona Thorne]]></ags:creatorPersonal>
	</dc:creator>
	<dc:identifier scheme="dcterms:URI"><![CDATA[http://core.kmi.open.ac.uk/download/pdf/16379142.pdf]]></dc:identifier>
	<dc:identifier scheme="dcterms:URI"><![CDATA[oai:core.kmi.open.ac.uk:16379142]]></dc:identifier>
	<dc:format><dcterms:medium><![CDATA[text]]></dcterms:medium></dc:format>
</ags:resource>
<ags:resource ags:ARN="GB2015403320">
	<dc:title><![CDATA[Solomon Islands: Essential aspects of governance for Aquatic Agricultural Systems in Malaita Hub]]></dc:title>
	<dc:creator>
		<ags:creatorPersonal><![CDATA[Douglas C. MacMillan]]></ags:creatorPersonal>
		<ags:creatorPersonal><![CDATA[Robert C. Ferrier]]></ags:creatorPersonal>
	</dc:creator>
	<dc:identifier scheme="dcterms:URI"><![CDATA[oai:core.kmi.open.ac.uk:16384843]]></dc:identifier>
	<dc:identifier scheme="dcterms:URI"><![CDATA[http://core.kmi.open.ac.uk/download/pdf/16384843.pdf]]></dc:identifier>
	<dc:format><dcterms:medium><![CDATA[text]]></dcterms:medium></dc:format>
</ags:resource>
<ags:resource ags:ARN="GB2015403321">
	<dc:title><![CDATA[Implications of using On-Farm Flood Flow Capture to recharge groundwater and mitigate flood risks along the Kings River, CA]]></dc:title>
	<dc:creator>
		<ags:creatorPersonal><![CDATA[P.A.M. Bach]]></ags:creatorPersonal>
		<ags:creatorPersonal><![CDATA[W.R. Horwath]]></ags:creatorPersonal>
		<ags:creatorPersonal><![CDATA[S. Roy]]></ags:creatorPersonal>
		<ags:creatorPersonal><![CDATA[J. Choperena]]></ags:creatorPersonal>
		<ags:creatorPersonal><![CDATA[D. Cameron]]></ags:creatorPersonal>
	</dc:creator>
	<dc:identifier scheme="dcterms:URI"><![CDATA[http://core.kmi.open.ac.uk/download/pdf/16384870.pdf]]></dc:identifier>
	<dc:identifier scheme="dcterms:URI"><![CDATA[oai:core.kmi.open.ac.uk:16384870]]></dc:identifier>
	<dc:format><dcterms:medium><![CDATA[text]]></dcterms:medium></dc:format>
</ags:resource>
<ags:resource ags:ARN="GB2015403322">
	<dc:title><![CDATA[On-Farm Flood Flow Capture – addressing flood risks and groundwater overdraft in the Kings Basin, with potential applications throughout the Central Valley]]></dc:title>
	<dc:creator>
		<ags:creatorPersonal><![CDATA[L. Cork]]></ags:creatorPersonal>
		<ags:creatorPersonal><![CDATA[C. Evans]]></ags:creatorPersonal>
		<ags:creatorPersonal><![CDATA[C. Freeman]]></ags:creatorPersonal>
		<ags:creatorPersonal><![CDATA[D. N. Thomas]]></ags:creatorPersonal>
		<ags:creatorPersonal><![CDATA[B. Reynolds]]></ags:creatorPersonal>
	</dc:creator>
	<dc:identifier scheme="dcterms:URI"><![CDATA[http://core.kmi.open.ac.uk/download/pdf/16384871.pdf]]></dc:identifier>
	<dc:identifier scheme="dcterms:URI"><![CDATA[oai:core.kmi.open.ac.uk:16384871]]></dc:identifier>
	<dc:format><dcterms:medium><![CDATA[text]]></dcterms:medium></dc:format>
</ags:resource>
<ags:resource ags:ARN="GB2015403323">
	<dc:title><![CDATA[Iodine dynamics in the terrestrial environment]]></dc:title>
	<dc:creator>
		<ags:creatorPersonal><![CDATA[Alistair Pask]]></ags:creatorPersonal>
	</dc:creator>
	<dc:identifier scheme="dcterms:URI"><![CDATA[oai:core.kmi.open.ac.uk:16386321]]></dc:identifier>
	<dc:identifier scheme="dcterms:URI"><![CDATA[http://core.kmi.open.ac.uk/download/pdf/16386321.pdf]]></dc:identifier>
	<dc:format><dcterms:medium><![CDATA[text]]></dcterms:medium></dc:format>
</ags:resource>
<ags:resource ags:ARN="GB2015403324">
	<dc:title><![CDATA[How a soybean plant develops,1985.]]></dc:title>
	<dc:creator>
		<ags:creatorPersonal><![CDATA[Maitreesh Ghatak]]></ags:creatorPersonal>
		<ags:creatorPersonal><![CDATA[Alex]]></ags:creatorPersonal>
		<ags:creatorPersonal><![CDATA[er Karaivanov]]></ags:creatorPersonal>
	</dc:creator>
	<dc:date><dcterms:dateIssued><![CDATA[1985.]]></dcterms:dateIssued></dc:date>
	<dc:identifier scheme="dcterms:URI"><![CDATA[oai:core.kmi.open.ac.uk:16386837]]></dc:identifier>
	<dc:identifier scheme="dcterms:URI"><![CDATA[http://core.kmi.open.ac.uk/download/pdf/16386837.pdf]]></dc:identifier>
	<dc:format><dcterms:medium><![CDATA[text]]></dcterms:medium></dc:format>
</ags:resource>
<ags:resource ags:ARN="GB2015403325">
	<dc:title><![CDATA[Iowa Agri-News, June 6, 2013, Vol. 13, no.13]]></dc:title>
	<dc:creator>
		<ags:creatorPersonal><![CDATA[T. Guillemaud]]></ags:creatorPersonal>
		<ags:creatorPersonal><![CDATA[M. Ciosi]]></ags:creatorPersonal>
		<ags:creatorPersonal><![CDATA[E. Lombaert]]></ags:creatorPersonal>
		<ags:creatorPersonal><![CDATA[A. Estoup]]></ags:creatorPersonal>
	</dc:creator>
	<dc:identifier scheme="dcterms:URI"><![CDATA[oai:core.kmi.open.ac.uk:16386863]]></dc:identifier>
	<dc:identifier scheme="dcterms:URI"><![CDATA[http://core.kmi.open.ac.uk/download/pdf/16386863.pdf]]></dc:identifier>
	<dc:format><dcterms:medium><![CDATA[text]]></dcterms:medium></dc:format>
</ags:resource>
<ags:resource ags:ARN="GB2015403326">
	<dc:title><![CDATA[Iowa Agri-News, August 8, 2013, Vol. 13, no.17]]></dc:title>
	<dc:creator>
		<ags:creatorPersonal><![CDATA[P.G Whitehead]]></ags:creatorPersonal>
		<ags:creatorPersonal><![CDATA[Daniel Joseph Lapworth]]></ags:creatorPersonal>
		<ags:creatorPersonal><![CDATA[R.A Skeffington]]></ags:creatorPersonal>
		<ags:creatorPersonal><![CDATA[A Wade]]></ags:creatorPersonal>
	</dc:creator>
	<dc:identifier scheme="dcterms:URI"><![CDATA[oai:core.kmi.open.ac.uk:16386867]]></dc:identifier>
	<dc:identifier scheme="dcterms:URI"><![CDATA[http://core.kmi.open.ac.uk/download/pdf/16386867.pdf]]></dc:identifier>
	<dc:format><dcterms:medium><![CDATA[text]]></dcterms:medium></dc:format>
</ags:resource>
<ags:resource ags:ARN="GB2015403327">
	<dc:title><![CDATA[Assessing the educational needs of urban gardeners and farmers on the subject of soil contamination]]></dc:title>
	<dc:creator>
		<ags:creatorPersonal><![CDATA[Wael Suleiman]]></ags:creatorPersonal>
		<ags:creatorPersonal><![CDATA[Bassam Al-Hayek]]></ags:creatorPersonal>
		<ags:creatorPersonal><![CDATA[Moayied Assayed]]></ags:creatorPersonal>
		<ags:creatorPersonal><![CDATA[Sahar Saleim Saleh Sahar Dalahmeh]]></ags:creatorPersonal>
		<ags:creatorPersonal><![CDATA[Nisreen Al-Hmoud]]></ags:creatorPersonal>
	</dc:creator>
	<dc:identifier scheme="dcterms:URI"><![CDATA[oai:core.kmi.open.ac.uk:16386864]]></dc:identifier>
	<dc:identifier scheme="dcterms:URI"><![CDATA[http://core.kmi.open.ac.uk/download/pdf/16386864.pdf]]></dc:identifier>
	<dc:format><dcterms:medium><![CDATA[text]]></dcterms:medium></dc:format>
</ags:resource>
<ags:resource ags:ARN="GB2015403328">
	<dc:title><![CDATA[Iowa Ag Insider, August 31, 2012]]></dc:title>
	<dc:creator>
		<ags:creatorPersonal><![CDATA[Dimitris Psaltopoulos]]></ags:creatorPersonal>
		<ags:creatorPersonal><![CDATA[Eudokia. Balamou]]></ags:creatorPersonal>
	</dc:creator>
	<dc:date><dcterms:dateIssued><![CDATA[2012]]></dcterms:dateIssued></dc:date>
	<dc:identifier scheme="dcterms:URI"><![CDATA[http://core.kmi.open.ac.uk/download/pdf/16386998.pdf]]></dc:identifier>
	<dc:identifier scheme="dcterms:URI"><![CDATA[oai:core.kmi.open.ac.uk:16386998]]></dc:identifier>
	<dc:format><dcterms:medium><![CDATA[text]]></dcterms:medium></dc:format>
</ags:resource>
<ags:resource ags:ARN="GB2015403329">
	<dc:title><![CDATA[Iowa Agri-News, August 6, 2013, Vol. 14, no.16]]></dc:title>
	<dc:creator>
		<ags:creatorPersonal><![CDATA[Lee Ann Patterson]]></ags:creatorPersonal>
		<ags:creatorPersonal><![CDATA[Tim Josling]]></ags:creatorPersonal>
	</dc:creator>
	<dc:identifier scheme="dcterms:URI"><![CDATA[oai:core.kmi.open.ac.uk:16386866]]></dc:identifier>
	<dc:identifier scheme="dcterms:URI"><![CDATA[http://core.kmi.open.ac.uk/download/pdf/16386866.pdf]]></dc:identifier>
	<dc:format><dcterms:medium><![CDATA[text]]></dcterms:medium></dc:format>
</ags:resource>
<ags:resource ags:ARN="GB2015403330">
	<dc:title><![CDATA[On the Implications of Contract Farming on Agricultural and Rural Development in India : With Special Reference to Karanataka, India]]></dc:title>
	<dc:creator>
		<ags:creatorPersonal><![CDATA[Venkatanarayana Motkuri]]></ags:creatorPersonal>
		<ags:creatorPersonal><![CDATA[Suresh Naik Veslawatha]]></ags:creatorPersonal>
	</dc:creator>
	<dc:identifier scheme="dcterms:URI"><![CDATA[oai:core.kmi.open.ac.uk:16388516]]></dc:identifier>
	<dc:identifier scheme="dcterms:URI"><![CDATA[http://core.kmi.open.ac.uk/download/pdf/16388516.pdf]]></dc:identifier>
	<dc:format><dcterms:medium><![CDATA[text]]></dcterms:medium></dc:format>
</ags:resource>
<ags:resource ags:ARN="GB2015403331">
	<dc:title><![CDATA[Challenges Ahead of Ailing Indian Agriculture]]></dc:title>
	<dc:creator>
		<ags:creatorPersonal><![CDATA[Dominique van der Mensbrugghe]]></ags:creatorPersonal>
		<ags:creatorPersonal><![CDATA[Israel Osorio Rodarte]]></ags:creatorPersonal>
		<ags:creatorPersonal><![CDATA[Andrew Burns]]></ags:creatorPersonal>
		<ags:creatorPersonal><![CDATA[John Baffes]]></ags:creatorPersonal>
	</dc:creator>
	<dc:identifier scheme="dcterms:URI"><![CDATA[oai:core.kmi.open.ac.uk:16388814]]></dc:identifier>
	<dc:identifier scheme="dcterms:URI"><![CDATA[http://core.kmi.open.ac.uk/download/pdf/16388814.pdf]]></dc:identifier>
	<dc:format><dcterms:medium><![CDATA[text]]></dcterms:medium></dc:format>
</ags:resource>
<ags:resource ags:ARN="GB2015403332">
	<dc:title><![CDATA[‘Jalayagnam’ to Quench the Thirst of Farmers for Irrigation in Andhra Pradesh: Wither Regional Disparities]]></dc:title>
	<dc:creator>
		<ags:creatorPersonal><![CDATA[Venkatanarayana Motkuri]]></ags:creatorPersonal>
		<ags:creatorPersonal><![CDATA[Satyanarayana Salla]]></ags:creatorPersonal>
	</dc:creator>
	<dc:identifier scheme="dcterms:URI"><![CDATA[http://core.kmi.open.ac.uk/download/pdf/16388641.pdf]]></dc:identifier>
	<dc:identifier scheme="dcterms:URI"><![CDATA[oai:core.kmi.open.ac.uk:16388641]]></dc:identifier>
	<dc:format><dcterms:medium><![CDATA[text]]></dcterms:medium></dc:format>
</ags:resource>
<ags:resource ags:ARN="GB2015403333">
	<dc:title><![CDATA[Русская аграрная институциональная система (историко-конструктивистский анализ)]]></dc:title>
	<dc:creator>
		<ags:creatorPersonal><![CDATA[Rana Ejaz Ali Khan]]></ags:creatorPersonal>
		<ags:creatorPersonal><![CDATA[Toseef Azid]]></ags:creatorPersonal>
		<ags:creatorPersonal><![CDATA[Mohammad Usama Toseef]]></ags:creatorPersonal>
	</dc:creator>
	<dc:identifier scheme="dcterms:URI"><![CDATA[http://core.kmi.open.ac.uk/download/pdf/16389351.pdf]]></dc:identifier>
	<dc:identifier scheme="dcterms:URI"><![CDATA[oai:core.kmi.open.ac.uk:16389351]]></dc:identifier>
	<dc:format><dcterms:medium><![CDATA[text]]></dcterms:medium></dc:format>
</ags:resource>
<ags:resource ags:ARN="GB2015403334">
	<dc:title><![CDATA[Feed and Fodder Value Chains in Bihar: Some Empirical Evidences]]></dc:title>
	<dc:creator>
		<ags:creatorPersonal><![CDATA[Renato P. Colistete]]></ags:creatorPersonal>
		<ags:creatorPersonal><![CDATA[Maria Lucia Lamounier]]></ags:creatorPersonal>
	</dc:creator>
	<dc:identifier scheme="dcterms:URI"><![CDATA[oai:core.kmi.open.ac.uk:16388971]]></dc:identifier>
	<dc:identifier scheme="dcterms:URI"><![CDATA[http://core.kmi.open.ac.uk/download/pdf/16388971.pdf]]></dc:identifier>
	<dc:format><dcterms:medium><![CDATA[text]]></dcterms:medium></dc:format>
</ags:resource>
<ags:resource ags:ARN="GB2015403335">
	<dc:title><![CDATA[Revisiting Energy Consumption and GDP: Evidence from Dynamic Panel Data Analysis]]></dc:title>
	<dc:creator>
		<ags:creatorPersonal><![CDATA[Róbert Szilágyi]]></ags:creatorPersonal>
		<ags:creatorPersonal><![CDATA[Miklós Herdon]]></ags:creatorPersonal>
	</dc:creator>
	<dc:identifier scheme="dcterms:URI"><![CDATA[http://core.kmi.open.ac.uk/download/pdf/16389045.pdf]]></dc:identifier>
	<dc:identifier scheme="dcterms:URI"><![CDATA[oai:core.kmi.open.ac.uk:16389045]]></dc:identifier>
	<dc:format><dcterms:medium><![CDATA[text]]></dcterms:medium></dc:format>
</ags:resource>
<ags:resource ags:ARN="GB2015403336">
	<dc:title><![CDATA[Русская аграрная институциональная система (историко-конструктивистский анализ)]]></dc:title>
	<dc:creator>
		<ags:creatorPersonal><![CDATA[James S. Minor]]></ags:creatorPersonal>
	</dc:creator>
	<dc:identifier scheme="dcterms:URI"><![CDATA[http://core.kmi.open.ac.uk/download/pdf/16389376.pdf]]></dc:identifier>
	<dc:identifier scheme="dcterms:URI"><![CDATA[oai:core.kmi.open.ac.uk:16389376]]></dc:identifier>
	<dc:format><dcterms:medium><![CDATA[text]]></dcterms:medium></dc:format>
</ags:resource>
<ags:resource ags:ARN="GB2015403337">
	<dc:title><![CDATA[Competitiveness and determinants of coffee exports, producer price and production for Ethiopia]]></dc:title>
	<dc:creator>
		<ags:creatorPersonal><![CDATA[Gabriel Popescu]]></ags:creatorPersonal>
		<ags:creatorPersonal><![CDATA[Nicolae Istudor]]></ags:creatorPersonal>
		<ags:creatorPersonal><![CDATA[Dan Boboc]]></ags:creatorPersonal>
	</dc:creator>
	<dc:identifier scheme="dcterms:URI"><![CDATA[http://core.kmi.open.ac.uk/download/pdf/16389223.pdf]]></dc:identifier>
	<dc:identifier scheme="dcterms:URI"><![CDATA[oai:core.kmi.open.ac.uk:16389223]]></dc:identifier>
	<dc:format><dcterms:medium><![CDATA[text]]></dcterms:medium></dc:format>
</ags:resource>
<ags:resource ags:ARN="GB2015403338">
	<dc:title><![CDATA[Extension in India by Public Sector Institutions: An Overview]]></dc:title>
	<dc:creator>
		<ags:creatorPersonal><![CDATA[K.M. Singh]]></ags:creatorPersonal>
		<ags:creatorPersonal><![CDATA[M.S. Meena]]></ags:creatorPersonal>
		<ags:creatorPersonal><![CDATA[B.E. Swanson]]></ags:creatorPersonal>
	</dc:creator>
	<dc:identifier scheme="dcterms:URI"><![CDATA[http://core.kmi.open.ac.uk/download/pdf/16389372.pdf]]></dc:identifier>
	<dc:identifier scheme="dcterms:URI"><![CDATA[oai:core.kmi.open.ac.uk:16389372]]></dc:identifier>
	<dc:format><dcterms:medium><![CDATA[text]]></dcterms:medium></dc:format>
</ags:resource>
<ags:resource ags:ARN="GB2015403339">
	<dc:title><![CDATA[Politique Industrielle Contemporaine : le Problème de Dépendance en Energie et Capital Humain des Pays de l’Afrique Centrale]]></dc:title>
	<dc:creator>
		<ags:creatorPersonal><![CDATA[Christian L. NGUENA]]></ags:creatorPersonal>
		<ags:creatorPersonal><![CDATA[Carine E. MAGNE]]></ags:creatorPersonal>
	</dc:creator>
	<dc:identifier scheme="dcterms:URI"><![CDATA[oai:core.kmi.open.ac.uk:16389533]]></dc:identifier>
	<dc:identifier scheme="dcterms:URI"><![CDATA[http://core.kmi.open.ac.uk/download/pdf/16389533.pdf]]></dc:identifier>
	<dc:format><dcterms:medium><![CDATA[text]]></dcterms:medium></dc:format>
</ags:resource>
<ags:resource ags:ARN="GB2015403340">
	<dc:title><![CDATA[Fukushima nuclear disaster – implications for Japanese agriculture and food chains]]></dc:title>
	<dc:creator>
		<ags:creatorPersonal><![CDATA[Hrabrin Bachev]]></ags:creatorPersonal>
		<ags:creatorPersonal><![CDATA[Fusao Ito]]></ags:creatorPersonal>
	</dc:creator>
	<dc:identifier scheme="dcterms:URI"><![CDATA[http://core.kmi.open.ac.uk/download/pdf/16389557.pdf]]></dc:identifier>
	<dc:identifier scheme="dcterms:URI"><![CDATA[oai:core.kmi.open.ac.uk:16389557]]></dc:identifier>
	<dc:format><dcterms:medium><![CDATA[text]]></dcterms:medium></dc:format>
</ags:resource>
<ags:resource ags:ARN="GB2015403341">
	<dc:title><![CDATA[The formation of water user groups in a nexus of central directives and local administration in the Mekong Delta, Vietnam]]></dc:title>
	<dc:creator>
		<ags:creatorPersonal><![CDATA[Simon Benedikter]]></ags:creatorPersonal>
		<ags:creatorPersonal><![CDATA[Gabi Waibel]]></ags:creatorPersonal>
	</dc:creator>
	<dc:identifier scheme="dcterms:URI"><![CDATA[oai:core.kmi.open.ac.uk:16389562]]></dc:identifier>
	<dc:identifier scheme="dcterms:URI"><![CDATA[http://core.kmi.open.ac.uk/download/pdf/16389562.pdf]]></dc:identifier>
	<dc:format><dcterms:medium><![CDATA[text]]></dcterms:medium></dc:format>
</ags:resource>
<ags:resource ags:ARN="GB2015403342">
	<dc:title><![CDATA[Feed-in tariffs for promoting solar PV: progressing from dynamic to allocative efficiency]]></dc:title>
	<dc:creator>
		<ags:creatorPersonal><![CDATA[William Bell]]></ags:creatorPersonal>
		<ags:creatorPersonal><![CDATA[John Foster]]></ags:creatorPersonal>
	</dc:creator>
	<dc:identifier scheme="dcterms:URI"><![CDATA[http://core.kmi.open.ac.uk/download/pdf/16389590.pdf]]></dc:identifier>
	<dc:identifier scheme="dcterms:URI"><![CDATA[oai:core.kmi.open.ac.uk:16389590]]></dc:identifier>
	<dc:format><dcterms:medium><![CDATA[text]]></dcterms:medium></dc:format>
</ags:resource>
<ags:resource ags:ARN="GB2015403343">
	<dc:title><![CDATA[Feed-in tariffs for promoting solar PV: progressing from dynamic to allocative efficiency]]></dc:title>
	<dc:creator>
		<ags:creatorPersonal><![CDATA[William Bell]]></ags:creatorPersonal>
		<ags:creatorPersonal><![CDATA[John Foster]]></ags:creatorPersonal>
	</dc:creator>
	<dc:identifier scheme="dcterms:URI"><![CDATA[oai:core.kmi.open.ac.uk:16389592]]></dc:identifier>
	<dc:identifier scheme="dcterms:URI"><![CDATA[http://core.kmi.open.ac.uk/download/pdf/16389592.pdf]]></dc:identifier>
	<dc:format><dcterms:medium><![CDATA[text]]></dcterms:medium></dc:format>
</ags:resource>
<ags:resource ags:ARN="GB2015403344">
	<dc:title><![CDATA[Conservation Agriculture: Innovations, Constraints and Strategies for Adoption]]></dc:title>
	<dc:creator>
		<ags:creatorPersonal><![CDATA[M.S. Meena]]></ags:creatorPersonal>
		<ags:creatorPersonal><![CDATA[K.M. Singh]]></ags:creatorPersonal>
	</dc:creator>
	<dc:identifier scheme="dcterms:URI"><![CDATA[http://core.kmi.open.ac.uk/download/pdf/16389517.pdf]]></dc:identifier>
	<dc:identifier scheme="dcterms:URI"><![CDATA[oai:core.kmi.open.ac.uk:16389517]]></dc:identifier>
	<dc:format><dcterms:medium><![CDATA[text]]></dcterms:medium></dc:format>
</ags:resource>
<ags:resource ags:ARN="GB2015403345">
	<dc:title><![CDATA[Total factor productivity and Bio Economy effects]]></dc:title>
	<dc:creator>
		<ags:creatorPersonal><![CDATA[Carlos Alberto Zuniga Gonzalez]]></ags:creatorPersonal>
	</dc:creator>
	<dc:identifier scheme="dcterms:URI"><![CDATA[http://core.kmi.open.ac.uk/download/pdf/16389499.pdf]]></dc:identifier>
	<dc:identifier scheme="dcterms:URI"><![CDATA[oai:core.kmi.open.ac.uk:16389499]]></dc:identifier>
	<dc:format><dcterms:medium><![CDATA[text]]></dcterms:medium></dc:format>
</ags:resource>
<ags:resource ags:ARN="GB2015403346">
	<dc:title><![CDATA[Rapid Production of E-Learning Materials with Reusable Learning Objects: Experiences from the Global Academy for Extension Practice]]></dc:title>
	<dc:creator>
		<ags:creatorPersonal><![CDATA[M Holz-Clause]]></ags:creatorPersonal>
		<ags:creatorPersonal><![CDATA[Guntuku Dileepkumar]]></ags:creatorPersonal>
	</dc:creator>
	<dc:identifier scheme="dcterms:URI"><![CDATA[http://core.kmi.open.ac.uk/download/pdf/16393449.pdf]]></dc:identifier>
	<dc:identifier scheme="dcterms:URI"><![CDATA[oai:core.kmi.open.ac.uk:16393449]]></dc:identifier>
	<dc:format><dcterms:medium><![CDATA[text]]></dcterms:medium></dc:format>
</ags:resource>
<ags:resource ags:ARN="GB2015403347">
	<dc:title><![CDATA[Social Protection and Food Security in Sub-Saharan Africa: An Evaluation of Cash Transfer Programmes]]></dc:title>
	<dc:creator>
		<ags:creatorPersonal><![CDATA[Giorgio d'Agostino]]></ags:creatorPersonal>
		<ags:creatorPersonal><![CDATA[Luca Pieroni]]></ags:creatorPersonal>
		<ags:creatorPersonal><![CDATA[Margherita Scarlato]]></ags:creatorPersonal>
	</dc:creator>
	<dc:identifier scheme="dcterms:URI"><![CDATA[http://core.kmi.open.ac.uk/download/pdf/16389603.pdf]]></dc:identifier>
	<dc:identifier scheme="dcterms:URI"><![CDATA[oai:core.kmi.open.ac.uk:16389603]]></dc:identifier>
	<dc:format><dcterms:medium><![CDATA[text]]></dcterms:medium></dc:format>
</ags:resource>
<ags:resource ags:ARN="GB2015403348">
	<dc:title><![CDATA[Transmission of World Food Prices to Domestic Market: The Ethiopian Case]]></dc:title>
	<dc:creator>
		<ags:creatorPersonal><![CDATA[Zerihun Getachew Kelbore]]></ags:creatorPersonal>
	</dc:creator>
	<dc:identifier scheme="dcterms:URI"><![CDATA[oai:core.kmi.open.ac.uk:16389683]]></dc:identifier>
	<dc:identifier scheme="dcterms:URI"><![CDATA[http://core.kmi.open.ac.uk/download/pdf/16389683.pdf]]></dc:identifier>
	<dc:format><dcterms:medium><![CDATA[text]]></dcterms:medium></dc:format>
</ags:resource>
<ags:resource ags:ARN="GB2015403349">
	<dc:title><![CDATA[Role of Modern Science and Technologies in Agriculture for Poverty Alleviation in South Asia]]></dc:title>
	<dc:creator>
		<ags:creatorPersonal><![CDATA[- ICRISAT]]></ags:creatorPersonal>
	</dc:creator>
	<dc:identifier scheme="dcterms:URI"><![CDATA[http://core.kmi.open.ac.uk/download/pdf/16393462.pdf]]></dc:identifier>
	<dc:identifier scheme="dcterms:URI"><![CDATA[oai:core.kmi.open.ac.uk:16393462]]></dc:identifier>
	<dc:format><dcterms:medium><![CDATA[text]]></dcterms:medium></dc:format>
</ags:resource>
<ags:resource ags:ARN="GB2015403350">
	<dc:title><![CDATA[Principles and Practices for Groundnut Seed Production in India. Information Bulletin No. 94]]></dc:title>
	<dc:creator>
		<ags:creatorPersonal><![CDATA[M M Madhan]]></ags:creatorPersonal>
		<ags:creatorPersonal><![CDATA[S N Nigam]]></ags:creatorPersonal>
	</dc:creator>
	<dc:identifier scheme="dcterms:URI"><![CDATA[oai:core.kmi.open.ac.uk:16393443]]></dc:identifier>
	<dc:identifier scheme="dcterms:URI"><![CDATA[http://core.kmi.open.ac.uk/download/pdf/16393443.pdf]]></dc:identifier>
	<dc:format><dcterms:medium><![CDATA[text]]></dcterms:medium></dc:format>
</ags:resource>
<ags:resource ags:ARN="GB2015403351">
	<dc:title><![CDATA[Village Dynamics in South Asia]]></dc:title>
	<dc:creator>
		<ags:creatorPersonal><![CDATA[- ICRISAT]]></ags:creatorPersonal>
	</dc:creator>
	<dc:identifier scheme="dcterms:URI"><![CDATA[http://core.kmi.open.ac.uk/download/pdf/16393460.pdf]]></dc:identifier>
	<dc:identifier scheme="dcterms:URI"><![CDATA[oai:core.kmi.open.ac.uk:16393460]]></dc:identifier>
	<dc:format><dcterms:medium><![CDATA[text]]></dcterms:medium></dc:format>
</ags:resource>
<ags:resource ags:ARN="GB2015403352">
	<dc:title><![CDATA[Interventions and Implementation Needs for Sustainable Dryland Development]]></dc:title>
	<dc:creator>
		<ags:creatorPersonal><![CDATA[Sw]]></ags:creatorPersonal>
		<ags:creatorPersonal><![CDATA[ari Sr i Winoto]]></ags:creatorPersonal>
	</dc:creator>
	<dc:identifier scheme="dcterms:URI"><![CDATA[oai:core.kmi.open.ac.uk:16393464]]></dc:identifier>
	<dc:identifier scheme="dcterms:URI"><![CDATA[http://core.kmi.open.ac.uk/download/pdf/16393464.pdf]]></dc:identifier>
	<dc:format><dcterms:medium><![CDATA[text]]></dcterms:medium></dc:format>
</ags:resource>
<ags:resource ags:ARN="GB2015403353">
	<dc:title><![CDATA[Nurturing life in the drylands of hope A compendium of speeches and presentations by William D Dar]]></dc:title>
	<dc:creator>
		<ags:creatorPersonal><![CDATA[A A Reddy]]></ags:creatorPersonal>
	</dc:creator>
	<dc:identifier scheme="dcterms:URI"><![CDATA[http://core.kmi.open.ac.uk/download/pdf/16393472.pdf]]></dc:identifier>
	<dc:identifier scheme="dcterms:URI"><![CDATA[oai:core.kmi.open.ac.uk:16393472]]></dc:identifier>
	<dc:format><dcterms:medium><![CDATA[text]]></dcterms:medium></dc:format>
</ags:resource>
<ags:resource ags:ARN="GB2015403354">
	<dc:title><![CDATA[ICRISAT's Turnaround: Strategic Partnerships for Impact A compendium of speeches and presentations]]></dc:title>
	<dc:creator>
		<ags:creatorPersonal><![CDATA[W D Dar]]></ags:creatorPersonal>
	</dc:creator>
	<dc:identifier scheme="dcterms:URI"><![CDATA[oai:core.kmi.open.ac.uk:16393482]]></dc:identifier>
	<dc:identifier scheme="dcterms:URI"><![CDATA[http://core.kmi.open.ac.uk/download/pdf/16393482.pdf]]></dc:identifier>
	<dc:format><dcterms:medium><![CDATA[text]]></dcterms:medium></dc:format>
</ags:resource>
<ags:resource ags:ARN="GB2015403355">
	<dc:title><![CDATA[ICRISAT Moving Forward in the Service of the SAT-A Compendium of Speeches and Presentations]]></dc:title>
	<dc:creator>
		<ags:creatorPersonal><![CDATA[W D Dar]]></ags:creatorPersonal>
	</dc:creator>
	<dc:identifier scheme="dcterms:URI"><![CDATA[oai:core.kmi.open.ac.uk:16393481]]></dc:identifier>
	<dc:identifier scheme="dcterms:URI"><![CDATA[http://core.kmi.open.ac.uk/download/pdf/16393481.pdf]]></dc:identifier>
	<dc:format><dcterms:medium><![CDATA[text]]></dcterms:medium></dc:format>
</ags:resource>
<ags:resource ags:ARN="GB2015403356">
	<dc:title><![CDATA[Macro-Benefits from Micronutrients for Grey to Green Revolution in Agriculture]]></dc:title>
	<dc:creator>
		<ags:creatorPersonal><![CDATA[W D Dar]]></ags:creatorPersonal>
	</dc:creator>
	<dc:identifier scheme="dcterms:URI"><![CDATA[oai:core.kmi.open.ac.uk:16393470]]></dc:identifier>
	<dc:identifier scheme="dcterms:URI"><![CDATA[http://core.kmi.open.ac.uk/download/pdf/16393470.pdf]]></dc:identifier>
	<dc:format><dcterms:medium><![CDATA[text]]></dcterms:medium></dc:format>
</ags:resource>
<ags:resource ags:ARN="GB2015403357">
	<dc:title><![CDATA[Building a Strong ICRISAT for a Food-Secure SAT - A compendium of speeches and presentations]]></dc:title>
	<dc:creator>
		<ags:creatorPersonal><![CDATA[W D Dar]]></ags:creatorPersonal>
	</dc:creator>
	<dc:identifier scheme="dcterms:URI"><![CDATA[http://core.kmi.open.ac.uk/download/pdf/16393483.pdf]]></dc:identifier>
	<dc:identifier scheme="dcterms:URI"><![CDATA[oai:core.kmi.open.ac.uk:16393483]]></dc:identifier>
	<dc:format><dcterms:medium><![CDATA[text]]></dcterms:medium></dc:format>
</ags:resource>
<ags:resource ags:ARN="GB2015403358">
	<dc:title><![CDATA[Baseline Scenario of Rainy Season Pearl Millet Economy in Rajasthan. Working Paper Series No. 42]]></dc:title>
	<dc:creator>
		<ags:creatorPersonal><![CDATA[S M Virmani]]></ags:creatorPersonal>
		<ags:creatorPersonal><![CDATA[M R Rao]]></ags:creatorPersonal>
		<ags:creatorPersonal><![CDATA[K L Srivastava]]></ags:creatorPersonal>
	</dc:creator>
	<dc:identifier scheme="dcterms:URI"><![CDATA[http://core.kmi.open.ac.uk/download/pdf/16393493.pdf]]></dc:identifier>
	<dc:identifier scheme="dcterms:URI"><![CDATA[oai:core.kmi.open.ac.uk:16393493]]></dc:identifier>
	<dc:format><dcterms:medium><![CDATA[text]]></dcterms:medium></dc:format>
</ags:resource>
<ags:resource ags:ARN="GB2015403359">
	<dc:title><![CDATA[Baseline Scenario of Rainy Season Pearl Millet Economy in Gujarat - Working Paper Series No. 41]]></dc:title>
	<dc:creator>
		<ags:creatorPersonal><![CDATA[N Nagaraj]]></ags:creatorPersonal>
		<ags:creatorPersonal><![CDATA[N J Ardeshna]]></ags:creatorPersonal>
		<ags:creatorPersonal><![CDATA[S Haldar]]></ags:creatorPersonal>
		<ags:creatorPersonal><![CDATA[M C S Bantilan]]></ags:creatorPersonal>
		<ags:creatorPersonal><![CDATA[M G Ch]]></ags:creatorPersonal>
		<ags:creatorPersonal><![CDATA[rakanth]]></ags:creatorPersonal>
	</dc:creator>
	<dc:identifier scheme="dcterms:URI"><![CDATA[oai:core.kmi.open.ac.uk:16393494]]></dc:identifier>
	<dc:identifier scheme="dcterms:URI"><![CDATA[http://core.kmi.open.ac.uk/download/pdf/16393494.pdf]]></dc:identifier>
	<dc:format><dcterms:medium><![CDATA[text]]></dcterms:medium></dc:format>
</ags:resource>
<ags:resource ags:ARN="GB2015403360">
	<dc:title><![CDATA[BHOOCHETANA: Innovative Institutional Partnerships to Boost Productivity of Rainfed Agriculture in Karnataka, India (Research Report No. 59)]]></dc:title>
	<dc:creator>
		<ags:creatorPersonal><![CDATA[K V Raju]]></ags:creatorPersonal>
		<ags:creatorPersonal><![CDATA[S P Wani]]></ags:creatorPersonal>
		<ags:creatorPersonal><![CDATA[K H Anantha]]></ags:creatorPersonal>
	</dc:creator>
	<dc:identifier scheme="dcterms:URI"><![CDATA[http://core.kmi.open.ac.uk/download/pdf/16393506.pdf]]></dc:identifier>
	<dc:identifier scheme="dcterms:URI"><![CDATA[oai:core.kmi.open.ac.uk:16393506]]></dc:identifier>
	<dc:format><dcterms:medium><![CDATA[text]]></dcterms:medium></dc:format>
</ags:resource>
<ags:resource ags:ARN="GB2015403361">
	<dc:title><![CDATA[Partnership for Technological Empowerment and Sustainable Livelihood for Smallholder Farmers in the Rainfed Upland Ecosystems of Odisha]]></dc:title>
	<dc:creator>
		<ags:creatorPersonal><![CDATA[I Macharia]]></ags:creatorPersonal>
		<ags:creatorPersonal><![CDATA[A Orr]]></ags:creatorPersonal>
		<ags:creatorPersonal><![CDATA[F Simtowe]]></ags:creatorPersonal>
		<ags:creatorPersonal><![CDATA[S Asfaw]]></ags:creatorPersonal>
	</dc:creator>
	<dc:identifier scheme="dcterms:URI"><![CDATA[http://core.kmi.open.ac.uk/download/pdf/16393528.pdf]]></dc:identifier>
	<dc:identifier scheme="dcterms:URI"><![CDATA[oai:core.kmi.open.ac.uk:16393528]]></dc:identifier>
	<dc:format><dcterms:medium><![CDATA[text]]></dcterms:medium></dc:format>
</ags:resource>
<ags:resource ags:ARN="GB2015403362">
	<dc:title><![CDATA[The Year Changes Over but Climate Changes Us]]></dc:title>
	<dc:creator>
		<ags:creatorPersonal><![CDATA[Р.І. Сердега]]></ags:creatorPersonal>
	</dc:creator>
	<dc:identifier scheme="dcterms:URI"><![CDATA[http://core.kmi.open.ac.uk/download/pdf/16393465.pdf]]></dc:identifier>
	<dc:identifier scheme="dcterms:URI"><![CDATA[oai:core.kmi.open.ac.uk:16393465]]></dc:identifier>
	<dc:format><dcterms:medium><![CDATA[text]]></dcterms:medium></dc:format>
</ags:resource>
<ags:resource ags:ARN="GB2015403363">
	<dc:title><![CDATA[RESHAPING The national Agriculture and natural Resources R & D System : A Compendium of Speeches by Dr. William D. Dar (July 1994-June 1995)]]></dc:title>
	<dc:creator>
		<ags:creatorPersonal><![CDATA[W D Dar]]></ags:creatorPersonal>
	</dc:creator>
	<dc:identifier scheme="dcterms:URI"><![CDATA[oai:core.kmi.open.ac.uk:16393514]]></dc:identifier>
	<dc:identifier scheme="dcterms:URI"><![CDATA[http://core.kmi.open.ac.uk/download/pdf/16393514.pdf]]></dc:identifier>
	<dc:format><dcterms:medium><![CDATA[text]]></dcterms:medium></dc:format>
</ags:resource>
<ags:resource ags:ARN="GB2015403364">
	<dc:title><![CDATA[Bhoochetana: Process Documentation-A program that helped farmers come out of low productivity and poor economic status]]></dc:title>
	<dc:creator>
		<ags:creatorPersonal><![CDATA[S P Wani]]></ags:creatorPersonal>
		<ags:creatorPersonal><![CDATA[S Khanwalkar]]></ags:creatorPersonal>
		<ags:creatorPersonal><![CDATA[K Krishnappa]]></ags:creatorPersonal>
		<ags:creatorPersonal><![CDATA[K V Raju]]></ags:creatorPersonal>
		<ags:creatorPersonal><![CDATA[K V Sarvesh]]></ags:creatorPersonal>
	</dc:creator>
	<dc:identifier scheme="dcterms:URI"><![CDATA[http://core.kmi.open.ac.uk/download/pdf/16393530.pdf]]></dc:identifier>
	<dc:identifier scheme="dcterms:URI"><![CDATA[oai:core.kmi.open.ac.uk:16393530]]></dc:identifier>
	<dc:format><dcterms:medium><![CDATA[text]]></dcterms:medium></dc:format>
</ags:resource>
<ags:resource ags:ARN="GB2015403365">
	<dc:title><![CDATA[Global Agricultural Knowledge Initiative: Strengthening the Global Competence of Students, Faculty and Extension Agents]]></dc:title>
	<dc:creator>
		<ags:creatorPersonal><![CDATA[S N Nigam]]></ags:creatorPersonal>
		<ags:creatorPersonal><![CDATA[C L L Gowda]]></ags:creatorPersonal>
	</dc:creator>
	<dc:identifier scheme="dcterms:URI"><![CDATA[oai:core.kmi.open.ac.uk:16393538]]></dc:identifier>
	<dc:identifier scheme="dcterms:URI"><![CDATA[http://core.kmi.open.ac.uk/download/pdf/16393538.pdf]]></dc:identifier>
	<dc:format><dcterms:medium><![CDATA[text]]></dcterms:medium></dc:format>
</ags:resource>
<ags:resource ags:ARN="GB2015403366">
	<dc:title><![CDATA[Writing a Scientific Paper - Some Tips]]></dc:title>
	<dc:creator>
		<ags:creatorPersonal><![CDATA[W D Dar]]></ags:creatorPersonal>
	</dc:creator>
	<dc:identifier scheme="dcterms:URI"><![CDATA[http://core.kmi.open.ac.uk/download/pdf/16393565.pdf]]></dc:identifier>
	<dc:identifier scheme="dcterms:URI"><![CDATA[oai:core.kmi.open.ac.uk:16393565]]></dc:identifier>
	<dc:format><dcterms:medium><![CDATA[text]]></dcterms:medium></dc:format>
</ags:resource>
<ags:resource ags:ARN="GB2015403367">
	<dc:title><![CDATA[Historic Relics at ICRISAT Center]]></dc:title>
	<dc:creator>
		<ags:creatorPersonal><![CDATA[Phillip Kostov]]></ags:creatorPersonal>
		<ags:creatorPersonal><![CDATA[Myles Patton]]></ags:creatorPersonal>
		<ags:creatorPersonal><![CDATA[Joan Moss]]></ags:creatorPersonal>
		<ags:creatorPersonal><![CDATA[Seamus McErlean]]></ags:creatorPersonal>
	</dc:creator>
	<dc:identifier scheme="dcterms:URI"><![CDATA[http://core.kmi.open.ac.uk/download/pdf/16393541.pdf]]></dc:identifier>
	<dc:identifier scheme="dcterms:URI"><![CDATA[oai:core.kmi.open.ac.uk:16393541]]></dc:identifier>
	<dc:format><dcterms:medium><![CDATA[text]]></dcterms:medium></dc:format>
</ags:resource>
<ags:resource ags:ARN="GB2015403368">
	<dc:title><![CDATA[Open Sesame: A Value Chain Analysis of Sesame Marketing in Northern Uganda. Socioeconomics Discussion Paper Series 6]]></dc:title>
	<dc:creator>
		<ags:creatorPersonal><![CDATA[R R Das]]></ags:creatorPersonal>
		<ags:creatorPersonal><![CDATA[V Anil Kumar]]></ags:creatorPersonal>
		<ags:creatorPersonal><![CDATA[S Rakshit]]></ags:creatorPersonal>
		<ags:creatorPersonal><![CDATA[R Maraboina]]></ags:creatorPersonal>
		<ags:creatorPersonal><![CDATA[S Panwar]]></ags:creatorPersonal>
		<ags:creatorPersonal><![CDATA[S Savadia]]></ags:creatorPersonal>
		<ags:creatorPersonal><![CDATA[A Rathore]]></ags:creatorPersonal>
	</dc:creator>
	<dc:identifier scheme="dcterms:URI"><![CDATA[oai:core.kmi.open.ac.uk:16393583]]></dc:identifier>
	<dc:identifier scheme="dcterms:URI"><![CDATA[http://core.kmi.open.ac.uk/download/pdf/16393583.pdf]]></dc:identifier>
	<dc:format><dcterms:medium><![CDATA[text]]></dcterms:medium></dc:format>
</ags:resource>
<ags:resource ags:ARN="GB2015403369">
	<dc:title><![CDATA[Structure of Employment in Rural India]]></dc:title>
	<dc:creator>
		<ags:creatorPersonal><![CDATA[- ICRISAT]]></ags:creatorPersonal>
	</dc:creator>
	<dc:identifier scheme="dcterms:URI"><![CDATA[http://core.kmi.open.ac.uk/download/pdf/16393544.pdf]]></dc:identifier>
	<dc:identifier scheme="dcterms:URI"><![CDATA[oai:core.kmi.open.ac.uk:16393544]]></dc:identifier>
	<dc:format><dcterms:medium><![CDATA[text]]></dcterms:medium></dc:format>
</ags:resource>
<ags:resource ags:ARN="GB2015403370">
	<dc:title><![CDATA[Interpreting genotype by environment interaction using weather covariates]]></dc:title>
	<dc:creator>
		<ags:creatorPersonal><![CDATA[M Holz-Clause]]></ags:creatorPersonal>
		<ags:creatorPersonal><![CDATA[Guntuku Dileepkumar]]></ags:creatorPersonal>
	</dc:creator>
	<dc:identifier scheme="dcterms:URI"><![CDATA[oai:core.kmi.open.ac.uk:16393590]]></dc:identifier>
	<dc:identifier scheme="dcterms:URI"><![CDATA[http://core.kmi.open.ac.uk/download/pdf/16393590.pdf]]></dc:identifier>
	<dc:format><dcterms:medium><![CDATA[text]]></dcterms:medium></dc:format>
</ags:resource>
<ags:resource ags:ARN="GB2015403371">
	<dc:title><![CDATA[Enhancing the Productivity and Production of Pulses in India]]></dc:title>
	<dc:creator>
		<ags:creatorPersonal><![CDATA[C L L Gowda]]></ags:creatorPersonal>
		<ags:creatorPersonal><![CDATA[S Srinivasan]]></ags:creatorPersonal>
		<ags:creatorPersonal><![CDATA[P M Gaur]]></ags:creatorPersonal>
		<ags:creatorPersonal><![CDATA[K B Saxena]]></ags:creatorPersonal>
	</dc:creator>
	<dc:identifier scheme="dcterms:URI"><![CDATA[oai:core.kmi.open.ac.uk:16393588]]></dc:identifier>
	<dc:identifier scheme="dcterms:URI"><![CDATA[http://core.kmi.open.ac.uk/download/pdf/16393588.pdf]]></dc:identifier>
	<dc:format><dcterms:medium><![CDATA[text]]></dcterms:medium></dc:format>
</ags:resource>
<ags:resource ags:ARN="GB2015403372">
	<dc:title><![CDATA[Evaluation of Streptomyces spp. for their plant-growth-promotion traits in rice]]></dc:title>
	<dc:creator>
		<ags:creatorPersonal><![CDATA[S Gopalakrishnan]]></ags:creatorPersonal>
		<ags:creatorPersonal><![CDATA[S Vadlamudi]]></ags:creatorPersonal>
		<ags:creatorPersonal><![CDATA[S Apparla]]></ags:creatorPersonal>
		<ags:creatorPersonal><![CDATA[P B]]></ags:creatorPersonal>
		<ags:creatorPersonal><![CDATA[ikinda]]></ags:creatorPersonal>
		<ags:creatorPersonal><![CDATA[R Vijayabharathi]]></ags:creatorPersonal>
		<ags:creatorPersonal><![CDATA[R K Bhimineni]]></ags:creatorPersonal>
		<ags:creatorPersonal><![CDATA[Om Rupela]]></ags:creatorPersonal>
	</dc:creator>
	<dc:identifier scheme="dcterms:URI"><![CDATA[oai:core.kmi.open.ac.uk:16393553]]></dc:identifier>
	<dc:identifier scheme="dcterms:URI"><![CDATA[http://core.kmi.open.ac.uk/download/pdf/16393553.pdf]]></dc:identifier>
	<dc:format><dcterms:medium><![CDATA[text]]></dcterms:medium></dc:format>
</ags:resource>
<ags:resource ags:ARN="GB2015403373">
	<dc:title><![CDATA[An investigation of the secretions of the potato cyst nematode globodera pallida]]></dc:title>
	<dc:creator>
		<ags:creatorPersonal><![CDATA[Fadzilah Adibah Abdul Majid]]></ags:creatorPersonal>
	</dc:creator>
	<dc:identifier scheme="dcterms:URI"><![CDATA[oai:core.kmi.open.ac.uk:16411381]]></dc:identifier>
	<dc:identifier scheme="dcterms:URI"><![CDATA[http://core.kmi.open.ac.uk/download/pdf/16411381.pdf]]></dc:identifier>
	<dc:format><dcterms:medium><![CDATA[text]]></dcterms:medium></dc:format>
</ags:resource>
<ags:resource ags:ARN="GB2015403374">
	<dc:title><![CDATA[The headspace analysis of potato volatiles]]></dc:title>
	<dc:creator>
		<ags:creatorPersonal><![CDATA[M. G. Hodnett]]></ags:creatorPersonal>
		<ags:creatorPersonal><![CDATA[J. P. Bell]]></ags:creatorPersonal>
	</dc:creator>
	<dc:identifier scheme="dcterms:URI"><![CDATA[http://core.kmi.open.ac.uk/download/pdf/16411415.pdf]]></dc:identifier>
	<dc:identifier scheme="dcterms:URI"><![CDATA[oai:core.kmi.open.ac.uk:16411415]]></dc:identifier>
	<dc:format><dcterms:medium><![CDATA[text]]></dcterms:medium></dc:format>
</ags:resource>
<ags:resource ags:ARN="GB2015403375">
	<dc:title><![CDATA[Volatile potato sprout suppressant chemicals]]></dc:title>
	<dc:creator>
		<ags:creatorPersonal><![CDATA[E.D. Ford]]></ags:creatorPersonal>
	</dc:creator>
	<dc:identifier scheme="dcterms:URI"><![CDATA[oai:core.kmi.open.ac.uk:16411476]]></dc:identifier>
	<dc:identifier scheme="dcterms:URI"><![CDATA[http://core.kmi.open.ac.uk/download/pdf/16411476.pdf]]></dc:identifier>
	<dc:format><dcterms:medium><![CDATA[text]]></dcterms:medium></dc:format>
</ags:resource>
<ags:resource ags:ARN="GB2015403376">
	<dc:title><![CDATA[Parasitic gastroenteritis in calves during their first  season at grass: The potential for a performance-based targeted selective anthelmintic treatment programme]]></dc:title>
	<dc:creator>
		<ags:creatorPersonal><![CDATA[Abigail Jackson]]></ags:creatorPersonal>
	</dc:creator>
	<dc:identifier scheme="dcterms:URI"><![CDATA[oai:core.kmi.open.ac.uk:16411322]]></dc:identifier>
	<dc:identifier scheme="dcterms:URI"><![CDATA[http://core.kmi.open.ac.uk/download/pdf/16411322.pdf]]></dc:identifier>
	<dc:format><dcterms:medium><![CDATA[text]]></dcterms:medium></dc:format>
</ags:resource>
<ags:resource ags:ARN="GB2015403377">
	<dc:title><![CDATA[Evaluation of the effects of reducing crude protein content and supplementing with crystalline amino acids on growth performance and litter quality in turkey]]></dc:title>
	<dc:creator>
		<ags:creatorPersonal><![CDATA[Naser Asheen]]></ags:creatorPersonal>
	</dc:creator>
	<dc:identifier scheme="dcterms:URI"><![CDATA[oai:core.kmi.open.ac.uk:16411178]]></dc:identifier>
	<dc:identifier scheme="dcterms:URI"><![CDATA[http://core.kmi.open.ac.uk/download/pdf/16411178.pdf]]></dc:identifier>
	<dc:format><dcterms:medium><![CDATA[text]]></dcterms:medium></dc:format>
</ags:resource>
<ags:resource ags:ARN="GB2015403378">
	<dc:title><![CDATA[Calluna vulgaris regeneration on upland moorland post-wildfire.]]></dc:title>
	<dc:creator>
		<ags:creatorPersonal><![CDATA[Jaqueline Anne Gilbert]]></ags:creatorPersonal>
	</dc:creator>
	<dc:identifier scheme="dcterms:URI"><![CDATA[oai:core.kmi.open.ac.uk:16414873]]></dc:identifier>
	<dc:identifier scheme="dcterms:URI"><![CDATA[http://core.kmi.open.ac.uk/download/pdf/16414873.pdf]]></dc:identifier>
	<dc:format><dcterms:medium><![CDATA[text]]></dcterms:medium></dc:format>
</ags:resource>
<ags:resource ags:ARN="GB2015403379">
	<dc:title><![CDATA[Scénarios d'optimisation de l'utilisation des terres agricoles en milieu subsaharien : cas de l'Office du Niger au Mali]]></dc:title>
	<dc:creator>
		<ags:creatorPersonal><![CDATA[C Christen]]></ags:creatorPersonal>
		<ags:creatorPersonal><![CDATA[J M Hatt]]></ags:creatorPersonal>
	</dc:creator>
	<dc:identifier scheme="dcterms:URI"><![CDATA[http://core.kmi.open.ac.uk/download/pdf/16436918.pdf]]></dc:identifier>
	<dc:identifier scheme="dcterms:URI"><![CDATA[oai:core.kmi.open.ac.uk:16436918]]></dc:identifier>
	<dc:format><dcterms:medium><![CDATA[text]]></dcterms:medium></dc:format>
</ags:resource>
<ags:resource ags:ARN="GB2015403380">
	<dc:title><![CDATA[A Novel Technique for Identifying Environmental Outcomes from Agricultural Practices]]></dc:title>
	<dc:creator>
		<ags:creatorPersonal><![CDATA[J. Tzilivakis]]></ags:creatorPersonal>
		<ags:creatorPersonal><![CDATA[K. Lewis]]></ags:creatorPersonal>
		<ags:creatorPersonal><![CDATA[A. Green]]></ags:creatorPersonal>
		<ags:creatorPersonal><![CDATA[D. Warner]]></ags:creatorPersonal>
	</dc:creator>
	<dc:identifier scheme="dcterms:URI"><![CDATA[oai:core.kmi.open.ac.uk:1641197]]></dc:identifier>
	<dc:identifier scheme="dcterms:URI"><![CDATA[http://core.kmi.open.ac.uk/download/pdf/1641197.pdf]]></dc:identifier>
	<dc:format><dcterms:medium><![CDATA[text]]></dcterms:medium></dc:format>
</ags:resource>
<ags:resource ags:ARN="GB2015403381">
	<dc:title><![CDATA[Influences of precipitation and temperature trend on maize yields]]></dc:title>
	<dc:creator>
		<ags:creatorPersonal><![CDATA[R K Varshney]]></ags:creatorPersonal>
		<ags:creatorPersonal><![CDATA[M Roorkiwal]]></ags:creatorPersonal>
		<ags:creatorPersonal><![CDATA[T Nguyen]]></ags:creatorPersonal>
	</dc:creator>
	<dc:identifier scheme="dcterms:URI"><![CDATA[http://core.kmi.open.ac.uk/download/pdf/16415622.pdf]]></dc:identifier>
	<dc:identifier scheme="dcterms:URI"><![CDATA[oai:core.kmi.open.ac.uk:16415622]]></dc:identifier>
	<dc:format><dcterms:medium><![CDATA[text]]></dcterms:medium></dc:format>
</ags:resource>
<ags:resource ags:ARN="GB2015403382">
	<dc:title><![CDATA[KAJIAN KARAKTERISTIK MIE KERING DENGAN SUBSTITUSI BEKATUL]]></dc:title>
	<dc:creator>
		<ags:creatorPersonal><![CDATA[Tri Nugrahawati]]></ags:creatorPersonal>
	</dc:creator>
	<dc:identifier scheme="dcterms:URI"><![CDATA[oai:core.kmi.open.ac.uk:16506584]]></dc:identifier>
	<dc:identifier scheme="dcterms:URI"><![CDATA[http://core.kmi.open.ac.uk/download/pdf/16506584.pdf]]></dc:identifier>
	<dc:format><dcterms:medium><![CDATA[text]]></dcterms:medium></dc:format>
</ags:resource>
<ags:resource ags:ARN="GB2015403383">
	<dc:title><![CDATA[Les investissements agricoles étrangers : opportunités ou menace à la sécurité alimentaire des pays en voie de développement?]]></dc:title>
	<dc:creator>
		<ags:creatorPersonal><![CDATA[Gunilla Lindholm]]></ags:creatorPersonal>
	</dc:creator>
	<dc:identifier scheme="dcterms:URI"><![CDATA[oai:core.kmi.open.ac.uk:16436926]]></dc:identifier>
	<dc:identifier scheme="dcterms:URI"><![CDATA[http://core.kmi.open.ac.uk/download/pdf/16436926.pdf]]></dc:identifier>
	<dc:format><dcterms:medium><![CDATA[text]]></dcterms:medium></dc:format>
</ags:resource>
<ags:resource ags:ARN="GB2015403384">
	<dc:title><![CDATA[Produksi roti kecik di perusahaan roti ganep’s   traditional snacks Solo]]></dc:title>
	<dc:creator>
		<ags:creatorPersonal><![CDATA[H]]></ags:creatorPersonal>
		<ags:creatorPersonal><![CDATA[hi Suseno]]></ags:creatorPersonal>
	</dc:creator>
	<dc:identifier scheme="dcterms:URI"><![CDATA[oai:core.kmi.open.ac.uk:16506598]]></dc:identifier>
	<dc:identifier scheme="dcterms:URI"><![CDATA[http://core.kmi.open.ac.uk/download/pdf/16506598.pdf]]></dc:identifier>
	<dc:format><dcterms:medium><![CDATA[text]]></dcterms:medium></dc:format>
</ags:resource>
<ags:resource ags:ARN="GB2015403385">
	<dc:title><![CDATA[Proses produksi pang-pang  ( kacang atom, kacang bandung dan kacang telur )  Di UD. Bintang Walet Handika  Klaten Jawa Tengah]]></dc:title>
	<dc:creator>
		<ags:creatorPersonal><![CDATA[Desi Prihatiningsih]]></ags:creatorPersonal>
	</dc:creator>
	<dc:identifier scheme="dcterms:URI"><![CDATA[oai:core.kmi.open.ac.uk:16506603]]></dc:identifier>
	<dc:identifier scheme="dcterms:URI"><![CDATA[http://core.kmi.open.ac.uk/download/pdf/16506603.pdf]]></dc:identifier>
	<dc:format><dcterms:medium><![CDATA[text]]></dcterms:medium></dc:format>
</ags:resource>
<ags:resource ags:ARN="GB2015403386">
	<dc:title><![CDATA[Factors affecting the chemical composition of milk]]></dc:title>
	<dc:creator>
		<ags:creatorPersonal><![CDATA[Agustina Nurcahyanti]]></ags:creatorPersonal>
	</dc:creator>
	<dc:identifier scheme="dcterms:URI"><![CDATA[http://core.kmi.open.ac.uk/download/pdf/16411442.pdf]]></dc:identifier>
	<dc:identifier scheme="dcterms:URI"><![CDATA[oai:core.kmi.open.ac.uk:16411442]]></dc:identifier>
	<dc:format><dcterms:medium><![CDATA[text]]></dcterms:medium></dc:format>
</ags:resource>
<ags:resource ags:ARN="GB2015403387">
	<dc:title><![CDATA[Pengaruh  berbagai jenis beras terhadap   Aktivitas antimikrobia pada angkak   Oleh monascus purpureus]]></dc:title>
	<dc:creator>
		<ags:creatorPersonal><![CDATA[Fitri Sulistyorini]]></ags:creatorPersonal>
	</dc:creator>
	<dc:identifier scheme="dcterms:URI"><![CDATA[oai:core.kmi.open.ac.uk:16506786]]></dc:identifier>
	<dc:identifier scheme="dcterms:URI"><![CDATA[http://core.kmi.open.ac.uk/download/pdf/16506786.pdf]]></dc:identifier>
	<dc:format><dcterms:medium><![CDATA[text]]></dcterms:medium></dc:format>
</ags:resource>
<ags:resource ags:ARN="GB2015403388">
	<dc:title><![CDATA[proses produksi kacang bandung  (kacang atom, kacang telur dan pang-pang)  di UD. Bintang Walet Handika  Klaten]]></dc:title>
	<dc:creator>
		<ags:creatorPersonal><![CDATA[EKO TRI WAHYUNI]]></ags:creatorPersonal>
	</dc:creator>
	<dc:identifier scheme="dcterms:URI"><![CDATA[oai:core.kmi.open.ac.uk:16506606]]></dc:identifier>
	<dc:identifier scheme="dcterms:URI"><![CDATA[http://core.kmi.open.ac.uk/download/pdf/16506606.pdf]]></dc:identifier>
	<dc:format><dcterms:medium><![CDATA[text]]></dcterms:medium></dc:format>
</ags:resource>
<ags:resource ags:ARN="GB2015403389">
	<dc:title><![CDATA[PENGARUH PENAMBAHAN TEPUNG KORO GLINDING  (Phaseolus lunatus) TERHADAP SIFAT KIMIA DAN ORGANOLEPTIK MI  BASAH DENGAN BAHAN BAKU TEPUNG TERIGU YANG DISUBSTITUSI  TEPUNG UBI JALAR UNGU (Ipomoea batatas)]]></dc:title>
	<dc:creator>
		<ags:creatorPersonal><![CDATA[ARI WIDYAS RINI]]></ags:creatorPersonal>
	</dc:creator>
	<dc:identifier scheme="dcterms:URI"><![CDATA[oai:core.kmi.open.ac.uk:16506787]]></dc:identifier>
	<dc:identifier scheme="dcterms:URI"><![CDATA[http://core.kmi.open.ac.uk/download/pdf/16506787.pdf]]></dc:identifier>
	<dc:format><dcterms:medium><![CDATA[text]]></dcterms:medium></dc:format>
</ags:resource>
<ags:resource ags:ARN="GB2015403390">
	<dc:title><![CDATA[STUDI DIVERSITAS MAKROFAUNA TANAH DI BAWAH  BEBERAPA  TANAMAN  PALAWIJA  YANG BERBEDA  DI LAHAN KERING PADA  SAAT  MUSIM  PENGHUJAN]]></dc:title>
	<dc:creator>
		<ags:creatorPersonal><![CDATA[NUSROH ZAIDATUN]]></ags:creatorPersonal>
	</dc:creator>
	<dc:identifier scheme="dcterms:URI"><![CDATA[http://core.kmi.open.ac.uk/download/pdf/16506788.pdf]]></dc:identifier>
	<dc:identifier scheme="dcterms:URI"><![CDATA[oai:core.kmi.open.ac.uk:16506788]]></dc:identifier>
	<dc:format><dcterms:medium><![CDATA[text]]></dcterms:medium></dc:format>
</ags:resource>
<ags:resource ags:ARN="GB2015403391">
	<dc:title><![CDATA[PENGARUH KASCING DAN PUPUK ANORGANIK TERHADAP  EFISIENSI SERAPAN  P DAN HASIL  JAGUNG MANIS (Zea mays  saccharata Sturt) PADA ALFISOLS JUMANTONO]]></dc:title>
	<dc:creator>
		<ags:creatorPersonal><![CDATA[Nurul Syarifah Al Amin]]></ags:creatorPersonal>
	</dc:creator>
	<dc:identifier scheme="dcterms:URI"><![CDATA[oai:core.kmi.open.ac.uk:16506789]]></dc:identifier>
	<dc:identifier scheme="dcterms:URI"><![CDATA[http://core.kmi.open.ac.uk/download/pdf/16506789.pdf]]></dc:identifier>
	<dc:format><dcterms:medium><![CDATA[text]]></dcterms:medium></dc:format>
</ags:resource>
<ags:resource ags:ARN="GB2015403392">
	<dc:title><![CDATA[KINETIKA FERMENTASI PADA TEH KOMBUCHA   DENGAN VARIASI JENIS TEH BERDASARKAN PENGOLAHANNYA]]></dc:title>
	<dc:creator>
		<ags:creatorPersonal><![CDATA[MINANG ARDHENIATI]]></ags:creatorPersonal>
	</dc:creator>
	<dc:identifier scheme="dcterms:URI"><![CDATA[http://core.kmi.open.ac.uk/download/pdf/16506790.pdf]]></dc:identifier>
	<dc:identifier scheme="dcterms:URI"><![CDATA[oai:core.kmi.open.ac.uk:16506790]]></dc:identifier>
	<dc:format><dcterms:medium><![CDATA[text]]></dcterms:medium></dc:format>
</ags:resource>
<ags:resource ags:ARN="GB2015403393">
	<dc:title><![CDATA[PENGARUH PENGGUNAAN EKSTRAK JERUK NIPIS  (Citrus aurantifolia Swingle) TERHADAP RESIDU NITRIT   DAGING CURING SELAMA PROSES CURING]]></dc:title>
	<dc:creator>
		<ags:creatorPersonal><![CDATA[Dyah Ermawati]]></ags:creatorPersonal>
	</dc:creator>
	<dc:identifier scheme="dcterms:URI"><![CDATA[http://core.kmi.open.ac.uk/download/pdf/16506791.pdf]]></dc:identifier>
	<dc:identifier scheme="dcterms:URI"><![CDATA[oai:core.kmi.open.ac.uk:16506791]]></dc:identifier>
	<dc:format><dcterms:medium><![CDATA[text]]></dcterms:medium></dc:format>
</ags:resource>
<ags:resource ags:ARN="GB2015403394">
	<dc:title><![CDATA[Small scale farmers in the market and the role of processing and marketing cooperatives: a case study of Italian dairy farmers]]></dc:title>
	<dc:creator>
		<ags:creatorPersonal><![CDATA[Chiara Cazzuffi]]></ags:creatorPersonal>
	</dc:creator>
	<dc:identifier scheme="dcterms:URI"><![CDATA[oai:core.kmi.open.ac.uk:16413354]]></dc:identifier>
	<dc:identifier scheme="dcterms:URI"><![CDATA[http://core.kmi.open.ac.uk/download/pdf/16413354.pdf]]></dc:identifier>
	<dc:format><dcterms:medium><![CDATA[text]]></dcterms:medium></dc:format>
</ags:resource>
<ags:resource ags:ARN="GB2015403395">
	<dc:title><![CDATA[KAJIAN PENGGUNAAN SUSU KEDELAI SEBAGAI SUBSTITUSI SUSU  SAPI TERHADAP SIFAT ES KRIM UBI JALAR (Ipomoea batatas)]]></dc:title>
	<dc:creator>
		<ags:creatorPersonal><![CDATA[Dewi Pamungkasari]]></ags:creatorPersonal>
	</dc:creator>
	<dc:identifier scheme="dcterms:URI"><![CDATA[oai:core.kmi.open.ac.uk:16506793]]></dc:identifier>
	<dc:identifier scheme="dcterms:URI"><![CDATA[http://core.kmi.open.ac.uk/download/pdf/16506793.pdf]]></dc:identifier>
	<dc:format><dcterms:medium><![CDATA[text]]></dcterms:medium></dc:format>
</ags:resource>
<ags:resource ags:ARN="GB2015403396">
	<dc:title><![CDATA[EFISIENSI SERAPAN  P DAN K SERTA HASIL TANAMAN  PADI (Oryza sativa L.) PADA BERBAGAI IMBANGAN PUPUK  KANDANG PUYUH DAN PUPUK ANORGANIK DI LAHAN  SAWAH PALUR SUKOHARJO]]></dc:title>
	<dc:creator>
		<ags:creatorPersonal><![CDATA[Haries Kuncoro]]></ags:creatorPersonal>
	</dc:creator>
	<dc:identifier scheme="dcterms:URI"><![CDATA[http://core.kmi.open.ac.uk/download/pdf/16506794.pdf]]></dc:identifier>
	<dc:identifier scheme="dcterms:URI"><![CDATA[oai:core.kmi.open.ac.uk:16506794]]></dc:identifier>
	<dc:format><dcterms:medium><![CDATA[text]]></dcterms:medium></dc:format>
</ags:resource>
<ags:resource ags:ARN="GB2015403397">
	<dc:title><![CDATA[KAJIAN PENAMBAHAN ISOLAT BAKTERI INDIGENOUS SAMPAH  KOTA TERHADAP KUALITAS KOMPOS DARI BERBAGAI IMBANGAN  SERESAH KACANG TANAH ( Arachis hypogaea ) DAN   JERAMI PADI ( Oryza sativa. L)]]></dc:title>
	<dc:creator>
		<ags:creatorPersonal><![CDATA[MARLIA PANGESTUTI]]></ags:creatorPersonal>
	</dc:creator>
	<dc:identifier scheme="dcterms:URI"><![CDATA[http://core.kmi.open.ac.uk/download/pdf/16506795.pdf]]></dc:identifier>
	<dc:identifier scheme="dcterms:URI"><![CDATA[oai:core.kmi.open.ac.uk:16506795]]></dc:identifier>
	<dc:format><dcterms:medium><![CDATA[text]]></dcterms:medium></dc:format>
</ags:resource>
<ags:resource ags:ARN="GB2015403398">
	<dc:title><![CDATA[IDENTIFIKASI KOMODITI PERTANIAN UNGGULAN  DI KABUPATEN SEMARANG]]></dc:title>
	<dc:creator>
		<ags:creatorPersonal><![CDATA[Paramita Hapsari]]></ags:creatorPersonal>
	</dc:creator>
	<dc:identifier scheme="dcterms:URI"><![CDATA[oai:core.kmi.open.ac.uk:16506798]]></dc:identifier>
	<dc:identifier scheme="dcterms:URI"><![CDATA[http://core.kmi.open.ac.uk/download/pdf/16506798.pdf]]></dc:identifier>
	<dc:format><dcterms:medium><![CDATA[text]]></dcterms:medium></dc:format>
</ags:resource>
<ags:resource ags:ARN="GB2015403399">
	<dc:title><![CDATA[KAJIAN KARAKTERISTIK OLEORESIN JAHE  BERDASARKAN UKURAN DAN LAMA PERENDAMAN  SERBUK JAHE DALAM ETANOL]]></dc:title>
	<dc:creator>
		<ags:creatorPersonal><![CDATA[Muh Irfan Fakhrudin]]></ags:creatorPersonal>
	</dc:creator>
	<dc:identifier scheme="dcterms:URI"><![CDATA[http://core.kmi.open.ac.uk/download/pdf/16506796.pdf]]></dc:identifier>
	<dc:identifier scheme="dcterms:URI"><![CDATA[oai:core.kmi.open.ac.uk:16506796]]></dc:identifier>
	<dc:format><dcterms:medium><![CDATA[text]]></dcterms:medium></dc:format>
</ags:resource>
</ags:resources>