<?xml version="1.0" encoding="UTF-8"?>
<!DOCTYPE ags:resources SYSTEM "http://purl.org/agmes/agrisap/dtd/">
<ags:resources xmlns:ags="http://purl.org/agmes/1.1/" xmlns:dc="http://purl.org/dc/elements/1.1/" xmlns:agls="http://www.naa.gov.au/recordkeeping/gov_online/agls/1.2" xmlns:dcterms="http://purl.org/dc/terms/">
<ags:resource ags:ARN="GB2015403200">
	<dc:title><![CDATA[ANALISIS PERMINTAAN JERUK LOKAL (Citrus sp) DI KABUPATEN SLEMAN]]></dc:title>
	<dc:creator>
		<ags:creatorPersonal><![CDATA[Yeni Kusuma Dewi]]></ags:creatorPersonal>
	</dc:creator>
	<dc:identifier scheme="dcterms:URI"><![CDATA[http://core.kmi.open.ac.uk/download/pdf/12351971.pdf]]></dc:identifier>
	<dc:identifier scheme="dcterms:URI"><![CDATA[oai:core.kmi.open.ac.uk:12351971]]></dc:identifier>
	<dc:format><dcterms:medium><![CDATA[text]]></dcterms:medium></dc:format>
</ags:resource>
<ags:resource ags:ARN="GB2015403201">
	<dc:title><![CDATA[SIKAP KONSUMEN PASAR SWALAYAN TERHADAP SAWI CAISIM ORGANIK   DI KOTA SURAKARTA]]></dc:title>
	<dc:creator>
		<ags:creatorPersonal><![CDATA[GEBRIYAN ISABELLA SEBAYANG]]></ags:creatorPersonal>
	</dc:creator>
	<dc:identifier scheme="dcterms:URI"><![CDATA[http://core.kmi.open.ac.uk/download/pdf/12351874.pdf]]></dc:identifier>
	<dc:identifier scheme="dcterms:URI"><![CDATA[oai:core.kmi.open.ac.uk:12351874]]></dc:identifier>
	<dc:format><dcterms:medium><![CDATA[text]]></dcterms:medium></dc:format>
</ags:resource>
<ags:resource ags:ARN="GB2015403202">
	<dc:title><![CDATA[STUDI XENIA PADA PERSILANGAN BUAH NAGA PUTIH (Hylocereus undatus) DENGAN  BUAH NAGA KUNING (Selenicereus megalanthus)]]></dc:title>
	<dc:creator>
		<ags:creatorPersonal><![CDATA[A. Melinda Parada Siamanama]]></ags:creatorPersonal>
	</dc:creator>
	<dc:identifier scheme="dcterms:URI"><![CDATA[http://core.kmi.open.ac.uk/download/pdf/12351916.pdf]]></dc:identifier>
	<dc:identifier scheme="dcterms:URI"><![CDATA[oai:core.kmi.open.ac.uk:12351916]]></dc:identifier>
	<dc:format><dcterms:medium><![CDATA[text]]></dcterms:medium></dc:format>
</ags:resource>
<ags:resource ags:ARN="GB2015403203">
	<dc:title><![CDATA[STRATEGI PENGEMBANGAN KOMODITAS PERKEBUNAN DI KABUPATEN MUSI RAWAS PROVINSI SUMATERA SELATAN (PENDEKATAN TIPOLOGI KLASSEN)]]></dc:title>
	<dc:creator>
		<ags:creatorPersonal><![CDATA[Rahmalia Ratna Lestari]]></ags:creatorPersonal>
	</dc:creator>
	<dc:identifier scheme="dcterms:URI"><![CDATA[oai:core.kmi.open.ac.uk:12352041]]></dc:identifier>
	<dc:identifier scheme="dcterms:URI"><![CDATA[http://core.kmi.open.ac.uk/download/pdf/12352041.pdf]]></dc:identifier>
	<dc:format><dcterms:medium><![CDATA[text]]></dcterms:medium></dc:format>
</ags:resource>
<ags:resource ags:ARN="GB2015403204">
	<dc:title><![CDATA[TINGKAT PARTISIPASI MASYARAKAT  DESA MISKIN DALAM KEGIATAN  SIMPAN PINJAM KHUSUS UNTUK PEREMPUAN  DI KECAMATAN BENDOSARI   KABUPATEN SUKOHARJO]]></dc:title>
	<dc:creator>
		<ags:creatorPersonal><![CDATA[Azis Turindra Prasetyo]]></ags:creatorPersonal>
	</dc:creator>
	<dc:identifier scheme="dcterms:URI"><![CDATA[http://core.kmi.open.ac.uk/download/pdf/12352024.pdf]]></dc:identifier>
	<dc:identifier scheme="dcterms:URI"><![CDATA[oai:core.kmi.open.ac.uk:12352024]]></dc:identifier>
	<dc:format><dcterms:medium><![CDATA[text]]></dcterms:medium></dc:format>
</ags:resource>
<ags:resource ags:ARN="GB2015403205">
	<dc:title><![CDATA[SOSIALISASI PROGRAM GERAKAN PENGEMBANGANKAWASAN  AGROPOLITAN (GPKA) KEPADA PETANI   DI KABUPATEN BOYOLALI]]></dc:title>
	<dc:creator>
		<ags:creatorPersonal><![CDATA[Yanuarti Hapsari]]></ags:creatorPersonal>
	</dc:creator>
	<dc:identifier scheme="dcterms:URI"><![CDATA[oai:core.kmi.open.ac.uk:12352244]]></dc:identifier>
	<dc:identifier scheme="dcterms:URI"><![CDATA[http://core.kmi.open.ac.uk/download/pdf/12352244.pdf]]></dc:identifier>
	<dc:format><dcterms:medium><![CDATA[text]]></dcterms:medium></dc:format>
</ags:resource>
<ags:resource ags:ARN="GB2015403206">
	<dc:title><![CDATA[KARAKTERISTIK FISIKOKIMIA DAN SENSORIS SNACK BARS TEMPE DENGAN PENAMBAHAN SALAK PONDOH KERING]]></dc:title>
	<dc:creator>
		<ags:creatorPersonal><![CDATA[Inna Pradipta]]></ags:creatorPersonal>
	</dc:creator>
	<dc:identifier scheme="dcterms:URI"><![CDATA[http://core.kmi.open.ac.uk/download/pdf/12352156.pdf]]></dc:identifier>
	<dc:identifier scheme="dcterms:URI"><![CDATA[oai:core.kmi.open.ac.uk:12352156]]></dc:identifier>
	<dc:format><dcterms:medium><![CDATA[text]]></dcterms:medium></dc:format>
</ags:resource>
<ags:resource ags:ARN="GB2015403207">
	<dc:title><![CDATA[HUBUNGAN ANTARA UKURAN EKSTERIOR TUBUH  TERHADAP BOBOT BADAN PADA SAPI   PERANAKAN ONGOLE (PO) JANTAN]]></dc:title>
	<dc:creator>
		<ags:creatorPersonal><![CDATA[Mim Surya Alam Mansyur]]></ags:creatorPersonal>
	</dc:creator>
	<dc:identifier scheme="dcterms:URI"><![CDATA[http://core.kmi.open.ac.uk/download/pdf/12352043.pdf]]></dc:identifier>
	<dc:identifier scheme="dcterms:URI"><![CDATA[oai:core.kmi.open.ac.uk:12352043]]></dc:identifier>
	<dc:format><dcterms:medium><![CDATA[text]]></dcterms:medium></dc:format>
</ags:resource>
<ags:resource ags:ARN="GB2015403208">
	<dc:title><![CDATA[PENGARUH PENGGUNAAN MENIR KEDELAI, TEPUNG IKAN DAN BUNGKIL KELAPA SAWIT TERPROTEKSI TERHADAP pH, KONSENTRASI NH3, VFA DAN PROTEIN MIKROBA RUMEN SAPI PERANAKAN ONGOLE BERFISTULA]]></dc:title>
	<dc:creator>
		<ags:creatorPersonal><![CDATA[Vivi Ahsani Lukito]]></ags:creatorPersonal>
	</dc:creator>
	<dc:identifier scheme="dcterms:URI"><![CDATA[oai:core.kmi.open.ac.uk:12352255]]></dc:identifier>
	<dc:identifier scheme="dcterms:URI"><![CDATA[http://core.kmi.open.ac.uk/download/pdf/12352255.pdf]]></dc:identifier>
	<dc:format><dcterms:medium><![CDATA[text]]></dcterms:medium></dc:format>
</ags:resource>
<ags:resource ags:ARN="GB2015403209">
	<dc:title><![CDATA[KUALITAS SENSORIS DAN PENGHAMBATAN KONTAMINASI INSEKTA BERAS ORGANIK MENTIKWANGI DENGAN BERBAGAI JENIS  PENGEMAS SELAMA PENYIMPANAN]]></dc:title>
	<dc:creator>
		<ags:creatorPersonal><![CDATA[Tri Utami Wulan Pertiwi]]></ags:creatorPersonal>
	</dc:creator>
	<dc:identifier scheme="dcterms:URI"><![CDATA[oai:core.kmi.open.ac.uk:12352060]]></dc:identifier>
	<dc:identifier scheme="dcterms:URI"><![CDATA[http://core.kmi.open.ac.uk/download/pdf/12352060.pdf]]></dc:identifier>
	<dc:format><dcterms:medium><![CDATA[text]]></dcterms:medium></dc:format>
</ags:resource>
<ags:resource ags:ARN="GB2015403210">
	<dc:title><![CDATA[PENGARUH DOSIS PUPUK ORGANIK DAN POPULASI TANAMAN TERHADAP PERTUMBUHAN SERTA HASIL TUMPANGSARI KEDELAI (Glycine max L.) DAN JAGUNG (Zea mays L.)]]></dc:title>
	<dc:creator>
		<ags:creatorPersonal><![CDATA[TRI RETNO INDRIATI]]></ags:creatorPersonal>
	</dc:creator>
	<dc:identifier scheme="dcterms:URI"><![CDATA[http://core.kmi.open.ac.uk/download/pdf/12352076.pdf]]></dc:identifier>
	<dc:identifier scheme="dcterms:URI"><![CDATA[oai:core.kmi.open.ac.uk:12352076]]></dc:identifier>
	<dc:format><dcterms:medium><![CDATA[text]]></dcterms:medium></dc:format>
</ags:resource>
<ags:resource ags:ARN="GB2015403211">
	<dc:title><![CDATA[ANALISIS USAHA  INDUSTRI KARAK SKALA RUMAH TANGGA  DI KABUPATEN SUKOHARJO]]></dc:title>
	<dc:creator>
		<ags:creatorPersonal><![CDATA[Rahardian Pur Pratama]]></ags:creatorPersonal>
	</dc:creator>
	<dc:identifier scheme="dcterms:URI"><![CDATA[oai:core.kmi.open.ac.uk:12352274]]></dc:identifier>
	<dc:identifier scheme="dcterms:URI"><![CDATA[http://core.kmi.open.ac.uk/download/pdf/12352274.pdf]]></dc:identifier>
	<dc:format><dcterms:medium><![CDATA[text]]></dcterms:medium></dc:format>
</ags:resource>
<ags:resource ags:ARN="GB2015403212">
	<dc:title><![CDATA[DI PT. INDOFOOD SUKSES MAKMUR Tbk SEMARANG ­ JAWA TENGAH (PENGENDALIAN MUTU MIE INSTAN)]]></dc:title>
	<dc:creator>
		<ags:creatorPersonal><![CDATA[Teresia Ismianik]]></ags:creatorPersonal>
	</dc:creator>
	<dc:identifier scheme="dcterms:URI"><![CDATA[http://core.kmi.open.ac.uk/download/pdf/12352326.pdf]]></dc:identifier>
	<dc:identifier scheme="dcterms:URI"><![CDATA[oai:core.kmi.open.ac.uk:12352326]]></dc:identifier>
	<dc:format><dcterms:medium><![CDATA[text]]></dcterms:medium></dc:format>
</ags:resource>
<ags:resource ags:ARN="GB2015403213">
	<dc:title><![CDATA[FAKTOR-FAKTOR YANG MEMPENGARUHI KECEPATAN ADOPSI  INOVASI PERTANIAN DI KALANGAN PETANI DIKECAMATAN GATAK KABUPATENSUKOHARJO]]></dc:title>
	<dc:creator>
		<ags:creatorPersonal><![CDATA[Yos Wahyu Harinta]]></ags:creatorPersonal>
	</dc:creator>
	<dc:identifier scheme="dcterms:URI"><![CDATA[http://core.kmi.open.ac.uk/download/pdf/12352300.pdf]]></dc:identifier>
	<dc:identifier scheme="dcterms:URI"><![CDATA[oai:core.kmi.open.ac.uk:12352300]]></dc:identifier>
	<dc:format><dcterms:medium><![CDATA[text]]></dcterms:medium></dc:format>
</ags:resource>
<ags:resource ags:ARN="GB2015403214">
	<dc:title><![CDATA[KAJIAN AKTIVITAS ANTIOKSIDAN, SERAT PANGAN,DAN  KADAR AMILOSA PADA NASI YANG DISUBSTITUSI DENGAN  UBI JALAR (Ipomoea batatas L.) SEBAGAI  BAHAN MAKANAN POKOK]]></dc:title>
	<dc:creator>
		<ags:creatorPersonal><![CDATA[Eti Susilowati]]></ags:creatorPersonal>
	</dc:creator>
	<dc:identifier scheme="dcterms:URI"><![CDATA[http://core.kmi.open.ac.uk/download/pdf/12352299.pdf]]></dc:identifier>
	<dc:identifier scheme="dcterms:URI"><![CDATA[oai:core.kmi.open.ac.uk:12352299]]></dc:identifier>
	<dc:format><dcterms:medium><![CDATA[text]]></dcterms:medium></dc:format>
</ags:resource>
<ags:resource ags:ARN="GB2015403215">
	<dc:title><![CDATA[PERKEBUNAN TEH KEMUNING DAN DAMPAKNYA  TERHADAP MASYARAKAT LOKAL  TAHUN 1945-1965]]></dc:title>
	<dc:creator>
		<ags:creatorPersonal><![CDATA[ARIF RAHMAT]]></ags:creatorPersonal>
	</dc:creator>
	<dc:identifier scheme="dcterms:URI"><![CDATA[oai:core.kmi.open.ac.uk:12352305]]></dc:identifier>
	<dc:identifier scheme="dcterms:URI"><![CDATA[http://core.kmi.open.ac.uk/download/pdf/12352305.pdf]]></dc:identifier>
	<dc:format><dcterms:medium><![CDATA[text]]></dcterms:medium></dc:format>
</ags:resource>
<ags:resource ags:ARN="GB2015403216">
	<dc:title><![CDATA[PENGARUH PENGUKUSAN DEDAK PADI DAN SUPLEMENTASI  ANALOG HIDROKSI METIONINDALAM RANSUM  TERHADAP RETENSI NITROGEN DAN  RASIO EFISIENSI PROTEIN  DOMBA LOKAL JANTAN]]></dc:title>
	<dc:creator>
		<ags:creatorPersonal><![CDATA[ERI LESTIANTO]]></ags:creatorPersonal>
	</dc:creator>
	<dc:identifier scheme="dcterms:URI"><![CDATA[http://core.kmi.open.ac.uk/download/pdf/12352333.pdf]]></dc:identifier>
	<dc:identifier scheme="dcterms:URI"><![CDATA[oai:core.kmi.open.ac.uk:12352333]]></dc:identifier>
	<dc:format><dcterms:medium><![CDATA[text]]></dcterms:medium></dc:format>
</ags:resource>
<ags:resource ags:ARN="GB2015403217">
	<dc:title><![CDATA[ANALISIS USAHA PEMBUATAN JENANG KUDUS PADA INDUSTRI “ PJ. MURIA“ DI KABUPATEN KUDUS]]></dc:title>
	<dc:creator>
		<ags:creatorPersonal><![CDATA[Eky Wahyu Hidayat]]></ags:creatorPersonal>
	</dc:creator>
	<dc:identifier scheme="dcterms:URI"><![CDATA[http://core.kmi.open.ac.uk/download/pdf/12352356.pdf]]></dc:identifier>
	<dc:identifier scheme="dcterms:URI"><![CDATA[oai:core.kmi.open.ac.uk:12352356]]></dc:identifier>
	<dc:format><dcterms:medium><![CDATA[text]]></dcterms:medium></dc:format>
</ags:resource>
<ags:resource ags:ARN="GB2015403218">
	<dc:title><![CDATA[Analisis Pengembangan Komoditas Unggulan Utama Hortikultura Dikawasan Agropolitan Ciwidey, Kabupaten Bandung]]></dc:title>
	<dc:creator>
		<ags:creatorPersonal><![CDATA[Asti Andayani]]></ags:creatorPersonal>
	</dc:creator>
	<dc:identifier scheme="dcterms:URI"><![CDATA[oai:core.kmi.open.ac.uk:12353501]]></dc:identifier>
	<dc:identifier scheme="dcterms:URI"><![CDATA[http://core.kmi.open.ac.uk/download/pdf/12353501.pdf]]></dc:identifier>
	<dc:format><dcterms:medium><![CDATA[text]]></dcterms:medium></dc:format>
</ags:resource>
<ags:resource ags:ARN="GB2015403219">
	<dc:title><![CDATA[ANALISIS USAHA PENANGKAPAN IKAN LAUT  DENGAN ALAT TANGKAP PANCING PRAWAI DASAR  (BOTTOM LONG LINE)  OLEH NELAYAN DARI KABUPATEN BATANG]]></dc:title>
	<dc:creator>
		<ags:creatorPersonal><![CDATA[USWATUN KHASANAH]]></ags:creatorPersonal>
	</dc:creator>
	<dc:identifier scheme="dcterms:URI"><![CDATA[oai:core.kmi.open.ac.uk:12352358]]></dc:identifier>
	<dc:identifier scheme="dcterms:URI"><![CDATA[http://core.kmi.open.ac.uk/download/pdf/12352358.pdf]]></dc:identifier>
	<dc:format><dcterms:medium><![CDATA[text]]></dcterms:medium></dc:format>
</ags:resource>
<ags:resource ags:ARN="GB2015403220">
	<dc:title><![CDATA[PENGARUH PENGGUNAAN MINYAK IKAN LEMURU, MINYAK KELAPA  SAWIT, DAN BUNGKIL KELAPA SAWIT TERPROTEKSI TERHADAP  KECERNAAN BAHAN KERING, BAHAN ORGANIK, PROTEIN,  pH DAN NH3 CAIRAN RUMEN SAPI PO BERFISTULA]]></dc:title>
	<dc:creator>
		<ags:creatorPersonal><![CDATA[CATUR SUCI PURWATI]]></ags:creatorPersonal>
	</dc:creator>
	<dc:identifier scheme="dcterms:URI"><![CDATA[oai:core.kmi.open.ac.uk:12352357]]></dc:identifier>
	<dc:identifier scheme="dcterms:URI"><![CDATA[http://core.kmi.open.ac.uk/download/pdf/12352357.pdf]]></dc:identifier>
	<dc:format><dcterms:medium><![CDATA[text]]></dcterms:medium></dc:format>
</ags:resource>
<ags:resource ags:ARN="GB2015403221">
	<dc:title><![CDATA[Formulasi strategi teknologi agroindustri kelapa (cocos nucifera l.) di kabupaten halmahera utara]]></dc:title>
	<dc:creator>
		<ags:creatorPersonal><![CDATA[Eszter Vozáry]]></ags:creatorPersonal>
		<ags:creatorPersonal><![CDATA[Péter László]]></ags:creatorPersonal>
		<ags:creatorPersonal><![CDATA[Péter Mészáros]]></ags:creatorPersonal>
		<ags:creatorPersonal><![CDATA[János Zana]]></ags:creatorPersonal>
	</dc:creator>
	<dc:identifier scheme="dcterms:URI"><![CDATA[http://core.kmi.open.ac.uk/download/pdf/12353502.pdf]]></dc:identifier>
	<dc:identifier scheme="dcterms:URI"><![CDATA[oai:core.kmi.open.ac.uk:12353502]]></dc:identifier>
	<dc:format><dcterms:medium><![CDATA[text]]></dcterms:medium></dc:format>
</ags:resource>
<ags:resource ags:ARN="GB2015403222">
	<dc:title><![CDATA[Evaluasi Tingkat Kepuasan Kerja Penyuluh Pertanian Lapangan Pada Dinas Pertanian Tanaman Pangan dan Hortikultura di Kabupaten Lahat Propinsi Sumatera Selatan]]></dc:title>
	<dc:creator>
		<ags:creatorPersonal><![CDATA[Ahmad Ahmad Firdaus]]></ags:creatorPersonal>
	</dc:creator>
	<dc:identifier scheme="dcterms:URI"><![CDATA[http://core.kmi.open.ac.uk/download/pdf/12353507.pdf]]></dc:identifier>
	<dc:identifier scheme="dcterms:URI"><![CDATA[oai:core.kmi.open.ac.uk:12353507]]></dc:identifier>
	<dc:format><dcterms:medium><![CDATA[text]]></dcterms:medium></dc:format>
</ags:resource>
<ags:resource ags:ARN="GB2015403223">
	<dc:title><![CDATA[Az agrárkereskedelem változása Magyarország és az Európai Unió között a csatlakozás után (The post-accession change in agricultural trading between Hungary and the EU)]]></dc:title>
	<dc:creator>
		<ags:creatorPersonal><![CDATA[M C S Bantilan]]></ags:creatorPersonal>
		<ags:creatorPersonal><![CDATA[D Kumara Charyulu]]></ags:creatorPersonal>
		<ags:creatorPersonal><![CDATA[K P C Rao]]></ags:creatorPersonal>
		<ags:creatorPersonal><![CDATA[Xavier Gine]]></ags:creatorPersonal>
		<ags:creatorPersonal><![CDATA[Larson Donald]]></ags:creatorPersonal>
	</dc:creator>
	<dc:identifier scheme="dcterms:URI"><![CDATA[http://core.kmi.open.ac.uk/download/pdf/12355138.pdf]]></dc:identifier>
	<dc:identifier scheme="dcterms:URI"><![CDATA[oai:core.kmi.open.ac.uk:12355138]]></dc:identifier>
	<dc:format><dcterms:medium><![CDATA[text]]></dcterms:medium></dc:format>
</ags:resource>
<ags:resource ags:ARN="GB2015403224">
	<dc:title><![CDATA[A hazai agrárkereskedelem specializációjának változása Magyarország és az Európai Unió között a csatlakozás után]]></dc:title>
	<dc:creator>
		<ags:creatorPersonal><![CDATA[Attila Jámbor]]></ags:creatorPersonal>
	</dc:creator>
	<dc:identifier scheme="dcterms:URI"><![CDATA[http://core.kmi.open.ac.uk/download/pdf/12355139.pdf]]></dc:identifier>
	<dc:identifier scheme="dcterms:URI"><![CDATA[oai:core.kmi.open.ac.uk:12355139]]></dc:identifier>
	<dc:format><dcterms:medium><![CDATA[text]]></dcterms:medium></dc:format>
</ags:resource>
<ags:resource ags:ARN="GB2015403225">
	<dc:title><![CDATA[Impacts of EU Accession on Hungarian Primary and Processed Agricultural Trade]]></dc:title>
	<dc:creator>
		<ags:creatorPersonal><![CDATA[Attila Jámbor]]></ags:creatorPersonal>
	</dc:creator>
	<dc:identifier scheme="dcterms:URI"><![CDATA[http://core.kmi.open.ac.uk/download/pdf/12355140.pdf]]></dc:identifier>
	<dc:identifier scheme="dcterms:URI"><![CDATA[oai:core.kmi.open.ac.uk:12355140]]></dc:identifier>
	<dc:format><dcterms:medium><![CDATA[text]]></dcterms:medium></dc:format>
</ags:resource>
<ags:resource ags:ARN="GB2015403226">
	<dc:title><![CDATA[The competitiveness of fruit spirits of New Member States in terms of protected denomination of origin]]></dc:title>
	<dc:creator>
		<ags:creatorPersonal><![CDATA[Attila Jámbor]]></ags:creatorPersonal>
		<ags:creatorPersonal><![CDATA[Áron Török]]></ags:creatorPersonal>
	</dc:creator>
	<dc:identifier scheme="dcterms:URI"><![CDATA[oai:core.kmi.open.ac.uk:12355144]]></dc:identifier>
	<dc:identifier scheme="dcterms:URI"><![CDATA[http://core.kmi.open.ac.uk/download/pdf/12355144.pdf]]></dc:identifier>
	<dc:format><dcterms:medium><![CDATA[text]]></dcterms:medium></dc:format>
</ags:resource>
<ags:resource ags:ARN="GB2015403227">
	<dc:title><![CDATA[A gabonaszállítási piac színe és visszája Magyarországon (The pros and contras of the Hungarian cereals transportation market)]]></dc:title>
	<dc:creator>
		<ags:creatorPersonal><![CDATA[Yullie  Akhiril Izzati]]></ags:creatorPersonal>
	</dc:creator>
	<dc:identifier scheme="dcterms:URI"><![CDATA[http://core.kmi.open.ac.uk/download/pdf/12355437.pdf]]></dc:identifier>
	<dc:identifier scheme="dcterms:URI"><![CDATA[oai:core.kmi.open.ac.uk:12355437]]></dc:identifier>
	<dc:format><dcterms:medium><![CDATA[text]]></dcterms:medium></dc:format>
</ags:resource>
<ags:resource ags:ARN="GB2015403228">
	<dc:title><![CDATA[Az európai integráció hatása a közép-kelet-európai országok mezőgazdaságára (The effect of European integration on agriculture in Central East European countries)]]></dc:title>
	<dc:creator>
		<ags:creatorPersonal><![CDATA[Csaba Csáki]]></ags:creatorPersonal>
		<ags:creatorPersonal><![CDATA[Attila Jámbor]]></ags:creatorPersonal>
	</dc:creator>
	<dc:identifier scheme="dcterms:URI"><![CDATA[oai:core.kmi.open.ac.uk:12355438]]></dc:identifier>
	<dc:identifier scheme="dcterms:URI"><![CDATA[http://core.kmi.open.ac.uk/download/pdf/12355438.pdf]]></dc:identifier>
	<dc:format><dcterms:medium><![CDATA[text]]></dcterms:medium></dc:format>
</ags:resource>
<ags:resource ags:ARN="GB2015403229">
	<dc:title><![CDATA[Értékelvű agrárvállalkozók szerepe a vidékfejlesztésben]]></dc:title>
	<dc:creator>
		<ags:creatorPersonal><![CDATA[Szilvia Luda]]></ags:creatorPersonal>
	</dc:creator>
	<dc:identifier scheme="dcterms:URI"><![CDATA[http://core.kmi.open.ac.uk/download/pdf/12355524.pdf]]></dc:identifier>
	<dc:identifier scheme="dcterms:URI"><![CDATA[oai:core.kmi.open.ac.uk:12355524]]></dc:identifier>
	<dc:format><dcterms:medium><![CDATA[text]]></dcterms:medium></dc:format>
</ags:resource>
<ags:resource ags:ARN="GB2015403230">
	<dc:title><![CDATA["Gene-fouled or gene-improved?" – Media framing of GM crops and food in Hungary]]></dc:title>
	<dc:creator>
		<ags:creatorPersonal><![CDATA[Lilla Vicsek]]></ags:creatorPersonal>
	</dc:creator>
	<dc:identifier scheme="dcterms:URI"><![CDATA[oai:core.kmi.open.ac.uk:12355498]]></dc:identifier>
	<dc:identifier scheme="dcterms:URI"><![CDATA[http://core.kmi.open.ac.uk/download/pdf/12355498.pdf]]></dc:identifier>
	<dc:format><dcterms:medium><![CDATA[text]]></dcterms:medium></dc:format>
</ags:resource>
<ags:resource ags:ARN="GB2015403231">
	<dc:title><![CDATA[Modifying the yield factor based on more efficient use of fertilizer — The environmental impacts of intensive and extensive agricultural practices]]></dc:title>
	<dc:creator>
		<ags:creatorPersonal><![CDATA[Zsófia Mózner]]></ags:creatorPersonal>
		<ags:creatorPersonal><![CDATA[Andrea Tabi]]></ags:creatorPersonal>
		<ags:creatorPersonal><![CDATA[Mária Csutora]]></ags:creatorPersonal>
	</dc:creator>
	<dc:identifier scheme="dcterms:URI"><![CDATA[oai:core.kmi.open.ac.uk:12355120]]></dc:identifier>
	<dc:identifier scheme="dcterms:URI"><![CDATA[http://core.kmi.open.ac.uk/download/pdf/12355120.pdf]]></dc:identifier>
	<dc:format><dcterms:medium><![CDATA[text]]></dcterms:medium></dc:format>
</ags:resource>
<ags:resource ags:ARN="GB2015403232">
	<dc:title><![CDATA[Fenntartható fejlődés, élhető régió, élhető települési táj 2.]]></dc:title>
	<dc:creator>
		<ags:creatorPersonal><![CDATA[F Waliyar]]></ags:creatorPersonal>
		<ags:creatorPersonal><![CDATA[. et al]]></ags:creatorPersonal>
	</dc:creator>
	<dc:identifier scheme="dcterms:URI"><![CDATA[http://core.kmi.open.ac.uk/download/pdf/12355547.pdf]]></dc:identifier>
	<dc:identifier scheme="dcterms:URI"><![CDATA[oai:core.kmi.open.ac.uk:12355547]]></dc:identifier>
	<dc:format><dcterms:medium><![CDATA[text]]></dcterms:medium></dc:format>
</ags:resource>
<ags:resource ags:ARN="GB2015403233">
	<dc:title><![CDATA[Az élelmiszer-fogyasztás környezeti hatásai és szerkezeti változásai]]></dc:title>
	<dc:creator>
		<ags:creatorPersonal><![CDATA[Zsófia Vetőné Mózner]]></ags:creatorPersonal>
	</dc:creator>
	<dc:identifier scheme="dcterms:URI"><![CDATA[http://core.kmi.open.ac.uk/download/pdf/12355520.pdf]]></dc:identifier>
	<dc:identifier scheme="dcterms:URI"><![CDATA[oai:core.kmi.open.ac.uk:12355520]]></dc:identifier>
	<dc:format><dcterms:medium><![CDATA[text]]></dcterms:medium></dc:format>
</ags:resource>
<ags:resource ags:ARN="GB2015403234">
	<dc:title><![CDATA[Őshonos tyúkfajták tartásának lehetőségei és korlátai a Közép-magyarországi Régióban]]></dc:title>
	<dc:creator>
		<ags:creatorPersonal><![CDATA[Jamal Annaklycheva]]></ags:creatorPersonal>
	</dc:creator>
	<dc:identifier scheme="dcterms:URI"><![CDATA[oai:core.kmi.open.ac.uk:12355535]]></dc:identifier>
	<dc:identifier scheme="dcterms:URI"><![CDATA[http://core.kmi.open.ac.uk/download/pdf/12355535.pdf]]></dc:identifier>
	<dc:format><dcterms:medium><![CDATA[text]]></dcterms:medium></dc:format>
</ags:resource>
<ags:resource ags:ARN="GB2015403235">
	<dc:title><![CDATA[Kockázatok a mezőgazdaságban (Risks in agriculture)]]></dc:title>
	<dc:creator>
		<ags:creatorPersonal><![CDATA[F. Daddy]]></ags:creatorPersonal>
		<ags:creatorPersonal><![CDATA[S. Abubakar]]></ags:creatorPersonal>
		<ags:creatorPersonal><![CDATA[S. Owotunse]]></ags:creatorPersonal>
	</dc:creator>
	<dc:identifier scheme="dcterms:URI"><![CDATA[oai:core.kmi.open.ac.uk:12355552]]></dc:identifier>
	<dc:identifier scheme="dcterms:URI"><![CDATA[http://core.kmi.open.ac.uk/download/pdf/12355552.pdf]]></dc:identifier>
	<dc:format><dcterms:medium><![CDATA[text]]></dcterms:medium></dc:format>
</ags:resource>
<ags:resource ags:ARN="GB2015403236">
	<dc:title><![CDATA[A közjavak és a mezőgazdaság kritikus kérdései a közös agrárpolitikában]]></dc:title>
	<dc:creator>
		<ags:creatorPersonal><![CDATA[Levente Hufnagel]]></ags:creatorPersonal>
		<ags:creatorPersonal><![CDATA[Márta Ladányi]]></ags:creatorPersonal>
	</dc:creator>
	<dc:identifier scheme="dcterms:URI"><![CDATA[oai:core.kmi.open.ac.uk:12355641]]></dc:identifier>
	<dc:identifier scheme="dcterms:URI"><![CDATA[http://core.kmi.open.ac.uk/download/pdf/12355641.pdf]]></dc:identifier>
	<dc:format><dcterms:medium><![CDATA[text]]></dcterms:medium></dc:format>
</ags:resource>
<ags:resource ags:ARN="GB2015403237">
	<dc:title><![CDATA[Benefits of a marketing cooperative in transition agriculture: Mórakert purchasing and service co-operative]]></dc:title>
	<dc:creator>
		<ags:creatorPersonal><![CDATA[Dr. Muhammad Azim Khan]]></ags:creatorPersonal>
	</dc:creator>
	<dc:identifier scheme="dcterms:URI"><![CDATA[oai:core.kmi.open.ac.uk:12355631]]></dc:identifier>
	<dc:identifier scheme="dcterms:URI"><![CDATA[http://core.kmi.open.ac.uk/download/pdf/12355631.pdf]]></dc:identifier>
	<dc:format><dcterms:medium><![CDATA[text]]></dcterms:medium></dc:format>
</ags:resource>
<ags:resource ags:ARN="GB2015403238">
	<dc:title><![CDATA[Az EU csatlakozás hatása az új tagországok agrárkereskedelmére]]></dc:title>
	<dc:creator>
		<ags:creatorPersonal><![CDATA[Attila Jámbor]]></ags:creatorPersonal>
		<ags:creatorPersonal><![CDATA[Áron Török]]></ags:creatorPersonal>
	</dc:creator>
	<dc:identifier scheme="dcterms:URI"><![CDATA[oai:core.kmi.open.ac.uk:12355642]]></dc:identifier>
	<dc:identifier scheme="dcterms:URI"><![CDATA[http://core.kmi.open.ac.uk/download/pdf/12355642.pdf]]></dc:identifier>
	<dc:format><dcterms:medium><![CDATA[text]]></dcterms:medium></dc:format>
</ags:resource>
<ags:resource ags:ARN="GB2015403239">
	<dc:title><![CDATA[Tudáshasználat és sikeresség- tudásteremtés és -használat a magyarországi borvidékeken (Knowledge-use and success – Knowledge-creation and use on the Hungarian wine-districts)]]></dc:title>
	<dc:creator>
		<ags:creatorPersonal><![CDATA[József Tóth]]></ags:creatorPersonal>
		<ags:creatorPersonal><![CDATA[Áron Török]]></ags:creatorPersonal>
	</dc:creator>
	<dc:identifier scheme="dcterms:URI"><![CDATA[http://core.kmi.open.ac.uk/download/pdf/12355687.pdf]]></dc:identifier>
	<dc:identifier scheme="dcterms:URI"><![CDATA[oai:core.kmi.open.ac.uk:12355687]]></dc:identifier>
	<dc:format><dcterms:medium><![CDATA[text]]></dcterms:medium></dc:format>
</ags:resource>
<ags:resource ags:ARN="GB2015403240">
	<dc:title><![CDATA[Theoretical deficiencies in the calculation method of ecological footprint – Comparing the environmental impacts of intensive and extensive agricultural practices]]></dc:title>
	<dc:creator>
		<ags:creatorPersonal><![CDATA[Zsófia Vetőné Mózner]]></ags:creatorPersonal>
		<ags:creatorPersonal><![CDATA[Andrea Tabi]]></ags:creatorPersonal>
		<ags:creatorPersonal><![CDATA[Mária Csutora]]></ags:creatorPersonal>
	</dc:creator>
	<dc:identifier scheme="dcterms:URI"><![CDATA[oai:core.kmi.open.ac.uk:12355656]]></dc:identifier>
	<dc:identifier scheme="dcterms:URI"><![CDATA[http://core.kmi.open.ac.uk/download/pdf/12355656.pdf]]></dc:identifier>
	<dc:format><dcterms:medium><![CDATA[text]]></dcterms:medium></dc:format>
</ags:resource>
<ags:resource ags:ARN="GB2015403241">
	<dc:title><![CDATA[Vertical intra-industry trade and the EU accession: The case of Hungarian agri-food sector]]></dc:title>
	<dc:creator>
		<ags:creatorPersonal><![CDATA[Imre Fertő]]></ags:creatorPersonal>
		<ags:creatorPersonal><![CDATA[Attila Jámbor]]></ags:creatorPersonal>
	</dc:creator>
	<dc:identifier scheme="dcterms:URI"><![CDATA[http://core.kmi.open.ac.uk/download/pdf/12355710.pdf]]></dc:identifier>
	<dc:identifier scheme="dcterms:URI"><![CDATA[oai:core.kmi.open.ac.uk:12355710]]></dc:identifier>
	<dc:format><dcterms:medium><![CDATA[text]]></dcterms:medium></dc:format>
</ags:resource>
<ags:resource ags:ARN="GB2015403242">
	<dc:title><![CDATA[Effects of the current financial and economic crisis on the rural landscape as well as the agri-food sector in Europe and Central Asia]]></dc:title>
	<dc:creator>
		<ags:creatorPersonal><![CDATA[C. J. Lovell]]></ags:creatorPersonal>
		<ags:creatorPersonal><![CDATA[M. Murata]]></ags:creatorPersonal>
		<ags:creatorPersonal><![CDATA[M.W. Brown]]></ags:creatorPersonal>
		<ags:creatorPersonal><![CDATA[C. H. Batchelor]]></ags:creatorPersonal>
		<ags:creatorPersonal><![CDATA[D. M. Thompson]]></ags:creatorPersonal>
		<ags:creatorPersonal><![CDATA[T. Dube]]></ags:creatorPersonal>
		<ags:creatorPersonal><![CDATA[A.J. Semple]]></ags:creatorPersonal>
		<ags:creatorPersonal><![CDATA[P.J. Chilton]]></ags:creatorPersonal>
	</dc:creator>
	<dc:identifier scheme="dcterms:URI"><![CDATA[http://core.kmi.open.ac.uk/download/pdf/12355629.pdf]]></dc:identifier>
	<dc:identifier scheme="dcterms:URI"><![CDATA[oai:core.kmi.open.ac.uk:12355629]]></dc:identifier>
	<dc:format><dcterms:medium><![CDATA[text]]></dcterms:medium></dc:format>
</ags:resource>
<ags:resource ags:ARN="GB2015403243">
	<dc:title><![CDATA[Pattern and determinants of innovation in agri-food chain: the case of Hungarian food SMEs]]></dc:title>
	<dc:creator>
		<ags:creatorPersonal><![CDATA[Gusztáv Nemes]]></ags:creatorPersonal>
		<ags:creatorPersonal><![CDATA[Gyula Módos]]></ags:creatorPersonal>
		<ags:creatorPersonal><![CDATA[József Tóth]]></ags:creatorPersonal>
		<ags:creatorPersonal><![CDATA[Áron Török]]></ags:creatorPersonal>
	</dc:creator>
	<dc:identifier scheme="dcterms:URI"><![CDATA[oai:core.kmi.open.ac.uk:12355814]]></dc:identifier>
	<dc:identifier scheme="dcterms:URI"><![CDATA[http://core.kmi.open.ac.uk/download/pdf/12355814.pdf]]></dc:identifier>
	<dc:format><dcterms:medium><![CDATA[text]]></dcterms:medium></dc:format>
</ags:resource>
<ags:resource ags:ARN="GB2015403244">
	<dc:title><![CDATA[Intra-industry agri-food trade of the Baltic Countries]]></dc:title>
	<dc:creator>
		<ags:creatorPersonal><![CDATA[Attila Jámbor]]></ags:creatorPersonal>
		<ags:creatorPersonal><![CDATA[Áron Török]]></ags:creatorPersonal>
	</dc:creator>
	<dc:identifier scheme="dcterms:URI"><![CDATA[oai:core.kmi.open.ac.uk:12355711]]></dc:identifier>
	<dc:identifier scheme="dcterms:URI"><![CDATA[http://core.kmi.open.ac.uk/download/pdf/12355711.pdf]]></dc:identifier>
	<dc:format><dcterms:medium><![CDATA[text]]></dcterms:medium></dc:format>
</ags:resource>
<ags:resource ags:ARN="GB2015403245">
	<dc:title><![CDATA[Food SMEs’ innovation profile – the Hungarian case]]></dc:title>
	<dc:creator>
		<ags:creatorPersonal><![CDATA[Maria O'Neill]]></ags:creatorPersonal>
	</dc:creator>
	<dc:identifier scheme="dcterms:URI"><![CDATA[http://core.kmi.open.ac.uk/download/pdf/12355816.pdf]]></dc:identifier>
	<dc:identifier scheme="dcterms:URI"><![CDATA[oai:core.kmi.open.ac.uk:12355816]]></dc:identifier>
	<dc:format><dcterms:medium><![CDATA[text]]></dcterms:medium></dc:format>
</ags:resource>
<ags:resource ags:ARN="GB2015403246">
	<dc:title><![CDATA[The role of the rural economy in sustainable development]]></dc:title>
	<dc:creator>
		<ags:creatorPersonal><![CDATA[Szilvia Luda]]></ags:creatorPersonal>
	</dc:creator>
	<dc:identifier scheme="dcterms:URI"><![CDATA[oai:core.kmi.open.ac.uk:12355654]]></dc:identifier>
	<dc:identifier scheme="dcterms:URI"><![CDATA[http://core.kmi.open.ac.uk/download/pdf/12355654.pdf]]></dc:identifier>
	<dc:format><dcterms:medium><![CDATA[text]]></dcterms:medium></dc:format>
</ags:resource>
<ags:resource ags:ARN="GB2015403247">
	<dc:title><![CDATA[Stability of Ampelometric Characteristics of Vitis vinifera L. cv. 'Syrah' and 'Sauvignon blanc' Leaves: Impact of Within-vineyard Variability and Pruning Method/Bud Load]]></dc:title>
	<dc:creator>
		<ags:creatorPersonal><![CDATA[Jan Christensen]]></ags:creatorPersonal>
		<ags:creatorPersonal><![CDATA[Lars Gårn Hansen]]></ags:creatorPersonal>
	</dc:creator>
	<dc:identifier scheme="dcterms:URI"><![CDATA[http://core.kmi.open.ac.uk/download/pdf/12355817.pdf]]></dc:identifier>
	<dc:identifier scheme="dcterms:URI"><![CDATA[oai:core.kmi.open.ac.uk:12355817]]></dc:identifier>
	<dc:format><dcterms:medium><![CDATA[text]]></dcterms:medium></dc:format>
</ags:resource>
<ags:resource ags:ARN="GB2015403248">
	<dc:title><![CDATA[MEANING AND RELEVANCE IN NIGERIAN TRADITIONAL ARCHITECTURE: THE DIALECTICS OF GROWTH AND CHANGE]]></dc:title>
	<dc:creator>
		<ags:creatorPersonal><![CDATA[AHMAD JUNAIDI]]></ags:creatorPersonal>
	</dc:creator>
	<dc:identifier scheme="dcterms:URI"><![CDATA[oai:core.kmi.open.ac.uk:12356531]]></dc:identifier>
	<dc:identifier scheme="dcterms:URI"><![CDATA[http://core.kmi.open.ac.uk/download/pdf/12356531.pdf]]></dc:identifier>
	<dc:format><dcterms:medium><![CDATA[text]]></dcterms:medium></dc:format>
</ags:resource>
<ags:resource ags:ARN="GB2015403249">
	<dc:title><![CDATA[A Case Study on the Buffer Zone Law]]></dc:title>
	<dc:creator>
		<ags:creatorPersonal><![CDATA[Nikolaj Gedionsen]]></ags:creatorPersonal>
		<ags:creatorPersonal><![CDATA[Natasja Wexøe Jakobsen]]></ags:creatorPersonal>
		<ags:creatorPersonal><![CDATA[Josefine Nytofte]]></ags:creatorPersonal>
		<ags:creatorPersonal><![CDATA[Nina Kattler]]></ags:creatorPersonal>
	</dc:creator>
	<dc:identifier scheme="dcterms:URI"><![CDATA[http://core.kmi.open.ac.uk/download/pdf/12523300.pdf]]></dc:identifier>
	<dc:identifier scheme="dcterms:URI"><![CDATA[oai:core.kmi.open.ac.uk:12523300]]></dc:identifier>
	<dc:format><dcterms:medium><![CDATA[text]]></dcterms:medium></dc:format>
</ags:resource>
<ags:resource ags:ARN="GB2015403250">
	<dc:title><![CDATA[Institutional Barriers and the Common Agriculture Policy]]></dc:title>
	<dc:creator>
		<ags:creatorPersonal><![CDATA[R Padmaja]]></ags:creatorPersonal>
		<ags:creatorPersonal><![CDATA[M C S Bantilan]]></ags:creatorPersonal>
		<ags:creatorPersonal><![CDATA[K Kavitha]]></ags:creatorPersonal>
	</dc:creator>
	<dc:identifier scheme="dcterms:URI"><![CDATA[http://core.kmi.open.ac.uk/download/pdf/12515089.pdf]]></dc:identifier>
	<dc:identifier scheme="dcterms:URI"><![CDATA[oai:core.kmi.open.ac.uk:12515089]]></dc:identifier>
	<dc:format><dcterms:medium><![CDATA[text]]></dcterms:medium></dc:format>
</ags:resource>
<ags:resource ags:ARN="GB2015403251">
	<dc:title><![CDATA[Innovation across the food chain – the Hungarian case]]></dc:title>
	<dc:creator>
		<ags:creatorPersonal><![CDATA[József Tóth]]></ags:creatorPersonal>
		<ags:creatorPersonal><![CDATA[Áron Török]]></ags:creatorPersonal>
	</dc:creator>
	<dc:identifier scheme="dcterms:URI"><![CDATA[http://core.kmi.open.ac.uk/download/pdf/12355818.pdf]]></dc:identifier>
	<dc:identifier scheme="dcterms:URI"><![CDATA[oai:core.kmi.open.ac.uk:12355818]]></dc:identifier>
	<dc:format><dcterms:medium><![CDATA[text]]></dcterms:medium></dc:format>
</ags:resource>
<ags:resource ags:ARN="GB2015403252">
	<dc:title><![CDATA[The development of azadirachtin as a soil-applied, granular insecticide]]></dc:title>
	<dc:creator>
		<ags:creatorPersonal><![CDATA[Gordon Wilson Scarlett Daly]]></ags:creatorPersonal>
	</dc:creator>
	<dc:identifier scheme="dcterms:URI"><![CDATA[oai:core.kmi.open.ac.uk:12466797]]></dc:identifier>
	<dc:identifier scheme="dcterms:URI"><![CDATA[http://core.kmi.open.ac.uk/download/pdf/12466797.pdf]]></dc:identifier>
	<dc:format><dcterms:medium><![CDATA[text]]></dcterms:medium></dc:format>
</ags:resource>
<ags:resource ags:ARN="GB2015403253">
	<dc:title><![CDATA[Økologisk matrixbrug - et alternativt landbrugsspor]]></dc:title>
	<dc:creator>
		<ags:creatorPersonal><![CDATA[Nynne Louise Bach]]></ags:creatorPersonal>
		<ags:creatorPersonal><![CDATA[Signe Gerdøe-Kristensen]]></ags:creatorPersonal>
	</dc:creator>
	<dc:identifier scheme="dcterms:URI"><![CDATA[http://core.kmi.open.ac.uk/download/pdf/12522289.pdf]]></dc:identifier>
	<dc:identifier scheme="dcterms:URI"><![CDATA[oai:core.kmi.open.ac.uk:12522289]]></dc:identifier>
	<dc:format><dcterms:medium><![CDATA[text]]></dcterms:medium></dc:format>
</ags:resource>
<ags:resource ags:ARN="GB2015403254">
	<dc:title><![CDATA[Organic Agriculture in Uganda]]></dc:title>
	<dc:creator>
		<ags:creatorPersonal><![CDATA[Rune Felthaus Jacobsen]]></ags:creatorPersonal>
	</dc:creator>
	<dc:identifier scheme="dcterms:URI"><![CDATA[oai:core.kmi.open.ac.uk:12518195]]></dc:identifier>
	<dc:identifier scheme="dcterms:URI"><![CDATA[http://core.kmi.open.ac.uk/download/pdf/12518195.pdf]]></dc:identifier>
	<dc:format><dcterms:medium><![CDATA[text]]></dcterms:medium></dc:format>
</ags:resource>
<ags:resource ags:ARN="GB2015403255">
	<dc:title><![CDATA[The hacienda system and the development of Chilean agriculture, 1850-1930]]></dc:title>
	<dc:creator>
		<ags:creatorPersonal><![CDATA[Steven Belmain]]></ags:creatorPersonal>
	</dc:creator>
	<dc:date><dcterms:dateIssued><![CDATA[1850-1930]]></dcterms:dateIssued></dc:date>
	<dc:identifier scheme="dcterms:URI"><![CDATA[http://core.kmi.open.ac.uk/download/pdf/12983029.pdf]]></dc:identifier>
	<dc:identifier scheme="dcterms:URI"><![CDATA[oai:core.kmi.open.ac.uk:12983029]]></dc:identifier>
	<dc:format><dcterms:medium><![CDATA[text]]></dcterms:medium></dc:format>
</ags:resource>
<ags:resource ags:ARN="GB2015403256">
	<dc:title><![CDATA[Poverty and Productivity in Female-Headed Households in Zimbabwe]]></dc:title>
	<dc:creator>
		<ags:creatorPersonal><![CDATA[Sara Horrell]]></ags:creatorPersonal>
		<ags:creatorPersonal><![CDATA[Pramila Krishnan]]></ags:creatorPersonal>
	</dc:creator>
	<dc:identifier scheme="dcterms:URI"><![CDATA[http://core.kmi.open.ac.uk/download/pdf/1301488.pdf]]></dc:identifier>
	<dc:identifier scheme="dcterms:URI"><![CDATA[oai:core.kmi.open.ac.uk:1301488]]></dc:identifier>
	<dc:format><dcterms:medium><![CDATA[text]]></dcterms:medium></dc:format>
</ags:resource>
<ags:resource ags:ARN="GB2015403257">
	<dc:title><![CDATA[Root traits for infertile soils]]></dc:title>
	<dc:creator>
		<ags:creatorPersonal><![CDATA[Wawargita Permata WIJAYANTI]]></ags:creatorPersonal>
		<ags:creatorPersonal><![CDATA[Artiningsih ARTININGSIH]]></ags:creatorPersonal>
	</dc:creator>
	<dc:identifier scheme="dcterms:URI"><![CDATA[http://core.kmi.open.ac.uk/download/pdf/13120412.pdf]]></dc:identifier>
	<dc:identifier scheme="dcterms:URI"><![CDATA[oai:core.kmi.open.ac.uk:13120412]]></dc:identifier>
	<dc:format><dcterms:medium><![CDATA[text]]></dcterms:medium></dc:format>
</ags:resource>
<ags:resource ags:ARN="GB2015403258">
	<dc:title><![CDATA[Les conditions de production et de mise sur le marché des produits vivriers paysans dans la province du Bas-Congo (R. D. Congo)]]></dc:title>
	<dc:creator>
		<ags:creatorPersonal><![CDATA[Livio Luiz Soares de Oliveira]]></ags:creatorPersonal>
		<ags:creatorPersonal><![CDATA[Sabino da Silva Porto Júnior]]></ags:creatorPersonal>
	</dc:creator>
	<dc:identifier scheme="dcterms:URI"><![CDATA[http://core.kmi.open.ac.uk/download/pdf/13290863.pdf]]></dc:identifier>
	<dc:identifier scheme="dcterms:URI"><![CDATA[oai:core.kmi.open.ac.uk:13290863]]></dc:identifier>
	<dc:format><dcterms:medium><![CDATA[text]]></dcterms:medium></dc:format>
</ags:resource>
<ags:resource ags:ARN="GB2015403259">
	<dc:title><![CDATA[AKM coffee-growing cooperative and socio-economic development of Rwandan farmers, Huye District]]></dc:title>
	<dc:creator>
		<ags:creatorPersonal><![CDATA[Ya-Bititi Gisaro Ca-Madeberi]]></ags:creatorPersonal>
		<ags:creatorPersonal><![CDATA[Philippe Lebailly]]></ags:creatorPersonal>
		<ags:creatorPersonal><![CDATA[Philippe Burny]]></ags:creatorPersonal>
		<ags:creatorPersonal><![CDATA[Déo Mbonyinkebe]]></ags:creatorPersonal>
	</dc:creator>
	<dc:identifier scheme="dcterms:URI"><![CDATA[oai:core.kmi.open.ac.uk:13291598]]></dc:identifier>
	<dc:identifier scheme="dcterms:URI"><![CDATA[http://core.kmi.open.ac.uk/download/pdf/13291598.pdf]]></dc:identifier>
	<dc:format><dcterms:medium><![CDATA[text]]></dcterms:medium></dc:format>
</ags:resource>
<ags:resource ags:ARN="GB2015403260">
	<dc:title><![CDATA[Study of the genetic and physiological control of juvenility in plants]]></dc:title>
	<dc:creator>
		<ags:creatorPersonal><![CDATA[Ioannis G. Matsoukas]]></ags:creatorPersonal>
		<ags:creatorPersonal><![CDATA[Andrea J. Massiah]]></ags:creatorPersonal>
		<ags:creatorPersonal><![CDATA[S. R. (Steven R.) Adams]]></ags:creatorPersonal>
		<ags:creatorPersonal><![CDATA[Alison C. Jackson]]></ags:creatorPersonal>
		<ags:creatorPersonal><![CDATA[V. M. Valdes]]></ags:creatorPersonal>
		<ags:creatorPersonal><![CDATA[Dr. Karl Morris]]></ags:creatorPersonal>
		<ags:creatorPersonal><![CDATA[1949- Brian Thomas]]></ags:creatorPersonal>
	</dc:creator>
	<dc:identifier scheme="dcterms:URI"><![CDATA[oai:core.kmi.open.ac.uk:1382409]]></dc:identifier>
	<dc:identifier scheme="dcterms:URI"><![CDATA[http://core.kmi.open.ac.uk/download/pdf/1382409.pdf]]></dc:identifier>
	<dc:format><dcterms:medium><![CDATA[text]]></dcterms:medium></dc:format>
</ags:resource>
<ags:resource ags:ARN="GB2015403261">
	<dc:title><![CDATA[Global food security and the governance of modern biotechnologies]]></dc:title>
	<dc:creator>
		<ags:creatorPersonal><![CDATA[Joyce Tait]]></ags:creatorPersonal>
		<ags:creatorPersonal><![CDATA[Guy C. Barker]]></ags:creatorPersonal>
	</dc:creator>
	<dc:identifier scheme="dcterms:URI"><![CDATA[http://core.kmi.open.ac.uk/download/pdf/1383685.pdf]]></dc:identifier>
	<dc:identifier scheme="dcterms:URI"><![CDATA[oai:core.kmi.open.ac.uk:1383685]]></dc:identifier>
	<dc:format><dcterms:medium><![CDATA[text]]></dcterms:medium></dc:format>
</ags:resource>
<ags:resource ags:ARN="GB2015403262">
	<dc:title><![CDATA[Genetic structure of Albizia gummifera and its local adaptation to the associated arbuscular mycorrhiza]]></dc:title>
	<dc:creator>
		<ags:creatorPersonal><![CDATA[Judith Nantongo]]></ags:creatorPersonal>
	</dc:creator>
	<dc:identifier scheme="dcterms:URI"><![CDATA[http://core.kmi.open.ac.uk/download/pdf/138273.pdf]]></dc:identifier>
	<dc:identifier scheme="dcterms:URI"><![CDATA[oai:core.kmi.open.ac.uk:138273]]></dc:identifier>
	<dc:format><dcterms:medium><![CDATA[text]]></dcterms:medium></dc:format>
</ags:resource>
<ags:resource ags:ARN="GB2015403263">
	<dc:title><![CDATA[Juvenile phase change: towards a physiological and genetic understanding]]></dc:title>
	<dc:creator>
		<ags:creatorPersonal><![CDATA[Ioannis G. Matsoukas]]></ags:creatorPersonal>
		<ags:creatorPersonal><![CDATA[1949- Brian Thomas]]></ags:creatorPersonal>
		<ags:creatorPersonal><![CDATA[V. M. Valdes]]></ags:creatorPersonal>
		<ags:creatorPersonal><![CDATA[Stephen D. Jackson]]></ags:creatorPersonal>
		<ags:creatorPersonal><![CDATA[Alison C. Jackson]]></ags:creatorPersonal>
		<ags:creatorPersonal><![CDATA[S. R. (Steven R.) Adams]]></ags:creatorPersonal>
		<ags:creatorPersonal><![CDATA[Andrea J. Massiah]]></ags:creatorPersonal>
	</dc:creator>
	<dc:identifier scheme="dcterms:URI"><![CDATA[http://core.kmi.open.ac.uk/download/pdf/1382408.pdf]]></dc:identifier>
	<dc:identifier scheme="dcterms:URI"><![CDATA[oai:core.kmi.open.ac.uk:1382408]]></dc:identifier>
	<dc:format><dcterms:medium><![CDATA[text]]></dcterms:medium></dc:format>
</ags:resource>
<ags:resource ags:ARN="GB2015403264">
	<dc:title><![CDATA[Еколого-економічні проблеми використання земельних ресурсів]]></dc:title>
	<dc:creator>
		<ags:creatorPersonal><![CDATA[О.Р. Гулько]]></ags:creatorPersonal>
		<ags:creatorPersonal><![CDATA[О.І. Ступень]]></ags:creatorPersonal>
	</dc:creator>
	<dc:identifier scheme="dcterms:URI"><![CDATA[oai:core.kmi.open.ac.uk:14062359]]></dc:identifier>
	<dc:identifier scheme="dcterms:URI"><![CDATA[http://core.kmi.open.ac.uk/download/pdf/14062359.pdf]]></dc:identifier>
	<dc:format><dcterms:medium><![CDATA[text]]></dcterms:medium></dc:format>
</ags:resource>
<ags:resource ags:ARN="GB2015403265">
	<dc:title><![CDATA[Keupayaan pendekatan institusi dalam menghurai punca-punca tanah pertanian terbiar di daerah Kuala Pilah, Negeri Sembilan]]></dc:title>
	<dc:creator>
		<ags:creatorPersonal><![CDATA[Celia Deane-Drummond]]></ags:creatorPersonal>
	</dc:creator>
	<dc:identifier scheme="dcterms:URI"><![CDATA[http://core.kmi.open.ac.uk/download/pdf/14330200.pdf]]></dc:identifier>
	<dc:identifier scheme="dcterms:URI"><![CDATA[oai:core.kmi.open.ac.uk:14330200]]></dc:identifier>
	<dc:format><dcterms:medium><![CDATA[text]]></dcterms:medium></dc:format>
</ags:resource>
<ags:resource ags:ARN="GB2015403266">
	<dc:title><![CDATA[Impact of tourisam on agricultural development in Istra]]></dc:title>
	<dc:creator>
		<ags:creatorPersonal><![CDATA[Mohd Shukri Mat Ali]]></ags:creatorPersonal>
	</dc:creator>
	<dc:identifier scheme="dcterms:URI"><![CDATA[oai:core.kmi.open.ac.uk:14376721]]></dc:identifier>
	<dc:identifier scheme="dcterms:URI"><![CDATA[http://core.kmi.open.ac.uk/download/pdf/14376721.pdf]]></dc:identifier>
	<dc:format><dcterms:medium><![CDATA[text]]></dcterms:medium></dc:format>
</ags:resource>
<ags:resource ags:ARN="GB2015403267">
	<dc:title><![CDATA[Agricultural technology and land use futures: The UK case]]></dc:title>
	<dc:creator>
		<ags:creatorPersonal><![CDATA[Paul J. Burgess]]></ags:creatorPersonal>
		<ags:creatorPersonal><![CDATA[Joe Morris]]></ags:creatorPersonal>
	</dc:creator>
	<dc:identifier scheme="dcterms:URI"><![CDATA[oai:core.kmi.open.ac.uk:140594]]></dc:identifier>
	<dc:identifier scheme="dcterms:URI"><![CDATA[http://core.kmi.open.ac.uk/download/pdf/140594.pdf]]></dc:identifier>
	<dc:format><dcterms:medium><![CDATA[text]]></dcterms:medium></dc:format>
</ags:resource>
<ags:resource ags:ARN="GB2015403268">
	<dc:title><![CDATA[Analysis of agricultural production in Posavska county – Federation of Bosnia and Herzegovina]]></dc:title>
	<dc:creator>
		<ags:creatorPersonal><![CDATA[Mika Abramović]]></ags:creatorPersonal>
		<ags:creatorPersonal><![CDATA[Pero Mijić]]></ags:creatorPersonal>
		<ags:creatorPersonal><![CDATA[Zvonko Antunović]]></ags:creatorPersonal>
		<ags:creatorPersonal><![CDATA[Mirjana Baban]]></ags:creatorPersonal>
		<ags:creatorPersonal><![CDATA[Ivan Knežević]]></ags:creatorPersonal>
		<ags:creatorPersonal><![CDATA[Matija Domaćinović]]></ags:creatorPersonal>
		<ags:creatorPersonal><![CDATA[Damir Rimac]]></ags:creatorPersonal>
	</dc:creator>
	<dc:identifier scheme="dcterms:URI"><![CDATA[oai:core.kmi.open.ac.uk:14377523]]></dc:identifier>
	<dc:identifier scheme="dcterms:URI"><![CDATA[http://core.kmi.open.ac.uk/download/pdf/14377523.pdf]]></dc:identifier>
	<dc:format><dcterms:medium><![CDATA[text]]></dcterms:medium></dc:format>
</ags:resource>
<ags:resource ags:ARN="GB2015403269">
	<dc:title><![CDATA[Institute of Physics, Environmental Physics Group newsletter (13), Spring 1996]]></dc:title>
	<dc:creator>
		<ags:creatorPersonal><![CDATA[Sally Brown]]></ags:creatorPersonal>
	</dc:creator>
	<dc:date><dcterms:dateIssued><![CDATA[Spring 1996]]></dcterms:dateIssued></dc:date>
	<dc:identifier scheme="dcterms:URI"><![CDATA[oai:core.kmi.open.ac.uk:1441124]]></dc:identifier>
	<dc:identifier scheme="dcterms:URI"><![CDATA[http://core.kmi.open.ac.uk/download/pdf/1441124.pdf]]></dc:identifier>
	<dc:format><dcterms:medium><![CDATA[text]]></dcterms:medium></dc:format>
</ags:resource>
<ags:resource ags:ARN="GB2015403270">
	<dc:title><![CDATA[Catalytic Degradation of Waste Polymers]]></dc:title>
	<dc:creator>
		<ags:creatorPersonal><![CDATA[Richard Yarwood]]></ags:creatorPersonal>
		<ags:creatorPersonal><![CDATA[Nick Evans]]></ags:creatorPersonal>
	</dc:creator>
	<dc:identifier scheme="dcterms:URI"><![CDATA[oai:core.kmi.open.ac.uk:1442485]]></dc:identifier>
	<dc:identifier scheme="dcterms:URI"><![CDATA[http://core.kmi.open.ac.uk/download/pdf/1442485.pdf]]></dc:identifier>
	<dc:format><dcterms:medium><![CDATA[text]]></dcterms:medium></dc:format>
</ags:resource>
<ags:resource ags:ARN="GB2015403271">
	<dc:title><![CDATA[Institute of Physics, Environmental Physics Group newsletter (6), July 1993]]></dc:title>
	<dc:creator>
		<ags:creatorPersonal><![CDATA[Sally Brown]]></ags:creatorPersonal>
	</dc:creator>
	<dc:date><dcterms:dateIssued><![CDATA[July 1993]]></dcterms:dateIssued></dc:date>
	<dc:identifier scheme="dcterms:URI"><![CDATA[oai:core.kmi.open.ac.uk:1441123]]></dc:identifier>
	<dc:identifier scheme="dcterms:URI"><![CDATA[http://core.kmi.open.ac.uk/download/pdf/1441123.pdf]]></dc:identifier>
	<dc:format><dcterms:medium><![CDATA[text]]></dcterms:medium></dc:format>
</ags:resource>
<ags:resource ags:ARN="GB2015403272">
	<dc:title><![CDATA[Division of Soil Conservation Soil and Water Quality Review, January 2010]]></dc:title>
	<dc:creator>
		<ags:creatorPersonal><![CDATA[C Johansen]]></ags:creatorPersonal>
		<ags:creatorPersonal><![CDATA[M H Mengesha]]></ags:creatorPersonal>
		<ags:creatorPersonal><![CDATA[C T Hash]]></ags:creatorPersonal>
		<ags:creatorPersonal><![CDATA[J W Stenhouse]]></ags:creatorPersonal>
		<ags:creatorPersonal><![CDATA[S N Nigam]]></ags:creatorPersonal>
		<ags:creatorPersonal><![CDATA[H A van Rheenen]]></ags:creatorPersonal>
		<ags:creatorPersonal><![CDATA[L Singh]]></ags:creatorPersonal>
	</dc:creator>
	<dc:date><dcterms:dateIssued><![CDATA[January 2010]]></dcterms:dateIssued></dc:date>
	<dc:identifier scheme="dcterms:URI"><![CDATA[oai:core.kmi.open.ac.uk:1440936]]></dc:identifier>
	<dc:identifier scheme="dcterms:URI"><![CDATA[http://core.kmi.open.ac.uk/download/pdf/1440936.pdf]]></dc:identifier>
	<dc:format><dcterms:medium><![CDATA[text]]></dcterms:medium></dc:format>
</ags:resource>
<ags:resource ags:ARN="GB2015403273">
	<dc:title><![CDATA[The accession negotiatiations on agriculture between Poland and the EU as an example of two - level game model]]></dc:title>
	<dc:creator>
		<ags:creatorPersonal><![CDATA[Yi Che]]></ags:creatorPersonal>
	</dc:creator>
	<dc:identifier scheme="dcterms:URI"><![CDATA[oai:core.kmi.open.ac.uk:14909184]]></dc:identifier>
	<dc:identifier scheme="dcterms:URI"><![CDATA[http://core.kmi.open.ac.uk/download/pdf/14909184.pdf]]></dc:identifier>
	<dc:format><dcterms:medium><![CDATA[text]]></dcterms:medium></dc:format>
</ags:resource>
<ags:resource ags:ARN="GB2015403274">
	<dc:title><![CDATA[Isolation And Characterization Of Flavonoids From Mimosa Pigra.]]></dc:title>
	<dc:creator>
		<ags:creatorPersonal><![CDATA[Shaida Fariza Sulaiman]]></ags:creatorPersonal>
		<ags:creatorPersonal><![CDATA[Roshada Hashim]]></ags:creatorPersonal>
		<ags:creatorPersonal><![CDATA[Shu Chien Dr Alex]]></ags:creatorPersonal>
		<ags:creatorPersonal><![CDATA[er Chong]]></ags:creatorPersonal>
		<ags:creatorPersonal><![CDATA[Tze Jiun Lee]]></ags:creatorPersonal>
	</dc:creator>
	<dc:identifier scheme="dcterms:URI"><![CDATA[http://core.kmi.open.ac.uk/download/pdf/14712968.pdf]]></dc:identifier>
	<dc:identifier scheme="dcterms:URI"><![CDATA[oai:core.kmi.open.ac.uk:14712968]]></dc:identifier>
	<dc:format><dcterms:medium><![CDATA[text]]></dcterms:medium></dc:format>
</ags:resource>
<ags:resource ags:ARN="GB2015403275">
	<dc:title><![CDATA[Goodbye to Projects? ¿  A livelihoods-grounded audit of the Plan for the Modernisation of Agriculture (PMA) in Uganda]]></dc:title>
	<dc:creator>
		<ags:creatorPersonal><![CDATA[Fred Muhumuza]]></ags:creatorPersonal>
	</dc:creator>
	<dc:identifier scheme="dcterms:URI"><![CDATA[http://core.kmi.open.ac.uk/download/pdf/15014.pdf]]></dc:identifier>
	<dc:identifier scheme="dcterms:URI"><![CDATA[oai:core.kmi.open.ac.uk:15014]]></dc:identifier>
	<dc:format><dcterms:medium><![CDATA[text]]></dcterms:medium></dc:format>
</ags:resource>
<ags:resource ags:ARN="GB2015403276">
	<dc:title><![CDATA[Efficient production process for food grade acetic acid by acetobacter aceti in shake flask and in bioreactor cultures]]></dc:title>
	<dc:creator>
		<ags:creatorPersonal><![CDATA[Hassan M. Awad]]></ags:creatorPersonal>
		<ags:creatorPersonal><![CDATA[Richard Diaz]]></ags:creatorPersonal>
		<ags:creatorPersonal><![CDATA[Roslinda A. Malek]]></ags:creatorPersonal>
		<ags:creatorPersonal><![CDATA[Nor Zalina Othman]]></ags:creatorPersonal>
		<ags:creatorPersonal><![CDATA[Ramlan Abdul Aziz]]></ags:creatorPersonal>
		<ags:creatorPersonal><![CDATA[Hesham Ali El Enshasy]]></ags:creatorPersonal>
	</dc:creator>
	<dc:identifier scheme="dcterms:URI"><![CDATA[http://core.kmi.open.ac.uk/download/pdf/15173030.pdf]]></dc:identifier>
	<dc:identifier scheme="dcterms:URI"><![CDATA[oai:core.kmi.open.ac.uk:15173030]]></dc:identifier>
	<dc:format><dcterms:medium><![CDATA[text]]></dcterms:medium></dc:format>
</ags:resource>
<ags:resource ags:ARN="GB2015403277">
	<dc:title><![CDATA[Plant breeding, food production and sustainable agriculture]]></dc:title>
	<dc:creator>
		<ags:creatorPersonal><![CDATA[Marijan Jošt]]></ags:creatorPersonal>
		<ags:creatorPersonal><![CDATA[Vesna Samobor]]></ags:creatorPersonal>
	</dc:creator>
	<dc:identifier scheme="dcterms:URI"><![CDATA[http://core.kmi.open.ac.uk/download/pdf/14376766.pdf]]></dc:identifier>
	<dc:identifier scheme="dcterms:URI"><![CDATA[oai:core.kmi.open.ac.uk:14376766]]></dc:identifier>
	<dc:format><dcterms:medium><![CDATA[text]]></dcterms:medium></dc:format>
</ags:resource>
<ags:resource ags:ARN="GB2015403278">
	<dc:title><![CDATA[Pest management guide for wine grapes in Oregon]]></dc:title>
	<dc:creator>
		<ags:creatorPersonal><![CDATA[Sally Brown]]></ags:creatorPersonal>
	</dc:creator>
	<dc:identifier scheme="dcterms:URI"><![CDATA[http://core.kmi.open.ac.uk/download/pdf/15166604.pdf]]></dc:identifier>
	<dc:identifier scheme="dcterms:URI"><![CDATA[oai:core.kmi.open.ac.uk:15166604]]></dc:identifier>
	<dc:format><dcterms:medium><![CDATA[text]]></dcterms:medium></dc:format>
</ags:resource>
<ags:resource ags:ARN="GB2015403279">
	<dc:title><![CDATA[Operational modes for effective recovery of energy from ryegrass using anaerobic digestion]]></dc:title>
	<dc:creator>
		<ags:creatorPersonal><![CDATA[David Neylan]]></ags:creatorPersonal>
	</dc:creator>
	<dc:identifier scheme="dcterms:URI"><![CDATA[oai:core.kmi.open.ac.uk:1496582]]></dc:identifier>
	<dc:identifier scheme="dcterms:URI"><![CDATA[http://core.kmi.open.ac.uk/download/pdf/1496582.pdf]]></dc:identifier>
	<dc:format><dcterms:medium><![CDATA[text]]></dcterms:medium></dc:format>
</ags:resource>
<ags:resource ags:ARN="GB2015403280">
	<dc:title><![CDATA[As contradições do processo de desenvolvimento agrícola na Transamazônica.]]></dc:title>
	<dc:creator>
		<ags:creatorPersonal><![CDATA[R. T. WALKER]]></ags:creatorPersonal>
		<ags:creatorPersonal><![CDATA[A. K. O. HOMMA]]></ags:creatorPersonal>
		<ags:creatorPersonal><![CDATA[A. J. de CONTO]]></ags:creatorPersonal>
		<ags:creatorPersonal><![CDATA[R. de A. CARVALHO]]></ags:creatorPersonal>
		<ags:creatorPersonal><![CDATA[C. A. P. FERREIRA]]></ags:creatorPersonal>
		<ags:creatorPersonal><![CDATA[A. I. M. dos SANTOS]]></ags:creatorPersonal>
		<ags:creatorPersonal><![CDATA[A. C. P. N. da ROCHA]]></ags:creatorPersonal>
		<ags:creatorPersonal><![CDATA[P. M. de OLIVEIRA]]></ags:creatorPersonal>
		<ags:creatorPersonal><![CDATA[C. D. RODRIGUES PEDRAZA]]></ags:creatorPersonal>
	</dc:creator>
	<dc:identifier scheme="dcterms:URI"><![CDATA[http://core.kmi.open.ac.uk/download/pdf/15440961.pdf]]></dc:identifier>
	<dc:identifier scheme="dcterms:URI"><![CDATA[oai:core.kmi.open.ac.uk:15440961]]></dc:identifier>
	<dc:format><dcterms:medium><![CDATA[text]]></dcterms:medium></dc:format>
</ags:resource>
<ags:resource ags:ARN="GB2015403281">
	<dc:title><![CDATA[Uso e desenvolvimento de áreas na Amazônia brasileira.]]></dc:title>
	<dc:creator>
		<ags:creatorPersonal><![CDATA[Rossella Pampanini]]></ags:creatorPersonal>
		<ags:creatorPersonal><![CDATA[Francesco Diotallevi]]></ags:creatorPersonal>
		<ags:creatorPersonal><![CDATA[Andrea Marchini]]></ags:creatorPersonal>
	</dc:creator>
	<dc:identifier scheme="dcterms:URI"><![CDATA[oai:core.kmi.open.ac.uk:15440423]]></dc:identifier>
	<dc:identifier scheme="dcterms:URI"><![CDATA[http://core.kmi.open.ac.uk/download/pdf/15440423.pdf]]></dc:identifier>
	<dc:format><dcterms:medium><![CDATA[text]]></dcterms:medium></dc:format>
</ags:resource>
<ags:resource ags:ARN="GB2015403282">
	<dc:title><![CDATA[Solos da ilha de Santana, município de Santana, Estado do Amapá.]]></dc:title>
	<dc:creator>
		<ags:creatorPersonal><![CDATA[M. A. VALENTE]]></ags:creatorPersonal>
		<ags:creatorPersonal><![CDATA[R. C. de OLIVEIRA JUNIOR]]></ags:creatorPersonal>
		<ags:creatorPersonal><![CDATA[T. E. RODRIGUES]]></ags:creatorPersonal>
		<ags:creatorPersonal><![CDATA[P. L. dos SANTOS]]></ags:creatorPersonal>
		<ags:creatorPersonal><![CDATA[J. M. L. da SILVA]]></ags:creatorPersonal>
		<ags:creatorPersonal><![CDATA[E. Q. CARDOSO JUNIOR]]></ags:creatorPersonal>
	</dc:creator>
	<dc:identifier scheme="dcterms:URI"><![CDATA[http://core.kmi.open.ac.uk/download/pdf/15442454.pdf]]></dc:identifier>
	<dc:identifier scheme="dcterms:URI"><![CDATA[oai:core.kmi.open.ac.uk:15442454]]></dc:identifier>
	<dc:format><dcterms:medium><![CDATA[text]]></dcterms:medium></dc:format>
</ags:resource>
<ags:resource ags:ARN="GB2015403283">
	<dc:title><![CDATA[Fungos micorrízicos arbusculares em diferentes agroecossistemas na região do Baixo Amazonas.]]></dc:title>
	<dc:creator>
		<ags:creatorPersonal><![CDATA[E. C. YING]]></ags:creatorPersonal>
		<ags:creatorPersonal><![CDATA[I. C. FALESI]]></ags:creatorPersonal>
	</dc:creator>
	<dc:identifier scheme="dcterms:URI"><![CDATA[http://core.kmi.open.ac.uk/download/pdf/15440982.pdf]]></dc:identifier>
	<dc:identifier scheme="dcterms:URI"><![CDATA[oai:core.kmi.open.ac.uk:15440982]]></dc:identifier>
	<dc:format><dcterms:medium><![CDATA[text]]></dcterms:medium></dc:format>
</ags:resource>
<ags:resource ags:ARN="GB2015403284">
	<dc:title><![CDATA[Análise econômica de estabelecimentos rurais do município de Tomé-Acu, Pará: um estudo de caso.]]></dc:title>
	<dc:creator>
		<ags:creatorPersonal><![CDATA[G. H. H. FLOHRSCHUTZ]]></ags:creatorPersonal>
	</dc:creator>
	<dc:identifier scheme="dcterms:URI"><![CDATA[http://core.kmi.open.ac.uk/download/pdf/15442187.pdf]]></dc:identifier>
	<dc:identifier scheme="dcterms:URI"><![CDATA[oai:core.kmi.open.ac.uk:15442187]]></dc:identifier>
	<dc:format><dcterms:medium><![CDATA[text]]></dcterms:medium></dc:format>
</ags:resource>
<ags:resource ags:ARN="GB2015403285">
	<dc:title><![CDATA[Interação de fatores biofísicos e do uso da terra da dinâmica da paisagem do município de Ourém, Pará, em sistema de informação geográfica.]]></dc:title>
	<dc:creator>
		<ags:creatorPersonal><![CDATA[L. G. T. SILVA]]></ags:creatorPersonal>
		<ags:creatorPersonal><![CDATA[B. N. R. da SILVA]]></ags:creatorPersonal>
		<ags:creatorPersonal><![CDATA[A. M. A. da ROCHA]]></ags:creatorPersonal>
		<ags:creatorPersonal><![CDATA[S. M. N. SAMPAIO]]></ags:creatorPersonal>
	</dc:creator>
	<dc:identifier scheme="dcterms:URI"><![CDATA[oai:core.kmi.open.ac.uk:15442455]]></dc:identifier>
	<dc:identifier scheme="dcterms:URI"><![CDATA[http://core.kmi.open.ac.uk/download/pdf/15442455.pdf]]></dc:identifier>
	<dc:format><dcterms:medium><![CDATA[text]]></dcterms:medium></dc:format>
</ags:resource>
<ags:resource ags:ARN="GB2015403286">
	<dc:title><![CDATA[Painéis de pesquisa: participação da Embrapa Agropecuária Oeste em eventos - 2000.]]></dc:title>
	<dc:creator>
		<ags:creatorPersonal><![CDATA[Elin Röös]]></ags:creatorPersonal>
	</dc:creator>
	<dc:identifier scheme="dcterms:URI"><![CDATA[oai:core.kmi.open.ac.uk:15444480]]></dc:identifier>
	<dc:identifier scheme="dcterms:URI"><![CDATA[http://core.kmi.open.ac.uk/download/pdf/15444480.pdf]]></dc:identifier>
	<dc:format><dcterms:medium><![CDATA[text]]></dcterms:medium></dc:format>
</ags:resource>
<ags:resource ags:ARN="GB2015403287">
	<dc:title><![CDATA[Memória do Workshop O Cerrado no Contexto das Mudanças Climáticas Globais.]]></dc:title>
	<dc:creator>
		<ags:creatorPersonal><![CDATA[C. J. COSTA]]></ags:creatorPersonal>
		<ags:creatorPersonal><![CDATA[G. B. MOZZER]]></ags:creatorPersonal>
		<ags:creatorPersonal><![CDATA[A. M. de CARVALHO]]></ags:creatorPersonal>
		<ags:creatorPersonal><![CDATA[A. G. MULLER]]></ags:creatorPersonal>
		<ags:creatorPersonal><![CDATA[F. A. M. da SILVA]]></ags:creatorPersonal>
		<ags:creatorPersonal><![CDATA[J. M. M. A. P. MOREIRA]]></ags:creatorPersonal>
		<ags:creatorPersonal><![CDATA[M. L. MEIRELLES]]></ags:creatorPersonal>
	</dc:creator>
	<dc:identifier scheme="dcterms:URI"><![CDATA[http://core.kmi.open.ac.uk/download/pdf/15445761.pdf]]></dc:identifier>
	<dc:identifier scheme="dcterms:URI"><![CDATA[oai:core.kmi.open.ac.uk:15445761]]></dc:identifier>
	<dc:format><dcterms:medium><![CDATA[text]]></dcterms:medium></dc:format>
</ags:resource>
<ags:resource ags:ARN="GB2015403288">
	<dc:title><![CDATA[Painéis de pesquisa: participação da Embrapa Agropecuária Oeste em eventos - 1999.]]></dc:title>
	<dc:creator>
		<ags:creatorPersonal><![CDATA[EMBRAPA AGROPECUARIA OESTE.]]></ags:creatorPersonal>
	</dc:creator>
	<dc:identifier scheme="dcterms:URI"><![CDATA[oai:core.kmi.open.ac.uk:15444481]]></dc:identifier>
	<dc:identifier scheme="dcterms:URI"><![CDATA[http://core.kmi.open.ac.uk/download/pdf/15444481.pdf]]></dc:identifier>
	<dc:format><dcterms:medium><![CDATA[text]]></dcterms:medium></dc:format>
</ags:resource>
<ags:resource ags:ARN="GB2015403289">
	<dc:title><![CDATA[O dilema da política agrícola brasileira: produtividade ou expansão da área agricultável.]]></dc:title>
	<dc:creator>
		<ags:creatorPersonal><![CDATA[E. R. de A. ALVES]]></ags:creatorPersonal>
	</dc:creator>
	<dc:identifier scheme="dcterms:URI"><![CDATA[oai:core.kmi.open.ac.uk:15447048]]></dc:identifier>
	<dc:identifier scheme="dcterms:URI"><![CDATA[http://core.kmi.open.ac.uk/download/pdf/15447048.pdf]]></dc:identifier>
	<dc:format><dcterms:medium><![CDATA[text]]></dcterms:medium></dc:format>
</ags:resource>
<ags:resource ags:ARN="GB2015403290">
	<dc:title><![CDATA[Revitalising African agriculture through innovative business models and organisational arrangements : promising developments in the traditional crops sector.]]></dc:title>
	<dc:creator>
		<ags:creatorPersonal><![CDATA[Cosmas C. M. Ochieng]]></ags:creatorPersonal>
	</dc:creator>
	<dc:identifier scheme="dcterms:URI"><![CDATA[http://core.kmi.open.ac.uk/download/pdf/1548669.pdf]]></dc:identifier>
	<dc:identifier scheme="dcterms:URI"><![CDATA[oai:core.kmi.open.ac.uk:1548669]]></dc:identifier>
	<dc:format><dcterms:medium><![CDATA[text]]></dcterms:medium></dc:format>
</ags:resource>
<ags:resource ags:ARN="GB2015403291">
	<dc:title><![CDATA[Sistematização dos gargalos sócio-culturais, ambientais, econômicos e político-institucionais da cadeia produtiva do leite no território do alto sertão sergipano.]]></dc:title>
	<dc:creator>
		<ags:creatorPersonal><![CDATA[EMBRAPA AGROPECUARIA OESTE.]]></ags:creatorPersonal>
	</dc:creator>
	<dc:identifier scheme="dcterms:URI"><![CDATA[oai:core.kmi.open.ac.uk:15446316]]></dc:identifier>
	<dc:identifier scheme="dcterms:URI"><![CDATA[http://core.kmi.open.ac.uk/download/pdf/15446316.pdf]]></dc:identifier>
	<dc:format><dcterms:medium><![CDATA[text]]></dcterms:medium></dc:format>
</ags:resource>
<ags:resource ags:ARN="GB2015403292">
	<dc:title><![CDATA[Scotland's land girls: breeches, bombers and backaches.]]></dc:title>
	<dc:creator>
		<ags:creatorPersonal><![CDATA[Wyn Grant]]></ags:creatorPersonal>
	</dc:creator>
	<dc:identifier scheme="dcterms:URI"><![CDATA[http://core.kmi.open.ac.uk/download/pdf/1569189.pdf]]></dc:identifier>
	<dc:identifier scheme="dcterms:URI"><![CDATA[oai:core.kmi.open.ac.uk:1569189]]></dc:identifier>
	<dc:format><dcterms:medium><![CDATA[text]]></dcterms:medium></dc:format>
</ags:resource>
<ags:resource ags:ARN="GB2015403293">
	<dc:title><![CDATA[The strategic farmer: a cheese producer with cold feet?]]></dc:title>
	<dc:creator>
		<ags:creatorPersonal><![CDATA[H. Urbancová]]></ags:creatorPersonal>
		<ags:creatorPersonal><![CDATA[T. Hlavsa]]></ags:creatorPersonal>
	</dc:creator>
	<dc:identifier scheme="dcterms:URI"><![CDATA[oai:core.kmi.open.ac.uk:1576055]]></dc:identifier>
	<dc:identifier scheme="dcterms:URI"><![CDATA[http://core.kmi.open.ac.uk/download/pdf/1576055.pdf]]></dc:identifier>
	<dc:format><dcterms:medium><![CDATA[text]]></dcterms:medium></dc:format>
</ags:resource>
<ags:resource ags:ARN="GB2015403294">
	<dc:title><![CDATA[Review 2001 : headlining sustainable development]]></dc:title>
	<dc:creator>
		<ags:creatorPersonal><![CDATA[Sustainable Development Commission]]></ags:creatorPersonal>
	</dc:creator>
	<dc:identifier scheme="dcterms:URI"><![CDATA[http://core.kmi.open.ac.uk/download/pdf/1586718.pdf]]></dc:identifier>
	<dc:identifier scheme="dcterms:URI"><![CDATA[oai:core.kmi.open.ac.uk:1586718]]></dc:identifier>
	<dc:format><dcterms:medium><![CDATA[text]]></dcterms:medium></dc:format>
</ags:resource>
<ags:resource ags:ARN="GB2015403295">
	<dc:title><![CDATA[From vision to action : SDC’s perspective on the work of the Curry Commission]]></dc:title>
	<dc:creator>
		<ags:creatorPersonal><![CDATA[Sustainable Development Commission]]></ags:creatorPersonal>
	</dc:creator>
	<dc:identifier scheme="dcterms:URI"><![CDATA[http://core.kmi.open.ac.uk/download/pdf/1586758.pdf]]></dc:identifier>
	<dc:identifier scheme="dcterms:URI"><![CDATA[oai:core.kmi.open.ac.uk:1586758]]></dc:identifier>
	<dc:format><dcterms:medium><![CDATA[text]]></dcterms:medium></dc:format>
</ags:resource>
<ags:resource ags:ARN="GB2015403296">
	<dc:title><![CDATA[Sustainability of sugar supply chains]]></dc:title>
	<dc:creator>
		<ags:creatorPersonal><![CDATA[Miklós Herdon]]></ags:creatorPersonal>
		<ags:creatorPersonal><![CDATA[Tünde Rózsa]]></ags:creatorPersonal>
	</dc:creator>
	<dc:identifier scheme="dcterms:URI"><![CDATA[http://core.kmi.open.ac.uk/download/pdf/1586792.pdf]]></dc:identifier>
	<dc:identifier scheme="dcterms:URI"><![CDATA[oai:core.kmi.open.ac.uk:1586792]]></dc:identifier>
	<dc:format><dcterms:medium><![CDATA[text]]></dcterms:medium></dc:format>
</ags:resource>
<ags:resource ags:ARN="GB2015403297">
	<dc:title><![CDATA[Setting the table : advice to government on priority elements of sustainable diets]]></dc:title>
	<dc:creator>
		<ags:creatorPersonal><![CDATA[Sustainable Development Commission]]></ags:creatorPersonal>
	</dc:creator>
	<dc:identifier scheme="dcterms:URI"><![CDATA[http://core.kmi.open.ac.uk/download/pdf/1586763.pdf]]></dc:identifier>
	<dc:identifier scheme="dcterms:URI"><![CDATA[oai:core.kmi.open.ac.uk:1586763]]></dc:identifier>
	<dc:format><dcterms:medium><![CDATA[text]]></dcterms:medium></dc:format>
</ags:resource>
<ags:resource ags:ARN="GB2015403298">
	<dc:title><![CDATA[Sustainability and UK food policy 2000-2011]]></dc:title>
	<dc:creator>
		<ags:creatorPersonal><![CDATA[András Nábrádi]]></ags:creatorPersonal>
		<ags:creatorPersonal><![CDATA[Kornélia Ficzeréné Nagymihály]]></ags:creatorPersonal>
	</dc:creator>
	<dc:identifier scheme="dcterms:URI"><![CDATA[oai:core.kmi.open.ac.uk:1586839]]></dc:identifier>
	<dc:identifier scheme="dcterms:URI"><![CDATA[http://core.kmi.open.ac.uk/download/pdf/1586839.pdf]]></dc:identifier>
	<dc:format><dcterms:medium><![CDATA[text]]></dcterms:medium></dc:format>
</ags:resource>
<ags:resource ags:ARN="GB2015403299">
	<dc:title><![CDATA[Sustainable Development Commission response to the Defra discussion paper, 'Ensuring the UK's food security in a Changing World']]></dc:title>
	<dc:creator>
		<ags:creatorPersonal><![CDATA[Ambrus Bakó]]></ags:creatorPersonal>
		<ags:creatorPersonal><![CDATA[M. Gardonyi]]></ags:creatorPersonal>
		<ags:creatorPersonal><![CDATA[László Tamás]]></ags:creatorPersonal>
	</dc:creator>
	<dc:identifier scheme="dcterms:URI"><![CDATA[http://core.kmi.open.ac.uk/download/pdf/1587027.pdf]]></dc:identifier>
	<dc:identifier scheme="dcterms:URI"><![CDATA[oai:core.kmi.open.ac.uk:1587027]]></dc:identifier>
	<dc:format><dcterms:medium><![CDATA[text]]></dcterms:medium></dc:format>
</ags:resource>
</ags:resources>