<?xml version="1.0" encoding="UTF-8"?>
<!DOCTYPE ags:resources SYSTEM "http://purl.org/agmes/agrisap/dtd/">
<ags:resources xmlns:ags="http://purl.org/agmes/1.1/" xmlns:dc="http://purl.org/dc/elements/1.1/" xmlns:agls="http://www.naa.gov.au/recordkeeping/gov_online/agls/1.2" xmlns:dcterms="http://purl.org/dc/terms/">
<ags:resource ags:ARN="GB2015403800">
	<dc:title><![CDATA[From Cork to GATT and beyond: an analysis of the legal framework and constraints of the evolving European Rural Policy]]></dc:title>
	<dc:creator>
		<ags:creatorPersonal><![CDATA[Dilip Saikia]]></ags:creatorPersonal>
	</dc:creator>
	<dc:identifier scheme="dcterms:URI"><![CDATA[oai:core.kmi.open.ac.uk:260282]]></dc:identifier>
	<dc:identifier scheme="dcterms:URI"><![CDATA[http://core.kmi.open.ac.uk/download/pdf/260282.pdf]]></dc:identifier>
	<dc:format><dcterms:medium><![CDATA[text]]></dcterms:medium></dc:format>
</ags:resource>
<ags:resource ags:ARN="GB2015403801">
	<dc:title><![CDATA[THE RETURN RATES ANALYSIS IN THE AGRICULTURE  ORGANIZATIONS]]></dc:title>
	<dc:creator>
		<ags:creatorPersonal><![CDATA[BUMBESCU SORINA SIMONA]]></ags:creatorPersonal>
		<ags:creatorPersonal><![CDATA[OFILEANU DIMI]]></ags:creatorPersonal>
	</dc:creator>
	<dc:identifier scheme="dcterms:URI"><![CDATA[http://core.kmi.open.ac.uk/download/pdf/26023056.pdf]]></dc:identifier>
	<dc:identifier scheme="dcterms:URI"><![CDATA[oai:core.kmi.open.ac.uk:26023056]]></dc:identifier>
	<dc:format><dcterms:medium><![CDATA[text]]></dcterms:medium></dc:format>
</ags:resource>
<ags:resource ags:ARN="GB2015403802">
	<dc:title><![CDATA[O setor de máquinas agrícolas brasileiro e o comércio internacional]]></dc:title>
	<dc:creator>
		<ags:creatorPersonal><![CDATA[Bibiana Padilha Garcia]]></ags:creatorPersonal>
		<ags:creatorPersonal><![CDATA[Roberta Dalla Porta Gründling]]></ags:creatorPersonal>
		<ags:creatorPersonal><![CDATA[João Guilherme Dal Belo Leite]]></ags:creatorPersonal>
		<ags:creatorPersonal><![CDATA[Fern]]></ags:creatorPersonal>
		<ags:creatorPersonal><![CDATA[a Schanberg Br]]></ags:creatorPersonal>
		<ags:creatorPersonal><![CDATA[ão]]></ags:creatorPersonal>
		<ags:creatorPersonal><![CDATA[Tania Nunes da Silva]]></ags:creatorPersonal>
	</dc:creator>
	<dc:identifier scheme="dcterms:URI"><![CDATA[http://core.kmi.open.ac.uk/download/pdf/26134123.pdf]]></dc:identifier>
	<dc:identifier scheme="dcterms:URI"><![CDATA[oai:core.kmi.open.ac.uk:26134123]]></dc:identifier>
	<dc:format><dcterms:medium><![CDATA[text]]></dcterms:medium></dc:format>
</ags:resource>
<ags:resource ags:ARN="GB2015403803">
	<dc:title><![CDATA[Agriculture, the EC and the WTO : a legal critical analysis of the concepts of sustainability and multifunctionality]]></dc:title>
	<dc:creator>
		<ags:creatorPersonal><![CDATA[Antonio Sortino]]></ags:creatorPersonal>
	</dc:creator>
	<dc:identifier scheme="dcterms:URI"><![CDATA[oai:core.kmi.open.ac.uk:260286]]></dc:identifier>
	<dc:identifier scheme="dcterms:URI"><![CDATA[http://core.kmi.open.ac.uk/download/pdf/260286.pdf]]></dc:identifier>
	<dc:format><dcterms:medium><![CDATA[text]]></dcterms:medium></dc:format>
</ags:resource>
<ags:resource ags:ARN="GB2015403804">
	<dc:title><![CDATA[ANALYSE OF THE STRUCTURE OF THE AGRICULTURAL FARMS BY  SIZE AND THE SHARE OF THE LIVESTOCK AMONG THEM. AN  ARGUMENT FOR MORE HELPING FOR THE SMALL FARMS]]></dc:title>
	<dc:creator>
		<ags:creatorPersonal><![CDATA[Liliana MIRON]]></ags:creatorPersonal>
		<ags:creatorPersonal><![CDATA[Aurel LUP]]></ags:creatorPersonal>
	</dc:creator>
	<dc:identifier scheme="dcterms:URI"><![CDATA[http://core.kmi.open.ac.uk/download/pdf/26136180.pdf]]></dc:identifier>
	<dc:identifier scheme="dcterms:URI"><![CDATA[oai:core.kmi.open.ac.uk:26136180]]></dc:identifier>
	<dc:format><dcterms:medium><![CDATA[text]]></dcterms:medium></dc:format>
</ags:resource>
<ags:resource ags:ARN="GB2015403805">
	<dc:title><![CDATA[KEY FEATURES OF PRICING AT THE MARKET OF AGRICULTURAL RAW MATERIALS Ключевые особенности ценообразования на рынке сельскохозяйственного сырья]]></dc:title>
	<dc:creator>
		<ags:creatorPersonal><![CDATA[Sidorin A. A.]]></ags:creatorPersonal>
	</dc:creator>
	<dc:identifier scheme="dcterms:URI"><![CDATA[oai:core.kmi.open.ac.uk:26139109]]></dc:identifier>
	<dc:identifier scheme="dcterms:URI"><![CDATA[http://core.kmi.open.ac.uk/download/pdf/26139109.pdf]]></dc:identifier>
	<dc:format><dcterms:medium><![CDATA[text]]></dcterms:medium></dc:format>
</ags:resource>
<ags:resource ags:ARN="GB2015403806">
	<dc:title><![CDATA[Village Level Soil Thematic Information System: A  GIS Approach. Case study of selected villages in Ausgram  Block, Burdwan District, West Bengal, India.]]></dc:title>
	<dc:creator>
		<ags:creatorPersonal><![CDATA[C. Prakasam]]></ags:creatorPersonal>
	</dc:creator>
	<dc:identifier scheme="dcterms:URI"><![CDATA[oai:core.kmi.open.ac.uk:26775422]]></dc:identifier>
	<dc:identifier scheme="dcterms:URI"><![CDATA[http://core.kmi.open.ac.uk/download/pdf/26775422.pdf]]></dc:identifier>
	<dc:format><dcterms:medium><![CDATA[text]]></dcterms:medium></dc:format>
</ags:resource>
<ags:resource ags:ARN="GB2015403807">
	<dc:title><![CDATA[Global Patterns of Cropland Use Intensity]]></dc:title>
	<dc:creator>
		<ags:creatorPersonal><![CDATA[Stefan Siebert]]></ags:creatorPersonal>
		<ags:creatorPersonal><![CDATA[Felix T. Portmann]]></ags:creatorPersonal>
		<ags:creatorPersonal><![CDATA[Petra Döll]]></ags:creatorPersonal>
	</dc:creator>
	<dc:identifier scheme="dcterms:URI"><![CDATA[http://core.kmi.open.ac.uk/download/pdf/26351862.pdf]]></dc:identifier>
	<dc:identifier scheme="dcterms:URI"><![CDATA[oai:core.kmi.open.ac.uk:26351862]]></dc:identifier>
	<dc:format><dcterms:medium><![CDATA[text]]></dcterms:medium></dc:format>
</ags:resource>
<ags:resource ags:ARN="GB2015403808">
	<dc:title><![CDATA[Developing a Planning Framework for Accessible and Sustained  Urban Agriculture]]></dc:title>
	<dc:creator>
		<ags:creatorPersonal><![CDATA[T.Subramani]]></ags:creatorPersonal>
		<ags:creatorPersonal><![CDATA[R. Selvan]]></ags:creatorPersonal>
	</dc:creator>
	<dc:identifier scheme="dcterms:URI"><![CDATA[http://core.kmi.open.ac.uk/download/pdf/26226602.pdf]]></dc:identifier>
	<dc:identifier scheme="dcterms:URI"><![CDATA[oai:core.kmi.open.ac.uk:26226602]]></dc:identifier>
	<dc:format><dcterms:medium><![CDATA[text]]></dcterms:medium></dc:format>
</ags:resource>
<ags:resource ags:ARN="GB2015403809">
	<dc:title><![CDATA[Labour Force Demand and Supply Developments of Romania’s Agriculture]]></dc:title>
	<dc:creator>
		<ags:creatorPersonal><![CDATA[Aura POPA]]></ags:creatorPersonal>
		<ags:creatorPersonal><![CDATA[Andreea Iluzia IACOB]]></ags:creatorPersonal>
		<ags:creatorPersonal><![CDATA[Tudorel ANDREI]]></ags:creatorPersonal>
		<ags:creatorPersonal><![CDATA[Florin DĂNĂNĂU]]></ags:creatorPersonal>
	</dc:creator>
	<dc:identifier scheme="dcterms:URI"><![CDATA[oai:core.kmi.open.ac.uk:26775113]]></dc:identifier>
	<dc:identifier scheme="dcterms:URI"><![CDATA[http://core.kmi.open.ac.uk/download/pdf/26775113.pdf]]></dc:identifier>
	<dc:format><dcterms:medium><![CDATA[text]]></dcterms:medium></dc:format>
</ags:resource>
<ags:resource ags:ARN="GB2015403810">
	<dc:title><![CDATA[THE CLIMATIC CHANGES INFLUENCE ON ROMANIAN AGRICULTURE SECTOR]]></dc:title>
	<dc:creator>
		<ags:creatorPersonal><![CDATA[GAVRILETEA MARIUS DAN]]></ags:creatorPersonal>
		<ags:creatorPersonal><![CDATA[PETRESCU DACINIA CRINA]]></ags:creatorPersonal>
	</dc:creator>
	<dc:identifier scheme="dcterms:URI"><![CDATA[http://core.kmi.open.ac.uk/download/pdf/26781742.pdf]]></dc:identifier>
	<dc:identifier scheme="dcterms:URI"><![CDATA[oai:core.kmi.open.ac.uk:26781742]]></dc:identifier>
	<dc:format><dcterms:medium><![CDATA[text]]></dcterms:medium></dc:format>
</ags:resource>
<ags:resource ags:ARN="GB2015403811">
	<dc:title><![CDATA[Urban and peri-urban agriculture in Sarajevo region: an exploratory study]]></dc:title>
	<dc:creator>
		<ags:creatorPersonal><![CDATA[Hamid EL BILALI]]></ags:creatorPersonal>
		<ags:creatorPersonal><![CDATA[Sinisa BERJAN]]></ags:creatorPersonal>
		<ags:creatorPersonal><![CDATA[Jasmina  Simic]]></ags:creatorPersonal>
		<ags:creatorPersonal><![CDATA[Aleks]]></ags:creatorPersonal>
		<ags:creatorPersonal><![CDATA[ra  Despotovic]]></ags:creatorPersonal>
		<ags:creatorPersonal><![CDATA[Sabrija Cadro]]></ags:creatorPersonal>
		<ags:creatorPersonal><![CDATA[Mirko Kulina]]></ags:creatorPersonal>
	</dc:creator>
	<dc:identifier scheme="dcterms:URI"><![CDATA[http://core.kmi.open.ac.uk/download/pdf/26803808.pdf]]></dc:identifier>
	<dc:identifier scheme="dcterms:URI"><![CDATA[oai:core.kmi.open.ac.uk:26803808]]></dc:identifier>
	<dc:format><dcterms:medium><![CDATA[text]]></dcterms:medium></dc:format>
</ags:resource>
<ags:resource ags:ARN="GB2015403812">
	<dc:title><![CDATA[POTENŢIALUL AGRICOL AL DEALURILOR CLUJULUI ŞI DEJULUI]]></dc:title>
	<dc:creator>
		<ags:creatorPersonal><![CDATA[Amalia Izabela MIHALCA]]></ags:creatorPersonal>
	</dc:creator>
	<dc:identifier scheme="dcterms:URI"><![CDATA[http://core.kmi.open.ac.uk/download/pdf/26820054.pdf]]></dc:identifier>
	<dc:identifier scheme="dcterms:URI"><![CDATA[oai:core.kmi.open.ac.uk:26820054]]></dc:identifier>
	<dc:format><dcterms:medium><![CDATA[text]]></dcterms:medium></dc:format>
</ags:resource>
<ags:resource ags:ARN="GB2015403813">
	<dc:title><![CDATA[LOCAL FOOD SYSTEMS DEVELOPMENT IN THE REPUBLIC OF  MOLDOVA: CHALLENGES AND OPPORTUNITIES]]></dc:title>
	<dc:creator>
		<ags:creatorPersonal><![CDATA[Victor MOROZ]]></ags:creatorPersonal>
		<ags:creatorPersonal><![CDATA[Anatolie IGNAT]]></ags:creatorPersonal>
	</dc:creator>
	<dc:identifier scheme="dcterms:URI"><![CDATA[http://core.kmi.open.ac.uk/download/pdf/26790725.pdf]]></dc:identifier>
	<dc:identifier scheme="dcterms:URI"><![CDATA[oai:core.kmi.open.ac.uk:26790725]]></dc:identifier>
	<dc:format><dcterms:medium><![CDATA[text]]></dcterms:medium></dc:format>
</ags:resource>
<ags:resource ags:ARN="GB2015403814">
	<dc:title><![CDATA[Ecological efficiency of production and the ecological footprint of organic agriculture]]></dc:title>
	<dc:creator>
		<ags:creatorPersonal><![CDATA[Young researcher Matjaž Turinek B.Sc.]]></ags:creatorPersonal>
		<ags:creatorPersonal><![CDATA[Maja Turinek]]></ags:creatorPersonal>
		<ags:creatorPersonal><![CDATA[Senior Lecturer Silva Grobelnik Mlakar M.Sc.]]></ags:creatorPersonal>
		<ags:creatorPersonal><![CDATA[Full Professor Franc Bavec Ph.D.]]></ags:creatorPersonal>
		<ags:creatorPersonal><![CDATA[Associate Professor Martina Bavec (corresponding author) Ph.D.]]></ags:creatorPersonal>
	</dc:creator>
	<dc:identifier scheme="dcterms:URI"><![CDATA[http://core.kmi.open.ac.uk/download/pdf/26820304.pdf]]></dc:identifier>
	<dc:identifier scheme="dcterms:URI"><![CDATA[oai:core.kmi.open.ac.uk:26820304]]></dc:identifier>
	<dc:format><dcterms:medium><![CDATA[text]]></dcterms:medium></dc:format>
</ags:resource>
<ags:resource ags:ARN="GB2015403815">
	<dc:title><![CDATA[Transferência de dispositivos de reconhecimento da agricultura orgânica e apropriação local: uma análise sobre a Rede Ecovida]]></dc:title>
	<dc:creator>
		<ags:creatorPersonal><![CDATA[Pascal Byé]]></ags:creatorPersonal>
		<ags:creatorPersonal><![CDATA[Vanice D. B. Schmidt]]></ags:creatorPersonal>
		<ags:creatorPersonal><![CDATA[Wilson Schmidt]]></ags:creatorPersonal>
	</dc:creator>
	<dc:identifier scheme="dcterms:URI"><![CDATA[oai:core.kmi.open.ac.uk:26830840]]></dc:identifier>
	<dc:identifier scheme="dcterms:URI"><![CDATA[http://core.kmi.open.ac.uk/download/pdf/26830840.pdf]]></dc:identifier>
	<dc:format><dcterms:medium><![CDATA[text]]></dcterms:medium></dc:format>
</ags:resource>
<ags:resource ags:ARN="GB2015403816">
	<dc:title><![CDATA[Quarante ans de révolution agricole en Bretagne (1950-1990)]]></dc:title>
	<dc:creator>
		<ags:creatorPersonal><![CDATA[Michel VIGOUROUX]]></ags:creatorPersonal>
	</dc:creator>
	<dc:identifier scheme="dcterms:URI"><![CDATA[http://core.kmi.open.ac.uk/download/pdf/26825618.pdf]]></dc:identifier>
	<dc:identifier scheme="dcterms:URI"><![CDATA[oai:core.kmi.open.ac.uk:26825618]]></dc:identifier>
	<dc:format><dcterms:medium><![CDATA[text]]></dcterms:medium></dc:format>
</ags:resource>
<ags:resource ags:ARN="GB2015403817">
	<dc:title><![CDATA[MAIN PRIORITIES OF THE AGRARIAN POLICY OF RUSSIA Основные приоритеты аграрной политики России]]></dc:title>
	<dc:creator>
		<ags:creatorPersonal><![CDATA[Mikhailushkin P. V.]]></ags:creatorPersonal>
		<ags:creatorPersonal><![CDATA[Barannikov A. A.]]></ags:creatorPersonal>
	</dc:creator>
	<dc:identifier scheme="dcterms:URI"><![CDATA[http://core.kmi.open.ac.uk/download/pdf/26840080.pdf]]></dc:identifier>
	<dc:identifier scheme="dcterms:URI"><![CDATA[oai:core.kmi.open.ac.uk:26840080]]></dc:identifier>
	<dc:format><dcterms:medium><![CDATA[text]]></dcterms:medium></dc:format>
</ags:resource>
<ags:resource ags:ARN="GB2015403818">
	<dc:title><![CDATA[INVESTMENTS AND SERVICES ON THE RURAL DEVELOPMENT  IN ROMANIA]]></dc:title>
	<dc:creator>
		<ags:creatorPersonal><![CDATA[Popa Ana]]></ags:creatorPersonal>
		<ags:creatorPersonal><![CDATA[Vasilescu Laura]]></ags:creatorPersonal>
	</dc:creator>
	<dc:identifier scheme="dcterms:URI"><![CDATA[http://core.kmi.open.ac.uk/download/pdf/26855105.pdf]]></dc:identifier>
	<dc:identifier scheme="dcterms:URI"><![CDATA[oai:core.kmi.open.ac.uk:26855105]]></dc:identifier>
	<dc:format><dcterms:medium><![CDATA[text]]></dcterms:medium></dc:format>
</ags:resource>
<ags:resource ags:ARN="GB2015403819">
	<dc:title><![CDATA[FEATURES OF REGULATIONAL ACTIONS OF STATE GOVERNMENT FOR FOREIGN COUNTRIES IN AGRIBUSINESS Особенности регулирующего воздействия государства на агробизнес в зарубежных странах]]></dc:title>
	<dc:creator>
		<ags:creatorPersonal><![CDATA[Klimova N. V.]]></ags:creatorPersonal>
	</dc:creator>
	<dc:identifier scheme="dcterms:URI"><![CDATA[http://core.kmi.open.ac.uk/download/pdf/26856892.pdf]]></dc:identifier>
	<dc:identifier scheme="dcterms:URI"><![CDATA[oai:core.kmi.open.ac.uk:26856892]]></dc:identifier>
	<dc:format><dcterms:medium><![CDATA[text]]></dcterms:medium></dc:format>
</ags:resource>
<ags:resource ags:ARN="GB2015403820">
	<dc:title><![CDATA[Agroecologia e agricultura orgânica: controvérsias e tendências]]></dc:title>
	<dc:creator>
		<ags:creatorPersonal><![CDATA[Renato Linhares de Assis]]></ags:creatorPersonal>
		<ags:creatorPersonal><![CDATA[Ademar Ribeiro Romeiro]]></ags:creatorPersonal>
	</dc:creator>
	<dc:identifier scheme="dcterms:URI"><![CDATA[http://core.kmi.open.ac.uk/download/pdf/26880060.pdf]]></dc:identifier>
	<dc:identifier scheme="dcterms:URI"><![CDATA[oai:core.kmi.open.ac.uk:26880060]]></dc:identifier>
	<dc:format><dcterms:medium><![CDATA[text]]></dcterms:medium></dc:format>
</ags:resource>
<ags:resource ags:ARN="GB2015403821">
	<dc:title><![CDATA[CONSIDERATIONS REGARDING THE DEVELOPMENT OF ORGANIC  AGRICULTURE IN THE WORLD, THE EU-27 AND ROMANIA]]></dc:title>
	<dc:creator>
		<ags:creatorPersonal><![CDATA[Agatha POPESCU]]></ags:creatorPersonal>
		<ags:creatorPersonal><![CDATA[Cecilia POP]]></ags:creatorPersonal>
	</dc:creator>
	<dc:identifier scheme="dcterms:URI"><![CDATA[oai:core.kmi.open.ac.uk:26873914]]></dc:identifier>
	<dc:identifier scheme="dcterms:URI"><![CDATA[http://core.kmi.open.ac.uk/download/pdf/26873914.pdf]]></dc:identifier>
	<dc:format><dcterms:medium><![CDATA[text]]></dcterms:medium></dc:format>
</ags:resource>
<ags:resource ags:ARN="GB2015403822">
	<dc:title><![CDATA[Specificities of hand trauma in agriculture]]></dc:title>
	<dc:creator>
		<ags:creatorPersonal><![CDATA[Nikolić Jelena]]></ags:creatorPersonal>
		<ags:creatorPersonal><![CDATA[Janjić Zlata]]></ags:creatorPersonal>
	</dc:creator>
	<dc:identifier scheme="dcterms:URI"><![CDATA[oai:core.kmi.open.ac.uk:26869472]]></dc:identifier>
	<dc:identifier scheme="dcterms:URI"><![CDATA[http://core.kmi.open.ac.uk/download/pdf/26869472.pdf]]></dc:identifier>
	<dc:format><dcterms:medium><![CDATA[text]]></dcterms:medium></dc:format>
</ags:resource>
<ags:resource ags:ARN="GB2015403823">
	<dc:title><![CDATA[Increasing Farm Concentration in Hungary]]></dc:title>
	<dc:creator>
		<ags:creatorPersonal><![CDATA[Edit SZEPESY]]></ags:creatorPersonal>
		<ags:creatorPersonal><![CDATA[Györgyi KOVÁCS]]></ags:creatorPersonal>
		<ags:creatorPersonal><![CDATA[Róbert CZIMBALMOS]]></ags:creatorPersonal>
		<ags:creatorPersonal><![CDATA[Alajos FEHÉR]]></ags:creatorPersonal>
	</dc:creator>
	<dc:identifier scheme="dcterms:URI"><![CDATA[http://core.kmi.open.ac.uk/download/pdf/26883280.pdf]]></dc:identifier>
	<dc:identifier scheme="dcterms:URI"><![CDATA[oai:core.kmi.open.ac.uk:26883280]]></dc:identifier>
	<dc:format><dcterms:medium><![CDATA[text]]></dcterms:medium></dc:format>
</ags:resource>
<ags:resource ags:ARN="GB2015403824">
	<dc:title><![CDATA[Production de biogaz par les exploitations agricoles  en Allemagne]]></dc:title>
	<dc:creator>
		<ags:creatorPersonal><![CDATA[Peter WEILAND]]></ags:creatorPersonal>
	</dc:creator>
	<dc:identifier scheme="dcterms:URI"><![CDATA[http://core.kmi.open.ac.uk/download/pdf/26903834.pdf]]></dc:identifier>
	<dc:identifier scheme="dcterms:URI"><![CDATA[oai:core.kmi.open.ac.uk:26903834]]></dc:identifier>
	<dc:format><dcterms:medium><![CDATA[text]]></dcterms:medium></dc:format>
</ags:resource>
<ags:resource ags:ARN="GB2015403825">
	<dc:title><![CDATA[WAYS IMPROVING THE USE OF NUTRIENTS DIETS Способы улучшения использования питательных веществ рационов]]></dc:title>
	<dc:creator>
		<ags:creatorPersonal><![CDATA[Коnоnеnко S. I.]]></ags:creatorPersonal>
	</dc:creator>
	<dc:identifier scheme="dcterms:URI"><![CDATA[oai:core.kmi.open.ac.uk:26902762]]></dc:identifier>
	<dc:identifier scheme="dcterms:URI"><![CDATA[http://core.kmi.open.ac.uk/download/pdf/26902762.pdf]]></dc:identifier>
	<dc:format><dcterms:medium><![CDATA[text]]></dcterms:medium></dc:format>
</ags:resource>
<ags:resource ags:ARN="GB2015403826">
	<dc:title><![CDATA[Review of Malaysian Agricultural Policies with Regards to Sustainability]]></dc:title>
	<dc:creator>
		<ags:creatorPersonal><![CDATA[Md W. Murad]]></ags:creatorPersonal>
		<ags:creatorPersonal><![CDATA[Nik H.N. Mustapha]]></ags:creatorPersonal>
		<ags:creatorPersonal><![CDATA[Chamhuri Siwar]]></ags:creatorPersonal>
	</dc:creator>
	<dc:identifier scheme="dcterms:URI"><![CDATA[http://core.kmi.open.ac.uk/download/pdf/26904161.pdf]]></dc:identifier>
	<dc:identifier scheme="dcterms:URI"><![CDATA[oai:core.kmi.open.ac.uk:26904161]]></dc:identifier>
	<dc:format><dcterms:medium><![CDATA[text]]></dcterms:medium></dc:format>
</ags:resource>
<ags:resource ags:ARN="GB2015403827">
	<dc:title><![CDATA[Comparative Study on Sustainable Agriculture Knowledge among Malaysian Contract Farmers]]></dc:title>
	<dc:creator>
		<ags:creatorPersonal><![CDATA[Azmariana Azman]]></ags:creatorPersonal>
		<ags:creatorPersonal><![CDATA[Jeffrey L. DSilva]]></ags:creatorPersonal>
		<ags:creatorPersonal><![CDATA[Bahaman A. Samah]]></ags:creatorPersonal>
		<ags:creatorPersonal><![CDATA[Norsida Man]]></ags:creatorPersonal>
		<ags:creatorPersonal><![CDATA[Hayrol A.M. Shaffril]]></ags:creatorPersonal>
	</dc:creator>
	<dc:identifier scheme="dcterms:URI"><![CDATA[oai:core.kmi.open.ac.uk:26901172]]></dc:identifier>
	<dc:identifier scheme="dcterms:URI"><![CDATA[http://core.kmi.open.ac.uk/download/pdf/26901172.pdf]]></dc:identifier>
	<dc:format><dcterms:medium><![CDATA[text]]></dcterms:medium></dc:format>
</ags:resource>
<ags:resource ags:ARN="GB2015403828">
	<dc:title><![CDATA[The Sustainability of Organic Grain Production on the Canadian Prairies—A Review]]></dc:title>
	<dc:creator>
		<ags:creatorPersonal><![CDATA[Crystal Snyder]]></ags:creatorPersonal>
		<ags:creatorPersonal><![CDATA[Dean Spaner]]></ags:creatorPersonal>
	</dc:creator>
	<dc:identifier scheme="dcterms:URI"><![CDATA[http://core.kmi.open.ac.uk/download/pdf/26906381.pdf]]></dc:identifier>
	<dc:identifier scheme="dcterms:URI"><![CDATA[oai:core.kmi.open.ac.uk:26906381]]></dc:identifier>
	<dc:format><dcterms:medium><![CDATA[text]]></dcterms:medium></dc:format>
</ags:resource>
<ags:resource ags:ARN="GB2015403829">
	<dc:title><![CDATA[The Importance of Information through Accounting Practice in Agricultural Sector-European Data Network]]></dc:title>
	<dc:creator>
		<ags:creatorPersonal><![CDATA[Vazakidis Athanasios]]></ags:creatorPersonal>
		<ags:creatorPersonal><![CDATA[Athianos Stergios]]></ags:creatorPersonal>
		<ags:creatorPersonal><![CDATA[Ekaterini C. Laskaridou]]></ags:creatorPersonal>
	</dc:creator>
	<dc:identifier scheme="dcterms:URI"><![CDATA[oai:core.kmi.open.ac.uk:26910360]]></dc:identifier>
	<dc:identifier scheme="dcterms:URI"><![CDATA[http://core.kmi.open.ac.uk/download/pdf/26910360.pdf]]></dc:identifier>
	<dc:format><dcterms:medium><![CDATA[text]]></dcterms:medium></dc:format>
</ags:resource>
<ags:resource ags:ARN="GB2015403830">
	<dc:title><![CDATA[Solar Energy Potentials and Utilization in Nigeria Agriculture]]></dc:title>
	<dc:creator>
		<ags:creatorPersonal><![CDATA[J.  K. Yohanna]]></ags:creatorPersonal>
		<ags:creatorPersonal><![CDATA[V. I. Umogbai]]></ags:creatorPersonal>
	</dc:creator>
	<dc:identifier scheme="dcterms:URI"><![CDATA[http://core.kmi.open.ac.uk/download/pdf/26913260.pdf]]></dc:identifier>
	<dc:identifier scheme="dcterms:URI"><![CDATA[oai:core.kmi.open.ac.uk:26913260]]></dc:identifier>
	<dc:format><dcterms:medium><![CDATA[text]]></dcterms:medium></dc:format>
</ags:resource>
<ags:resource ags:ARN="GB2015403831">
	<dc:title><![CDATA[THE INFLUENCE OF SOCIO-DEMOGRAPHIC FACTORS ON WORK PERFORMANCE AMONG EMPLOYEES OF GOVERNMENT AGRICULTURE AGENCIES IN MALAYSIA]]></dc:title>
	<dc:creator>
		<ags:creatorPersonal><![CDATA[Hayrol Azril MOHAMED SHAFFRIL]]></ags:creatorPersonal>
		<ags:creatorPersonal><![CDATA[Jegak ULI]]></ags:creatorPersonal>
	</dc:creator>
	<dc:identifier scheme="dcterms:URI"><![CDATA[oai:core.kmi.open.ac.uk:26914909]]></dc:identifier>
	<dc:identifier scheme="dcterms:URI"><![CDATA[http://core.kmi.open.ac.uk/download/pdf/26914909.pdf]]></dc:identifier>
	<dc:format><dcterms:medium><![CDATA[text]]></dcterms:medium></dc:format>
</ags:resource>
<ags:resource ags:ARN="GB2015403832">
	<dc:title><![CDATA[Peripheral settlements and how to create a new identity for them: An experiment as an initial point for the future development]]></dc:title>
	<dc:creator>
		<ags:creatorPersonal><![CDATA[Marić Igor]]></ags:creatorPersonal>
	</dc:creator>
	<dc:identifier scheme="dcterms:URI"><![CDATA[http://core.kmi.open.ac.uk/download/pdf/26915990.pdf]]></dc:identifier>
	<dc:identifier scheme="dcterms:URI"><![CDATA[oai:core.kmi.open.ac.uk:26915990]]></dc:identifier>
	<dc:format><dcterms:medium><![CDATA[text]]></dcterms:medium></dc:format>
</ags:resource>
<ags:resource ags:ARN="GB2015403833">
	<dc:title><![CDATA[Soviet Collectivisation and Its Specific Focus on Central Asia]]></dc:title>
	<dc:creator>
		<ags:creatorPersonal><![CDATA[P. Kokaisl]]></ags:creatorPersonal>
	</dc:creator>
	<dc:identifier scheme="dcterms:URI"><![CDATA[oai:core.kmi.open.ac.uk:26917574]]></dc:identifier>
	<dc:identifier scheme="dcterms:URI"><![CDATA[http://core.kmi.open.ac.uk/download/pdf/26917574.pdf]]></dc:identifier>
	<dc:format><dcterms:medium><![CDATA[text]]></dcterms:medium></dc:format>
</ags:resource>
<ags:resource ags:ARN="GB2015403834">
	<dc:title><![CDATA[Estado e território no Brasil: reflexões a partir da agricultura no Cerrado]]></dc:title>
	<dc:creator>
		<ags:creatorPersonal><![CDATA[Maria Erlan Inocêncio]]></ags:creatorPersonal>
		<ags:creatorPersonal><![CDATA[Manoel Calaça]]></ags:creatorPersonal>
	</dc:creator>
	<dc:identifier scheme="dcterms:URI"><![CDATA[http://core.kmi.open.ac.uk/download/pdf/26918753.pdf]]></dc:identifier>
	<dc:identifier scheme="dcterms:URI"><![CDATA[oai:core.kmi.open.ac.uk:26918753]]></dc:identifier>
	<dc:format><dcterms:medium><![CDATA[text]]></dcterms:medium></dc:format>
</ags:resource>
<ags:resource ags:ARN="GB2015403835">
	<dc:title><![CDATA[Aperçu de la méthanisation agricole en Italie]]></dc:title>
	<dc:creator>
		<ags:creatorPersonal><![CDATA[David BOLZONELLA]]></ags:creatorPersonal>
		<ags:creatorPersonal><![CDATA[Francesco FATONE]]></ags:creatorPersonal>
		<ags:creatorPersonal><![CDATA[Franco CECCHI]]></ags:creatorPersonal>
	</dc:creator>
	<dc:identifier scheme="dcterms:URI"><![CDATA[http://core.kmi.open.ac.uk/download/pdf/26920639.pdf]]></dc:identifier>
	<dc:identifier scheme="dcterms:URI"><![CDATA[oai:core.kmi.open.ac.uk:26920639]]></dc:identifier>
	<dc:format><dcterms:medium><![CDATA[text]]></dcterms:medium></dc:format>
</ags:resource>
<ags:resource ags:ARN="GB2015403836">
	<dc:title><![CDATA[EXPERIENCE OF THE LIBERAL REFORMS OF THE AGRICULTURAL SECTOR IN RUSSIA Опыт либеральных преобразований аграрного сектора экономики России]]></dc:title>
	<dc:creator>
		<ags:creatorPersonal><![CDATA[Gayduk V. I.]]></ags:creatorPersonal>
	</dc:creator>
	<dc:identifier scheme="dcterms:URI"><![CDATA[oai:core.kmi.open.ac.uk:26941844]]></dc:identifier>
	<dc:identifier scheme="dcterms:URI"><![CDATA[http://core.kmi.open.ac.uk/download/pdf/26941844.pdf]]></dc:identifier>
	<dc:format><dcterms:medium><![CDATA[text]]></dcterms:medium></dc:format>
</ags:resource>
<ags:resource ags:ARN="GB2015403837">
	<dc:title><![CDATA[Reswitching of Techniques in the Modern Agriculture: a Theoretical Background]]></dc:title>
	<dc:creator>
		<ags:creatorPersonal><![CDATA[Antonio SORTINO]]></ags:creatorPersonal>
		<ags:creatorPersonal><![CDATA[Margherita CHANG TING FA]]></ags:creatorPersonal>
	</dc:creator>
	<dc:identifier scheme="dcterms:URI"><![CDATA[http://core.kmi.open.ac.uk/download/pdf/26948915.pdf]]></dc:identifier>
	<dc:identifier scheme="dcterms:URI"><![CDATA[oai:core.kmi.open.ac.uk:26948915]]></dc:identifier>
	<dc:format><dcterms:medium><![CDATA[text]]></dcterms:medium></dc:format>
</ags:resource>
<ags:resource ags:ARN="GB2015403838">
	<dc:title><![CDATA[The integration of rural regions of Ireland and Poland into the European Union]]></dc:title>
	<dc:creator>
		<ags:creatorPersonal><![CDATA[Nienaber Birte]]></ags:creatorPersonal>
		<ags:creatorPersonal><![CDATA[Kriszan Michael]]></ags:creatorPersonal>
	</dc:creator>
	<dc:identifier scheme="dcterms:URI"><![CDATA[oai:core.kmi.open.ac.uk:26943197]]></dc:identifier>
	<dc:identifier scheme="dcterms:URI"><![CDATA[http://core.kmi.open.ac.uk/download/pdf/26943197.pdf]]></dc:identifier>
	<dc:format><dcterms:medium><![CDATA[text]]></dcterms:medium></dc:format>
</ags:resource>
<ags:resource ags:ARN="GB2015403839">
	<dc:title><![CDATA[Towards a Theory of the Reform of the Common Agricultural Policy]]></dc:title>
	<dc:creator>
		<ags:creatorPersonal><![CDATA[Adrian Kay]]></ags:creatorPersonal>
	</dc:creator>
	<dc:identifier scheme="dcterms:URI"><![CDATA[http://core.kmi.open.ac.uk/download/pdf/26925331.pdf]]></dc:identifier>
	<dc:identifier scheme="dcterms:URI"><![CDATA[oai:core.kmi.open.ac.uk:26925331]]></dc:identifier>
	<dc:format><dcterms:medium><![CDATA[text]]></dcterms:medium></dc:format>
</ags:resource>
<ags:resource ags:ARN="GB2015403840">
	<dc:title><![CDATA[Padrões de interação sociedade e natureza: algumas peculiaridades do caso Brasileiro]]></dc:title>
	<dc:creator>
		<ags:creatorPersonal><![CDATA[Celso Fern]]></ags:creatorPersonal>
		<ags:creatorPersonal><![CDATA[o de Azambuja Gomes Carneiro]]></ags:creatorPersonal>
	</dc:creator>
	<dc:identifier scheme="dcterms:URI"><![CDATA[oai:core.kmi.open.ac.uk:26956976]]></dc:identifier>
	<dc:identifier scheme="dcterms:URI"><![CDATA[http://core.kmi.open.ac.uk/download/pdf/26956976.pdf]]></dc:identifier>
	<dc:format><dcterms:medium><![CDATA[text]]></dcterms:medium></dc:format>
</ags:resource>
<ags:resource ags:ARN="GB2015403841">
	<dc:title><![CDATA[EVOLUTION OF ORGANIC AGRICULTURE IN ROMANIA AND ITS  IMPORTANCE IN SUSTAINABLE RURAL DEVELOPMENT]]></dc:title>
	<dc:creator>
		<ags:creatorPersonal><![CDATA[Andreea Daniela PASCU]]></ags:creatorPersonal>
	</dc:creator>
	<dc:identifier scheme="dcterms:URI"><![CDATA[oai:core.kmi.open.ac.uk:26943026]]></dc:identifier>
	<dc:identifier scheme="dcterms:URI"><![CDATA[http://core.kmi.open.ac.uk/download/pdf/26943026.pdf]]></dc:identifier>
	<dc:format><dcterms:medium><![CDATA[text]]></dcterms:medium></dc:format>
</ags:resource>
<ags:resource ags:ARN="GB2015403842">
	<dc:title><![CDATA[Administrative Feasibility of Monitoring Mechanisms Implementation for Sustainable Agriculture]]></dc:title>
	<dc:creator>
		<ags:creatorPersonal><![CDATA[Karim N. Mahdei]]></ags:creatorPersonal>
		<ags:creatorPersonal><![CDATA[Seyed M. Hosseini]]></ags:creatorPersonal>
		<ags:creatorPersonal><![CDATA[Mousa Aazami]]></ags:creatorPersonal>
		<ags:creatorPersonal><![CDATA[Heshmatollah Saadi]]></ags:creatorPersonal>
	</dc:creator>
	<dc:identifier scheme="dcterms:URI"><![CDATA[http://core.kmi.open.ac.uk/download/pdf/26956430.pdf]]></dc:identifier>
	<dc:identifier scheme="dcterms:URI"><![CDATA[oai:core.kmi.open.ac.uk:26956430]]></dc:identifier>
	<dc:format><dcterms:medium><![CDATA[text]]></dcterms:medium></dc:format>
</ags:resource>
<ags:resource ags:ARN="GB2015403843">
	<dc:title><![CDATA[DYNAMICS OF ORGANIC AGRICULTURE IN THE UK]]></dc:title>
	<dc:creator>
		<ags:creatorPersonal><![CDATA[Alex]]></ags:creatorPersonal>
		<ags:creatorPersonal><![CDATA[ra MUSCĂNESCU]]></ags:creatorPersonal>
	</dc:creator>
	<dc:identifier scheme="dcterms:URI"><![CDATA[oai:core.kmi.open.ac.uk:26961051]]></dc:identifier>
	<dc:identifier scheme="dcterms:URI"><![CDATA[http://core.kmi.open.ac.uk/download/pdf/26961051.pdf]]></dc:identifier>
	<dc:format><dcterms:medium><![CDATA[text]]></dcterms:medium></dc:format>
</ags:resource>
<ags:resource ags:ARN="GB2015403844">
	<dc:title><![CDATA[AGRARIAN POLICY OF THE RUSSIAN FED-ERATION AND KRASNODAR TERRITORY Аграрная политика РФ и Краснодарского края]]></dc:title>
	<dc:creator>
		<ags:creatorPersonal><![CDATA[Halyapin A. A.]]></ags:creatorPersonal>
	</dc:creator>
	<dc:identifier scheme="dcterms:URI"><![CDATA[http://core.kmi.open.ac.uk/download/pdf/26971110.pdf]]></dc:identifier>
	<dc:identifier scheme="dcterms:URI"><![CDATA[oai:core.kmi.open.ac.uk:26971110]]></dc:identifier>
	<dc:format><dcterms:medium><![CDATA[text]]></dcterms:medium></dc:format>
</ags:resource>
<ags:resource ags:ARN="GB2015403845">
	<dc:title><![CDATA[The soil use in rural areas]]></dc:title>
	<dc:creator>
		<ags:creatorPersonal><![CDATA[Stojkov Borislav]]></ags:creatorPersonal>
	</dc:creator>
	<dc:identifier scheme="dcterms:URI"><![CDATA[oai:core.kmi.open.ac.uk:26924575]]></dc:identifier>
	<dc:identifier scheme="dcterms:URI"><![CDATA[http://core.kmi.open.ac.uk/download/pdf/26924575.pdf]]></dc:identifier>
	<dc:format><dcterms:medium><![CDATA[text]]></dcterms:medium></dc:format>
</ags:resource>
<ags:resource ags:ARN="GB2015403846">
	<dc:title><![CDATA[Interfaces e transformações de práticas e conhecimentos  na agricultura: um ensaio bibliográfico sobre a  emergência das novidades]]></dc:title>
	<dc:creator>
		<ags:creatorPersonal><![CDATA[Flávia Charão Marques]]></ags:creatorPersonal>
		<ags:creatorPersonal><![CDATA[Monique Medeiros]]></ags:creatorPersonal>
	</dc:creator>
	<dc:identifier scheme="dcterms:URI"><![CDATA[http://core.kmi.open.ac.uk/download/pdf/26979633.pdf]]></dc:identifier>
	<dc:identifier scheme="dcterms:URI"><![CDATA[oai:core.kmi.open.ac.uk:26979633]]></dc:identifier>
	<dc:format><dcterms:medium><![CDATA[text]]></dcterms:medium></dc:format>
</ags:resource>
<ags:resource ags:ARN="GB2015403847">
	<dc:title><![CDATA[The Dualistic Model of European Agriculture: a Theoretical Framework for the Endogenous Development]]></dc:title>
	<dc:creator>
		<ags:creatorPersonal><![CDATA[Antonio SORTINO]]></ags:creatorPersonal>
		<ags:creatorPersonal><![CDATA[Margherita CHANG TING FA]]></ags:creatorPersonal>
	</dc:creator>
	<dc:identifier scheme="dcterms:URI"><![CDATA[http://core.kmi.open.ac.uk/download/pdf/26985336.pdf]]></dc:identifier>
	<dc:identifier scheme="dcterms:URI"><![CDATA[oai:core.kmi.open.ac.uk:26985336]]></dc:identifier>
	<dc:format><dcterms:medium><![CDATA[text]]></dcterms:medium></dc:format>
</ags:resource>
<ags:resource ags:ARN="GB2015403848">
	<dc:title><![CDATA[Some impacts of the EU accession on the new member states’ agriculture]]></dc:title>
	<dc:creator>
		<ags:creatorPersonal><![CDATA[Judit KISS]]></ags:creatorPersonal>
	</dc:creator>
	<dc:identifier scheme="dcterms:URI"><![CDATA[http://core.kmi.open.ac.uk/download/pdf/26981407.pdf]]></dc:identifier>
	<dc:identifier scheme="dcterms:URI"><![CDATA[oai:core.kmi.open.ac.uk:26981407]]></dc:identifier>
	<dc:format><dcterms:medium><![CDATA[text]]></dcterms:medium></dc:format>
</ags:resource>
<ags:resource ags:ARN="GB2015403849">
	<dc:title><![CDATA[Managing Land and Water under Changing Climatic Conditions in India: A Critical Perspective]]></dc:title>
	<dc:creator>
		<ags:creatorPersonal><![CDATA[Sudip Mitra]]></ags:creatorPersonal>
		<ags:creatorPersonal><![CDATA[Sushanta Mahapatra]]></ags:creatorPersonal>
	</dc:creator>
	<dc:identifier scheme="dcterms:URI"><![CDATA[oai:core.kmi.open.ac.uk:26962265]]></dc:identifier>
	<dc:identifier scheme="dcterms:URI"><![CDATA[http://core.kmi.open.ac.uk/download/pdf/26962265.pdf]]></dc:identifier>
	<dc:format><dcterms:medium><![CDATA[text]]></dcterms:medium></dc:format>
</ags:resource>
<ags:resource ags:ARN="GB2015403850">
	<dc:title><![CDATA[Producing Television Agriculture Program: Issues and Problems among Malaysian Television Producers]]></dc:title>
	<dc:creator>
		<ags:creatorPersonal><![CDATA[Md. S. Hassan]]></ags:creatorPersonal>
		<ags:creatorPersonal><![CDATA[Hayrol A.M. Shaffril]]></ags:creatorPersonal>
		<ags:creatorPersonal><![CDATA[Bahaman A. Samah]]></ags:creatorPersonal>
		<ags:creatorPersonal><![CDATA[Mohamad S.S. Ali]]></ags:creatorPersonal>
		<ags:creatorPersonal><![CDATA[Nor S. Ramli]]></ags:creatorPersonal>
	</dc:creator>
	<dc:identifier scheme="dcterms:URI"><![CDATA[oai:core.kmi.open.ac.uk:26987304]]></dc:identifier>
	<dc:identifier scheme="dcterms:URI"><![CDATA[http://core.kmi.open.ac.uk/download/pdf/26987304.pdf]]></dc:identifier>
	<dc:format><dcterms:medium><![CDATA[text]]></dcterms:medium></dc:format>
</ags:resource>
<ags:resource ags:ARN="GB2015403851">
	<dc:title><![CDATA[Climate change and its gendered impacts on agriculture in Vietnam]]></dc:title>
	<dc:creator>
		<ags:creatorPersonal><![CDATA[P.T Trung]]></ags:creatorPersonal>
	</dc:creator>
	<dc:identifier scheme="dcterms:URI"><![CDATA[oai:core.kmi.open.ac.uk:26991426]]></dc:identifier>
	<dc:identifier scheme="dcterms:URI"><![CDATA[http://core.kmi.open.ac.uk/download/pdf/26991426.pdf]]></dc:identifier>
	<dc:format><dcterms:medium><![CDATA[text]]></dcterms:medium></dc:format>
</ags:resource>
<ags:resource ags:ARN="GB2015403852">
	<dc:title><![CDATA[EFFECT OF MICRO FINANCE ON POVERTY REDUCTION OF SMALL  SCALE FARMERS OF PAKISTAN]]></dc:title>
	<dc:creator>
		<ags:creatorPersonal><![CDATA[Zaheer Ahmad SAEED]]></ags:creatorPersonal>
		<ags:creatorPersonal><![CDATA[Rashid SAEED]]></ags:creatorPersonal>
		<ags:creatorPersonal><![CDATA[Rab Nawaz LODHI]]></ags:creatorPersonal>
	</dc:creator>
	<dc:identifier scheme="dcterms:URI"><![CDATA[http://core.kmi.open.ac.uk/download/pdf/26989472.pdf]]></dc:identifier>
	<dc:identifier scheme="dcterms:URI"><![CDATA[oai:core.kmi.open.ac.uk:26989472]]></dc:identifier>
	<dc:format><dcterms:medium><![CDATA[text]]></dcterms:medium></dc:format>
</ags:resource>
<ags:resource ags:ARN="GB2015403853">
	<dc:title><![CDATA[DEVELOPING ASAT SOLIDARITY PARTNERSHIPS TO SUPPORT THE SMALL LOCAL PRODUCERS: STAKES AND PREMISES]]></dc:title>
	<dc:creator>
		<ags:creatorPersonal><![CDATA[Sergiu Florean]]></ags:creatorPersonal>
		<ags:creatorPersonal><![CDATA[Mihaela Veţan]]></ags:creatorPersonal>
	</dc:creator>
	<dc:identifier scheme="dcterms:URI"><![CDATA[http://core.kmi.open.ac.uk/download/pdf/26992901.pdf]]></dc:identifier>
	<dc:identifier scheme="dcterms:URI"><![CDATA[oai:core.kmi.open.ac.uk:26992901]]></dc:identifier>
	<dc:format><dcterms:medium><![CDATA[text]]></dcterms:medium></dc:format>
</ags:resource>
<ags:resource ags:ARN="GB2015403854">
	<dc:title><![CDATA[Predicting suitable areas for cultivation and conservation of the baobab tree and investigating superior sources of planting material]]></dc:title>
	<dc:creator>
		<ags:creatorPersonal><![CDATA[Pusat Pengajian Sains Kajihayat PPSKJ]]></ags:creatorPersonal>
	</dc:creator>
	<dc:identifier scheme="dcterms:URI"><![CDATA[http://core.kmi.open.ac.uk/download/pdf/269988.pdf]]></dc:identifier>
	<dc:identifier scheme="dcterms:URI"><![CDATA[oai:core.kmi.open.ac.uk:269988]]></dc:identifier>
	<dc:format><dcterms:medium><![CDATA[text]]></dcterms:medium></dc:format>
</ags:resource>
<ags:resource ags:ARN="GB2015403855">
	<dc:title><![CDATA[THE COMMON EU AGRICULTURAL POLICY AND ITS IMPLEMENTATION IN ROMANIA]]></dc:title>
	<dc:creator>
		<ags:creatorPersonal><![CDATA[PORUMBACEAN CLAUDIU]]></ags:creatorPersonal>
	</dc:creator>
	<dc:identifier scheme="dcterms:URI"><![CDATA[http://core.kmi.open.ac.uk/download/pdf/27025888.pdf]]></dc:identifier>
	<dc:identifier scheme="dcterms:URI"><![CDATA[oai:core.kmi.open.ac.uk:27025888]]></dc:identifier>
	<dc:format><dcterms:medium><![CDATA[text]]></dcterms:medium></dc:format>
</ags:resource>
<ags:resource ags:ARN="GB2015403856">
	<dc:title><![CDATA[When the shifting agriculture is gone: functionality of Atlantic Coastal Forest in abandoned farming sites]]></dc:title>
	<dc:creator>
		<ags:creatorPersonal><![CDATA[Rogério Ribeiro de Oliveira]]></ags:creatorPersonal>
	</dc:creator>
	<dc:identifier scheme="dcterms:URI"><![CDATA[http://core.kmi.open.ac.uk/download/pdf/27039456.pdf]]></dc:identifier>
	<dc:identifier scheme="dcterms:URI"><![CDATA[oai:core.kmi.open.ac.uk:27039456]]></dc:identifier>
	<dc:format><dcterms:medium><![CDATA[text]]></dcterms:medium></dc:format>
</ags:resource>
<ags:resource ags:ARN="GB2015403857">
	<dc:title><![CDATA[Agroterrorism as a current challenge]]></dc:title>
	<dc:creator>
		<ags:creatorPersonal><![CDATA[Radosavljević Vladan]]></ags:creatorPersonal>
		<ags:creatorPersonal><![CDATA[Stojković Ksenija]]></ags:creatorPersonal>
		<ags:creatorPersonal><![CDATA[Anđelković Radivoje]]></ags:creatorPersonal>
		<ags:creatorPersonal><![CDATA[Andrejić Marko]]></ags:creatorPersonal>
	</dc:creator>
	<dc:identifier scheme="dcterms:URI"><![CDATA[oai:core.kmi.open.ac.uk:27059406]]></dc:identifier>
	<dc:identifier scheme="dcterms:URI"><![CDATA[http://core.kmi.open.ac.uk/download/pdf/27059406.pdf]]></dc:identifier>
	<dc:format><dcterms:medium><![CDATA[text]]></dcterms:medium></dc:format>
</ags:resource>
<ags:resource ags:ARN="GB2015403858">
	<dc:title><![CDATA[Soil erosion as a consequence of wildfires on recently abandoned citrus orchards in eastern Spain]]></dc:title>
	<dc:creator>
		<ags:creatorPersonal><![CDATA[A.Cerdà]]></ags:creatorPersonal>
		<ags:creatorPersonal><![CDATA[F.A. González-Peñaloza]]></ags:creatorPersonal>
		<ags:creatorPersonal><![CDATA[M. Burguet]]></ags:creatorPersonal>
		<ags:creatorPersonal><![CDATA[P. Pereira]]></ags:creatorPersonal>
	</dc:creator>
	<dc:identifier scheme="dcterms:URI"><![CDATA[oai:core.kmi.open.ac.uk:27045463]]></dc:identifier>
	<dc:identifier scheme="dcterms:URI"><![CDATA[http://core.kmi.open.ac.uk/download/pdf/27045463.pdf]]></dc:identifier>
	<dc:format><dcterms:medium><![CDATA[text]]></dcterms:medium></dc:format>
</ags:resource>
<ags:resource ags:ARN="GB2015403859">
	<dc:title><![CDATA[Towards a Theory of the Reform of the Common Agricultural Policy]]></dc:title>
	<dc:creator>
		<ags:creatorPersonal><![CDATA[Adrian Kay]]></ags:creatorPersonal>
	</dc:creator>
	<dc:identifier scheme="dcterms:URI"><![CDATA[oai:core.kmi.open.ac.uk:27066090]]></dc:identifier>
	<dc:identifier scheme="dcterms:URI"><![CDATA[http://core.kmi.open.ac.uk/download/pdf/27066090.pdf]]></dc:identifier>
	<dc:format><dcterms:medium><![CDATA[text]]></dcterms:medium></dc:format>
</ags:resource>
<ags:resource ags:ARN="GB2015403860">
	<dc:title><![CDATA[Land-Use Mapping in a Mixed Urban-Agricultural Arid Landscape Using Object-Based Image Analysis: A Case Study from Maricopa, Arizona]]></dc:title>
	<dc:creator>
		<ags:creatorPersonal><![CDATA[Christopher S. Galletti]]></ags:creatorPersonal>
		<ags:creatorPersonal><![CDATA[Soe W. Myint]]></ags:creatorPersonal>
	</dc:creator>
	<dc:identifier scheme="dcterms:URI"><![CDATA[http://core.kmi.open.ac.uk/download/pdf/27061730.pdf]]></dc:identifier>
	<dc:identifier scheme="dcterms:URI"><![CDATA[oai:core.kmi.open.ac.uk:27061730]]></dc:identifier>
	<dc:format><dcterms:medium><![CDATA[text]]></dcterms:medium></dc:format>
</ags:resource>
<ags:resource ags:ARN="GB2015403861">
	<dc:title><![CDATA[Evolution of capabilities in agribusiness: the case of the Mexican dairy sector]]></dc:title>
	<dc:creator>
		<ags:creatorPersonal><![CDATA[Guadalupe del Rocío Alvarez Tinoco]]></ags:creatorPersonal>
	</dc:creator>
	<dc:identifier scheme="dcterms:URI"><![CDATA[http://core.kmi.open.ac.uk/download/pdf/2710136.pdf]]></dc:identifier>
	<dc:identifier scheme="dcterms:URI"><![CDATA[oai:core.kmi.open.ac.uk:2710136]]></dc:identifier>
	<dc:format><dcterms:medium><![CDATA[text]]></dcterms:medium></dc:format>
</ags:resource>
<ags:resource ags:ARN="GB2015403862">
	<dc:title><![CDATA[Détermination de l’intérêt environnemental via l’analyse  du cycle de vie du traitement des effluents organiques  par méthanisation au regard des contraintes territoriales]]></dc:title>
	<dc:creator>
		<ags:creatorPersonal><![CDATA[AISSANI]]></ags:creatorPersonal>
		<ags:creatorPersonal><![CDATA[Lynda ; COLLET]]></ags:creatorPersonal>
		<ags:creatorPersonal><![CDATA[Audrey ; BÉLINE]]></ags:creatorPersonal>
		<ags:creatorPersonal><![CDATA[Fabrice]]></ags:creatorPersonal>
	</dc:creator>
	<dc:identifier scheme="dcterms:URI"><![CDATA[http://core.kmi.open.ac.uk/download/pdf/27063923.pdf]]></dc:identifier>
	<dc:identifier scheme="dcterms:URI"><![CDATA[oai:core.kmi.open.ac.uk:27063923]]></dc:identifier>
	<dc:format><dcterms:medium><![CDATA[text]]></dcterms:medium></dc:format>
</ags:resource>
<ags:resource ags:ARN="GB2015403863">
	<dc:title><![CDATA[Farming in the ancient Greek world: how should the small free producers be defined?]]></dc:title>
	<dc:creator>
		<ags:creatorPersonal><![CDATA[Julián Gallego]]></ags:creatorPersonal>
	</dc:creator>
	<dc:identifier scheme="dcterms:URI"><![CDATA[oai:core.kmi.open.ac.uk:27051713]]></dc:identifier>
	<dc:identifier scheme="dcterms:URI"><![CDATA[http://core.kmi.open.ac.uk/download/pdf/27051713.pdf]]></dc:identifier>
	<dc:format><dcterms:medium><![CDATA[text]]></dcterms:medium></dc:format>
</ags:resource>
<ags:resource ags:ARN="GB2015403864">
	<dc:title><![CDATA[Technical Efficiency of Organic and Biodynamic Farms in the Czech Republic]]></dc:title>
	<dc:creator>
		<ags:creatorPersonal><![CDATA[Jessica M. Schwartz]]></ags:creatorPersonal>
	</dc:creator>
	<dc:identifier scheme="dcterms:URI"><![CDATA[oai:core.kmi.open.ac.uk:27140098]]></dc:identifier>
	<dc:identifier scheme="dcterms:URI"><![CDATA[http://core.kmi.open.ac.uk/download/pdf/27140098.pdf]]></dc:identifier>
	<dc:format><dcterms:medium><![CDATA[text]]></dcterms:medium></dc:format>
</ags:resource>
<ags:resource ags:ARN="GB2015403865">
	<dc:title><![CDATA[A BIOPHYSIOCHEMICAL ANALYSIS OF SETTLED LIVESTOCK AND POULTRY HOUSING DUSTS]]></dc:title>
	<dc:creator>
		<ags:creatorPersonal><![CDATA[Carresse  Gerald]]></ags:creatorPersonal>
		<ags:creatorPersonal><![CDATA[Christi  McPherson]]></ags:creatorPersonal>
		<ags:creatorPersonal><![CDATA[ThaMes  McDaniel]]></ags:creatorPersonal>
		<ags:creatorPersonal><![CDATA[Zhigang  Xu]]></ags:creatorPersonal>
		<ags:creatorPersonal><![CDATA[Bryce  Holmes]]></ags:creatorPersonal>
		<ags:creatorPersonal><![CDATA[Leonard  Williams]]></ags:creatorPersonal>
		<ags:creatorPersonal><![CDATA[Niki  Whitley]]></ags:creatorPersonal>
		<ags:creatorPersonal><![CDATA[Jenora Turner Waterman]]></ags:creatorPersonal>
	</dc:creator>
	<dc:identifier scheme="dcterms:URI"><![CDATA[http://core.kmi.open.ac.uk/download/pdf/27179994.pdf]]></dc:identifier>
	<dc:identifier scheme="dcterms:URI"><![CDATA[oai:core.kmi.open.ac.uk:27179994]]></dc:identifier>
	<dc:format><dcterms:medium><![CDATA[text]]></dcterms:medium></dc:format>
</ags:resource>
<ags:resource ags:ARN="GB2015403866">
	<dc:title><![CDATA[THE IMPACT OF NATURAL RISKS ON AGRICULTURAL  DEVELOPMENT OF THE REPUBLIC OF MOLDOVA]]></dc:title>
	<dc:creator>
		<ags:creatorPersonal><![CDATA[Elena NIREAN]]></ags:creatorPersonal>
	</dc:creator>
	<dc:identifier scheme="dcterms:URI"><![CDATA[oai:core.kmi.open.ac.uk:27180564]]></dc:identifier>
	<dc:identifier scheme="dcterms:URI"><![CDATA[http://core.kmi.open.ac.uk/download/pdf/27180564.pdf]]></dc:identifier>
	<dc:format><dcterms:medium><![CDATA[text]]></dcterms:medium></dc:format>
</ags:resource>
<ags:resource ags:ARN="GB2015403867">
	<dc:title><![CDATA[Design of Power Converters for Solar Fencing System Employed in  Agriculture]]></dc:title>
	<dc:creator>
		<ags:creatorPersonal><![CDATA[Dr.R. Ramaprabha R. Arvind V. Krishnan B. S. Dhivya]]></ags:creatorPersonal>
	</dc:creator>
	<dc:identifier scheme="dcterms:URI"><![CDATA[http://core.kmi.open.ac.uk/download/pdf/27195738.pdf]]></dc:identifier>
	<dc:identifier scheme="dcterms:URI"><![CDATA[oai:core.kmi.open.ac.uk:27195738]]></dc:identifier>
	<dc:format><dcterms:medium><![CDATA[text]]></dcterms:medium></dc:format>
</ags:resource>
<ags:resource ags:ARN="GB2015403868">
	<dc:title><![CDATA[PERSPECTIVES OF THE VEHICLES OPERATIONAL CHARACTERISTICS INCREASE WHEN HORTICULTURAL PRODUCTS IN FARM TRANSPORTATION Перспективы повышения эксплутационных показателей транспортных средств при внутрихозяйственных перевозках плодоовощной продукции]]></dc:title>
	<dc:creator>
		<ags:creatorPersonal><![CDATA[Byshоv N. V.]]></ags:creatorPersonal>
		<ags:creatorPersonal><![CDATA[Bоrychev S. N.]]></ags:creatorPersonal>
		<ags:creatorPersonal><![CDATA[Uspensky I. A.]]></ags:creatorPersonal>
		<ags:creatorPersonal><![CDATA[Rembalovich G. K.]]></ags:creatorPersonal>
		<ags:creatorPersonal><![CDATA[Kokorev G. D.]]></ags:creatorPersonal>
		<ags:creatorPersonal><![CDATA[Yukhin I. A.]]></ags:creatorPersonal>
		<ags:creatorPersonal><![CDATA[Zhukov K. A.]]></ags:creatorPersonal>
		<ags:creatorPersonal><![CDATA[Bulatov E. P.]]></ags:creatorPersonal>
	</dc:creator>
	<dc:identifier scheme="dcterms:URI"><![CDATA[oai:core.kmi.open.ac.uk:27196637]]></dc:identifier>
	<dc:identifier scheme="dcterms:URI"><![CDATA[http://core.kmi.open.ac.uk/download/pdf/27196637.pdf]]></dc:identifier>
	<dc:format><dcterms:medium><![CDATA[text]]></dcterms:medium></dc:format>
</ags:resource>
<ags:resource ags:ARN="GB2015403869">
	<dc:title><![CDATA[SETTLEMENTS AND TOPONOMY IN THE PĂTÂRLAGELE DEPRESSION: THE PĂNĂTĂU AND SIBICIU LOCALITIES]]></dc:title>
	<dc:creator>
		<ags:creatorPersonal><![CDATA[NICOLAE MUICĂ]]></ags:creatorPersonal>
		<ags:creatorPersonal><![CDATA[DAVID TURNOCK]]></ags:creatorPersonal>
	</dc:creator>
	<dc:identifier scheme="dcterms:URI"><![CDATA[http://core.kmi.open.ac.uk/download/pdf/27211926.pdf]]></dc:identifier>
	<dc:identifier scheme="dcterms:URI"><![CDATA[oai:core.kmi.open.ac.uk:27211926]]></dc:identifier>
	<dc:format><dcterms:medium><![CDATA[text]]></dcterms:medium></dc:format>
</ags:resource>
<ags:resource ags:ARN="GB2015403870">
	<dc:title><![CDATA[The game damages on agricultural crops in Croatia]]></dc:title>
	<dc:creator>
		<ags:creatorPersonal><![CDATA[Hrvoje Novosel]]></ags:creatorPersonal>
		<ags:creatorPersonal><![CDATA[Marina Piria]]></ags:creatorPersonal>
		<ags:creatorPersonal><![CDATA[Roman Safner]]></ags:creatorPersonal>
		<ags:creatorPersonal><![CDATA[Hrvoje Kutnjak]]></ags:creatorPersonal>
		<ags:creatorPersonal><![CDATA[Nikica Šprem]]></ags:creatorPersonal>
	</dc:creator>
	<dc:identifier scheme="dcterms:URI"><![CDATA[http://core.kmi.open.ac.uk/download/pdf/27184431.pdf]]></dc:identifier>
	<dc:identifier scheme="dcterms:URI"><![CDATA[oai:core.kmi.open.ac.uk:27184431]]></dc:identifier>
	<dc:format><dcterms:medium><![CDATA[text]]></dcterms:medium></dc:format>
</ags:resource>
<ags:resource ags:ARN="GB2015403871">
	<dc:title><![CDATA[APPLYING SEASONAL CLIMATE TRENDS TO AGRICULTURAL PRODUCTION IN TANJUNG KARANG, MALAYSIA]]></dc:title>
	<dc:creator>
		<ags:creatorPersonal><![CDATA[Mohd Ekhwan Toriman]]></ags:creatorPersonal>
		<ags:creatorPersonal><![CDATA[Lee Qiao Yun]]></ags:creatorPersonal>
		<ags:creatorPersonal><![CDATA[Mohd Khairul Amri Kamarudin]]></ags:creatorPersonal>
		<ags:creatorPersonal><![CDATA[Nor Azlina Abdul Aziz]]></ags:creatorPersonal>
		<ags:creatorPersonal><![CDATA[Mazlin  Mokhtar]]></ags:creatorPersonal>
		<ags:creatorPersonal><![CDATA[Rahmah  Elfithri]]></ags:creatorPersonal>
		<ags:creatorPersonal><![CDATA[Kamp]]></ags:creatorPersonal>
		<ags:creatorPersonal><![CDATA[Bhaktikul]]></ags:creatorPersonal>
	</dc:creator>
	<dc:identifier scheme="dcterms:URI"><![CDATA[oai:core.kmi.open.ac.uk:27218490]]></dc:identifier>
	<dc:identifier scheme="dcterms:URI"><![CDATA[http://core.kmi.open.ac.uk/download/pdf/27218490.pdf]]></dc:identifier>
	<dc:format><dcterms:medium><![CDATA[text]]></dcterms:medium></dc:format>
</ags:resource>
<ags:resource ags:ARN="GB2015403872">
	<dc:title><![CDATA[DIMENSIUNILE GLOBALE ALE FENOMENELOR GENERATE DE PROBLEMELE ALIMENTARE]]></dc:title>
	<dc:creator>
		<ags:creatorPersonal><![CDATA[Boită Marius]]></ags:creatorPersonal>
	</dc:creator>
	<dc:identifier scheme="dcterms:URI"><![CDATA[oai:core.kmi.open.ac.uk:27232881]]></dc:identifier>
	<dc:identifier scheme="dcterms:URI"><![CDATA[http://core.kmi.open.ac.uk/download/pdf/27232881.pdf]]></dc:identifier>
	<dc:format><dcterms:medium><![CDATA[text]]></dcterms:medium></dc:format>
</ags:resource>
<ags:resource ags:ARN="GB2015403873">
	<dc:title><![CDATA[La méthanisation en milieu rural et ses perspectives de développement en France]]></dc:title>
	<dc:creator>
		<ags:creatorPersonal><![CDATA[Fabrice BÉLINE]]></ags:creatorPersonal>
		<ags:creatorPersonal><![CDATA[Pascal PEU]]></ags:creatorPersonal>
		<ags:creatorPersonal><![CDATA[Patrick DABERT]]></ags:creatorPersonal>
		<ags:creatorPersonal><![CDATA[Anne TRÉMIER]]></ags:creatorPersonal>
		<ags:creatorPersonal><![CDATA[Gaëlle GUEN]]></ags:creatorPersonal>
		<ags:creatorPersonal><![CDATA[Armelle DAMIANO]]></ags:creatorPersonal>
	</dc:creator>
	<dc:identifier scheme="dcterms:URI"><![CDATA[http://core.kmi.open.ac.uk/download/pdf/27237693.pdf]]></dc:identifier>
	<dc:identifier scheme="dcterms:URI"><![CDATA[oai:core.kmi.open.ac.uk:27237693]]></dc:identifier>
	<dc:format><dcterms:medium><![CDATA[text]]></dcterms:medium></dc:format>
</ags:resource>
<ags:resource ags:ARN="GB2015403874">
	<dc:title><![CDATA[THE KNOWLEDGE OF ROMANIAN AGRICULTURE IN TERMS OF  SUSTAINABILITY]]></dc:title>
	<dc:creator>
		<ags:creatorPersonal><![CDATA[Iuliana DOBRE]]></ags:creatorPersonal>
		<ags:creatorPersonal><![CDATA[Iuliana DOBRE]]></ags:creatorPersonal>
	</dc:creator>
	<dc:identifier scheme="dcterms:URI"><![CDATA[http://core.kmi.open.ac.uk/download/pdf/27227459.pdf]]></dc:identifier>
	<dc:identifier scheme="dcterms:URI"><![CDATA[oai:core.kmi.open.ac.uk:27227459]]></dc:identifier>
	<dc:format><dcterms:medium><![CDATA[text]]></dcterms:medium></dc:format>
</ags:resource>
<ags:resource ags:ARN="GB2015403875">
	<dc:title><![CDATA[Resource potential of ukrainian agricultural sector and its implementation]]></dc:title>
	<dc:creator>
		<ags:creatorPersonal><![CDATA[L.M. Koval]]></ags:creatorPersonal>
	</dc:creator>
	<dc:identifier scheme="dcterms:URI"><![CDATA[http://core.kmi.open.ac.uk/download/pdf/27217218.pdf]]></dc:identifier>
	<dc:identifier scheme="dcterms:URI"><![CDATA[oai:core.kmi.open.ac.uk:27217218]]></dc:identifier>
	<dc:format><dcterms:medium><![CDATA[text]]></dcterms:medium></dc:format>
</ags:resource>
<ags:resource ags:ARN="GB2015403876">
	<dc:title><![CDATA[The Determinants of Agricultural Production and Profitability in Akoko Land, Ondo-State, Nigeria]]></dc:title>
	<dc:creator>
		<ags:creatorPersonal><![CDATA[Fasoranti O. Olujenyo]]></ags:creatorPersonal>
	</dc:creator>
	<dc:identifier scheme="dcterms:URI"><![CDATA[oai:core.kmi.open.ac.uk:27244651]]></dc:identifier>
	<dc:identifier scheme="dcterms:URI"><![CDATA[http://core.kmi.open.ac.uk/download/pdf/27244651.pdf]]></dc:identifier>
	<dc:format><dcterms:medium><![CDATA[text]]></dcterms:medium></dc:format>
</ags:resource>
<ags:resource ags:ARN="GB2015403877">
	<dc:title><![CDATA[Land use planning for sustainable development of peri-urban zones]]></dc:title>
	<dc:creator>
		<ags:creatorPersonal><![CDATA[Živanović-Miljković Jelena]]></ags:creatorPersonal>
		<ags:creatorPersonal><![CDATA[Crnčević Tijana]]></ags:creatorPersonal>
		<ags:creatorPersonal><![CDATA[Marić Igor]]></ags:creatorPersonal>
	</dc:creator>
	<dc:identifier scheme="dcterms:URI"><![CDATA[http://core.kmi.open.ac.uk/download/pdf/27229663.pdf]]></dc:identifier>
	<dc:identifier scheme="dcterms:URI"><![CDATA[oai:core.kmi.open.ac.uk:27229663]]></dc:identifier>
	<dc:format><dcterms:medium><![CDATA[text]]></dcterms:medium></dc:format>
</ags:resource>
<ags:resource ags:ARN="GB2015403878">
	<dc:title><![CDATA[A Agricultura familiar no município de Água Santa – RS: um estudo de caso dos indicadores agropecuários,  estratégias de diversificação e autoconsumo em duas unidades de produção]]></dc:title>
	<dc:creator>
		<ags:creatorPersonal><![CDATA[Karen Beltrame Becker Fritz]]></ags:creatorPersonal>
		<ags:creatorPersonal><![CDATA[Luiz Fern]]></ags:creatorPersonal>
		<ags:creatorPersonal><![CDATA[o Fritz Filho]]></ags:creatorPersonal>
		<ags:creatorPersonal><![CDATA[Hélder Bezzuti]]></ags:creatorPersonal>
	</dc:creator>
	<dc:identifier scheme="dcterms:URI"><![CDATA[oai:core.kmi.open.ac.uk:27248619]]></dc:identifier>
	<dc:identifier scheme="dcterms:URI"><![CDATA[http://core.kmi.open.ac.uk/download/pdf/27248619.pdf]]></dc:identifier>
	<dc:format><dcterms:medium><![CDATA[text]]></dcterms:medium></dc:format>
</ags:resource>
<ags:resource ags:ARN="GB2015403879">
	<dc:title><![CDATA[Extension Worker as a Leader to Farmers: Influence of Extension Leadership Competencies and Organisational Commitment on Extension Workers’ Performance in Yemen]]></dc:title>
	<dc:creator>
		<ags:creatorPersonal><![CDATA[Prof. Dr. Turiman SUANDI]]></ags:creatorPersonal>
		<ags:creatorPersonal><![CDATA[Prof. Dr. Maimunah ISMAIL]]></ags:creatorPersonal>
		<ags:creatorPersonal><![CDATA[Ali Hassan Obaid KHALIL]]></ags:creatorPersonal>
		<ags:creatorPersonal><![CDATA[Prof. Dr. Abu Daud SILONG]]></ags:creatorPersonal>
	</dc:creator>
	<dc:identifier scheme="dcterms:URI"><![CDATA[http://core.kmi.open.ac.uk/download/pdf/27248063.pdf]]></dc:identifier>
	<dc:identifier scheme="dcterms:URI"><![CDATA[oai:core.kmi.open.ac.uk:27248063]]></dc:identifier>
	<dc:format><dcterms:medium><![CDATA[text]]></dcterms:medium></dc:format>
</ags:resource>
<ags:resource ags:ARN="GB2015403880">
	<dc:title><![CDATA[Agrosocial analysis of the family farmers’ perception on agroforestry systems in northeastern Pará state, Brazil]]></dc:title>
	<dc:creator>
		<ags:creatorPersonal><![CDATA[Idemê Gomes Amaral]]></ags:creatorPersonal>
		<ags:creatorPersonal><![CDATA[Karl Henkel]]></ags:creatorPersonal>
	</dc:creator>
	<dc:identifier scheme="dcterms:URI"><![CDATA[http://core.kmi.open.ac.uk/download/pdf/27248734.pdf]]></dc:identifier>
	<dc:identifier scheme="dcterms:URI"><![CDATA[oai:core.kmi.open.ac.uk:27248734]]></dc:identifier>
	<dc:format><dcterms:medium><![CDATA[text]]></dcterms:medium></dc:format>
</ags:resource>
<ags:resource ags:ARN="GB2015403881">
	<dc:title><![CDATA[The slash-and-burn agriculture: a system in transformation]]></dc:title>
	<dc:creator>
		<ags:creatorPersonal><![CDATA[Nelson Novaes Pedroso Júnior]]></ags:creatorPersonal>
		<ags:creatorPersonal><![CDATA[Rui Sergio Sereni Murrieta]]></ags:creatorPersonal>
		<ags:creatorPersonal><![CDATA[Cristina Adams]]></ags:creatorPersonal>
	</dc:creator>
	<dc:identifier scheme="dcterms:URI"><![CDATA[http://core.kmi.open.ac.uk/download/pdf/27248262.pdf]]></dc:identifier>
	<dc:identifier scheme="dcterms:URI"><![CDATA[oai:core.kmi.open.ac.uk:27248262]]></dc:identifier>
	<dc:format><dcterms:medium><![CDATA[text]]></dcterms:medium></dc:format>
</ags:resource>
<ags:resource ags:ARN="GB2015403882">
	<dc:title><![CDATA[RURAL EMPLOYMENT IN THE CONTEXT OF ROMANIAN REGIONAL DEVELOPMENT]]></dc:title>
	<dc:creator>
		<ags:creatorPersonal><![CDATA[EMILIA HERMAN]]></ags:creatorPersonal>
	</dc:creator>
	<dc:identifier scheme="dcterms:URI"><![CDATA[oai:core.kmi.open.ac.uk:27251997]]></dc:identifier>
	<dc:identifier scheme="dcterms:URI"><![CDATA[http://core.kmi.open.ac.uk/download/pdf/27251997.pdf]]></dc:identifier>
	<dc:format><dcterms:medium><![CDATA[text]]></dcterms:medium></dc:format>
</ags:resource>
<ags:resource ags:ARN="GB2015403883">
	<dc:title><![CDATA[Current Research Status of Allelopathy]]></dc:title>
	<dc:creator>
		<ags:creatorPersonal><![CDATA[AHMAD  JUNAEDI]]></ags:creatorPersonal>
		<ags:creatorPersonal><![CDATA[MUHAMMAD  AHMAD  CHOZIN]]></ags:creatorPersonal>
		<ags:creatorPersonal><![CDATA[KWANG HO KIM]]></ags:creatorPersonal>
	</dc:creator>
	<dc:identifier scheme="dcterms:URI"><![CDATA[http://core.kmi.open.ac.uk/download/pdf/27255248.pdf]]></dc:identifier>
	<dc:identifier scheme="dcterms:URI"><![CDATA[oai:core.kmi.open.ac.uk:27255248]]></dc:identifier>
	<dc:format><dcterms:medium><![CDATA[text]]></dcterms:medium></dc:format>
</ags:resource>
<ags:resource ags:ARN="GB2015403884">
	<dc:title><![CDATA[Can Quality of Work Life Affect Work Performance among Government Agriculture Extension Officers? A Case from Malaysia]]></dc:title>
	<dc:creator>
		<ags:creatorPersonal><![CDATA[O. Jamilah]]></ags:creatorPersonal>
		<ags:creatorPersonal><![CDATA[M. S.H. Azril]]></ags:creatorPersonal>
		<ags:creatorPersonal><![CDATA[U. Jegak]]></ags:creatorPersonal>
		<ags:creatorPersonal><![CDATA[M. Asiah]]></ags:creatorPersonal>
		<ags:creatorPersonal><![CDATA[A. N. Azman]]></ags:creatorPersonal>
		<ags:creatorPersonal><![CDATA[A. S.   Bahaman]]></ags:creatorPersonal>
		<ags:creatorPersonal><![CDATA[K. Thomas]]></ags:creatorPersonal>
	</dc:creator>
	<dc:identifier scheme="dcterms:URI"><![CDATA[http://core.kmi.open.ac.uk/download/pdf/27245727.pdf]]></dc:identifier>
	<dc:identifier scheme="dcterms:URI"><![CDATA[oai:core.kmi.open.ac.uk:27245727]]></dc:identifier>
	<dc:format><dcterms:medium><![CDATA[text]]></dcterms:medium></dc:format>
</ags:resource>
<ags:resource ags:ARN="GB2015403885">
	<dc:title><![CDATA[Organizational Learning in the Higher Education Institutions (A Case Study of Agricultural and Natural Recourses Campus of University of Tehran)]]></dc:title>
	<dc:creator>
		<ags:creatorPersonal><![CDATA[Hadi Veisi]]></ags:creatorPersonal>
	</dc:creator>
	<dc:identifier scheme="dcterms:URI"><![CDATA[oai:core.kmi.open.ac.uk:27257550]]></dc:identifier>
	<dc:identifier scheme="dcterms:URI"><![CDATA[http://core.kmi.open.ac.uk/download/pdf/27257550.pdf]]></dc:identifier>
	<dc:format><dcterms:medium><![CDATA[text]]></dcterms:medium></dc:format>
</ags:resource>
<ags:resource ags:ARN="GB2015403886">
	<dc:title><![CDATA[Feed-in tariffs for promoting solar PV: progressing from dynamic to allocative efficiency]]></dc:title>
	<dc:creator>
		<ags:creatorPersonal><![CDATA[William Bell]]></ags:creatorPersonal>
		<ags:creatorPersonal><![CDATA[John Foster]]></ags:creatorPersonal>
	</dc:creator>
	<dc:identifier scheme="dcterms:URI"><![CDATA[oai:core.kmi.open.ac.uk:27285972]]></dc:identifier>
	<dc:identifier scheme="dcterms:URI"><![CDATA[http://core.kmi.open.ac.uk/download/pdf/27285972.pdf]]></dc:identifier>
	<dc:format><dcterms:medium><![CDATA[text]]></dcterms:medium></dc:format>
</ags:resource>
<ags:resource ags:ARN="GB2015403887">
	<dc:title><![CDATA[Kajian penggunaan berbagai konsentrasi bap dan 2,4-d terhadap induksi kalus jarak pagar (jatropha curcas l.) Secara in vitro]]></dc:title>
	<dc:creator>
		<ags:creatorPersonal><![CDATA[Setianingrum Andaryani]]></ags:creatorPersonal>
	</dc:creator>
	<dc:identifier scheme="dcterms:URI"><![CDATA[http://core.kmi.open.ac.uk/download/pdf/27285975.pdf]]></dc:identifier>
	<dc:identifier scheme="dcterms:URI"><![CDATA[oai:core.kmi.open.ac.uk:27285975]]></dc:identifier>
	<dc:format><dcterms:medium><![CDATA[text]]></dcterms:medium></dc:format>
</ags:resource>
<ags:resource ags:ARN="GB2015403888">
	<dc:title><![CDATA[Decision making pattern of subsistence farmers in Bulgaria]]></dc:title>
	<dc:creator>
		<ags:creatorPersonal><![CDATA[M A Jorge]]></ags:creatorPersonal>
		<ags:creatorPersonal><![CDATA[G Claessens]]></ags:creatorPersonal>
		<ags:creatorPersonal><![CDATA[J Hanson]]></ags:creatorPersonal>
		<ags:creatorPersonal><![CDATA[. et al]]></ags:creatorPersonal>
	</dc:creator>
	<dc:identifier scheme="dcterms:URI"><![CDATA[http://core.kmi.open.ac.uk/download/pdf/27286033.pdf]]></dc:identifier>
	<dc:identifier scheme="dcterms:URI"><![CDATA[oai:core.kmi.open.ac.uk:27286033]]></dc:identifier>
	<dc:format><dcterms:medium><![CDATA[text]]></dcterms:medium></dc:format>
</ags:resource>
<ags:resource ags:ARN="GB2015403889">
	<dc:title><![CDATA[Thomas White (1739-1811) : eighteenth century landscape designer and arboriculturist]]></dc:title>
	<dc:creator>
		<ags:creatorPersonal><![CDATA[Abdul Hamid Mar Iman]]></ags:creatorPersonal>
	</dc:creator>
	<dc:identifier scheme="dcterms:URI"><![CDATA[oai:core.kmi.open.ac.uk:2731596]]></dc:identifier>
	<dc:identifier scheme="dcterms:URI"><![CDATA[http://core.kmi.open.ac.uk/download/pdf/2731596.pdf]]></dc:identifier>
	<dc:format><dcterms:medium><![CDATA[text]]></dcterms:medium></dc:format>
</ags:resource>
<ags:resource ags:ARN="GB2015403890">
	<dc:title><![CDATA[Marktstruktur und Preisbildung auf dem ukrainischen Markt für Rohmilch]]></dc:title>
	<dc:creator>
		<ags:creatorPersonal><![CDATA[Oleks]]></ags:creatorPersonal>
		<ags:creatorPersonal><![CDATA[r Perekhozhuk]]></ags:creatorPersonal>
	</dc:creator>
	<dc:identifier scheme="dcterms:URI"><![CDATA[http://core.kmi.open.ac.uk/download/pdf/27410710.pdf]]></dc:identifier>
	<dc:identifier scheme="dcterms:URI"><![CDATA[oai:core.kmi.open.ac.uk:27410710]]></dc:identifier>
	<dc:format><dcterms:medium><![CDATA[text]]></dcterms:medium></dc:format>
</ags:resource>
<ags:resource ags:ARN="GB2015403891">
	<dc:title><![CDATA[Reforming farmland and rangeland in Tharparkar: Suggested implementations for income generation]]></dc:title>
	<dc:creator>
		<ags:creatorPersonal><![CDATA[Saeed Akhtar Bhatti]]></ags:creatorPersonal>
		<ags:creatorPersonal><![CDATA[Nabeela Hameed]]></ags:creatorPersonal>
		<ags:creatorPersonal><![CDATA[Inayatullah Chaudhri]]></ags:creatorPersonal>
	</dc:creator>
	<dc:identifier scheme="dcterms:URI"><![CDATA[http://core.kmi.open.ac.uk/download/pdf/27286339.pdf]]></dc:identifier>
	<dc:identifier scheme="dcterms:URI"><![CDATA[oai:core.kmi.open.ac.uk:27286339]]></dc:identifier>
	<dc:format><dcterms:medium><![CDATA[text]]></dcterms:medium></dc:format>
</ags:resource>
<ags:resource ags:ARN="GB2015403892">
	<dc:title><![CDATA[Iowa Agri-News, March 28, 2012, Vol. 12, no. 8]]></dc:title>
	<dc:creator>
		<ags:creatorPersonal><![CDATA[Rian GANESHA]]></ags:creatorPersonal>
		<ags:creatorPersonal><![CDATA[Jawoto Sih SETYONO]]></ags:creatorPersonal>
	</dc:creator>
	<dc:identifier scheme="dcterms:URI"><![CDATA[http://core.kmi.open.ac.uk/download/pdf/27489.pdf]]></dc:identifier>
	<dc:identifier scheme="dcterms:URI"><![CDATA[oai:core.kmi.open.ac.uk:27489]]></dc:identifier>
	<dc:format><dcterms:medium><![CDATA[text]]></dcterms:medium></dc:format>
</ags:resource>
<ags:resource ags:ARN="GB2015403893">
	<dc:title><![CDATA[Ndjanssang: ricinodendron heudelotii (Baill)]]></dc:title>
	<dc:creator>
		<ags:creatorPersonal><![CDATA[Z. Tchoundjeu]]></ags:creatorPersonal>
		<ags:creatorPersonal><![CDATA[A.R. Atangana]]></ags:creatorPersonal>
	</dc:creator>
	<dc:identifier scheme="dcterms:URI"><![CDATA[oai:core.kmi.open.ac.uk:27769]]></dc:identifier>
	<dc:identifier scheme="dcterms:URI"><![CDATA[http://core.kmi.open.ac.uk/download/pdf/27769.pdf]]></dc:identifier>
	<dc:format><dcterms:medium><![CDATA[text]]></dcterms:medium></dc:format>
</ags:resource>
<ags:resource ags:ARN="GB2015403894">
	<dc:title><![CDATA[Tres especies de zapoteen América tropical (Pouteria campechiana, P. sapota y P. viridis)]]></dc:title>
	<dc:creator>
		<ags:creatorPersonal><![CDATA[C. Azurdia]]></ags:creatorPersonal>
	</dc:creator>
	<dc:identifier scheme="dcterms:URI"><![CDATA[http://core.kmi.open.ac.uk/download/pdf/27770.pdf]]></dc:identifier>
	<dc:identifier scheme="dcterms:URI"><![CDATA[oai:core.kmi.open.ac.uk:27770]]></dc:identifier>
	<dc:format><dcterms:medium><![CDATA[text]]></dcterms:medium></dc:format>
</ags:resource>
<ags:resource ags:ARN="GB2015403895">
	<dc:title><![CDATA[Monkey orange: strychnos cocculoides]]></dc:title>
	<dc:creator>
		<ags:creatorPersonal><![CDATA[Charles K. Mwamba]]></ags:creatorPersonal>
	</dc:creator>
	<dc:identifier scheme="dcterms:URI"><![CDATA[oai:core.kmi.open.ac.uk:27768]]></dc:identifier>
	<dc:identifier scheme="dcterms:URI"><![CDATA[http://core.kmi.open.ac.uk/download/pdf/27768.pdf]]></dc:identifier>
	<dc:format><dcterms:medium><![CDATA[text]]></dcterms:medium></dc:format>
</ags:resource>
<ags:resource ags:ARN="GB2015403896">
	<dc:title><![CDATA[Potential answers to the adaptation to and mitigation of climate change through the adoption of underutilised crops]]></dc:title>
	<dc:creator>
		<ags:creatorPersonal><![CDATA[C. Bowe]]></ags:creatorPersonal>
	</dc:creator>
	<dc:identifier scheme="dcterms:URI"><![CDATA[oai:core.kmi.open.ac.uk:27784]]></dc:identifier>
	<dc:identifier scheme="dcterms:URI"><![CDATA[http://core.kmi.open.ac.uk/download/pdf/27784.pdf]]></dc:identifier>
	<dc:format><dcterms:medium><![CDATA[text]]></dcterms:medium></dc:format>
</ags:resource>
<ags:resource ags:ARN="GB2015403897">
	<dc:title><![CDATA[Constructed farm wetlands (CFWs) designed for remediation of farmyard runoff: an evaluation of their water treatment efficiency, ecological value, costs and benefits]]></dc:title>
	<dc:creator>
		<ags:creatorPersonal><![CDATA[Samuel P. Stacey]]></ags:creatorPersonal>
		<ags:creatorPersonal><![CDATA[Michael J. McLaughlin]]></ags:creatorPersonal>
		<ags:creatorPersonal><![CDATA[İsmail Çakmak]]></ags:creatorPersonal>
		<ags:creatorPersonal><![CDATA[Ismail Cakmak]]></ags:creatorPersonal>
		<ags:creatorPersonal><![CDATA[Ganga M. Hettiarachchi]]></ags:creatorPersonal>
		<ags:creatorPersonal><![CDATA[Kirk G. Scheckel]]></ags:creatorPersonal>
		<ags:creatorPersonal><![CDATA[Michael Karkkainen]]></ags:creatorPersonal>
	</dc:creator>
	<dc:identifier scheme="dcterms:URI"><![CDATA[http://core.kmi.open.ac.uk/download/pdf/279461.pdf]]></dc:identifier>
	<dc:identifier scheme="dcterms:URI"><![CDATA[oai:core.kmi.open.ac.uk:279461]]></dc:identifier>
	<dc:format><dcterms:medium><![CDATA[text]]></dcterms:medium></dc:format>
</ags:resource>
<ags:resource ags:ARN="GB2015403898">
	<dc:title><![CDATA[Root architecture of provenances, seedlings and cuttings of Melia volkensii: implications for crop yield in dryland agroforestry]]></dc:title>
	<dc:creator>
		<ags:creatorPersonal><![CDATA[J.M. Mulatya]]></ags:creatorPersonal>
		<ags:creatorPersonal><![CDATA[J. Wilson]]></ags:creatorPersonal>
		<ags:creatorPersonal><![CDATA[C.K. Ong]]></ags:creatorPersonal>
		<ags:creatorPersonal><![CDATA[J.D. Deans]]></ags:creatorPersonal>
		<ags:creatorPersonal><![CDATA[J.I. Sprent]]></ags:creatorPersonal>
	</dc:creator>
	<dc:identifier scheme="dcterms:URI"><![CDATA[http://core.kmi.open.ac.uk/download/pdf/2800375.pdf]]></dc:identifier>
	<dc:identifier scheme="dcterms:URI"><![CDATA[oai:core.kmi.open.ac.uk:2800375]]></dc:identifier>
	<dc:format><dcterms:medium><![CDATA[text]]></dcterms:medium></dc:format>
</ags:resource>
<ags:resource ags:ARN="GB2015403899">
	<dc:title><![CDATA[Using the Rural Economic and Enterprise Development (REED) framework for analysis and joint action: outline and workplan for action research]]></dc:title>
	<dc:creator>
		<ags:creatorPersonal><![CDATA[Mark Sutton]]></ags:creatorPersonal>
		<ags:creatorPersonal><![CDATA[Stefan Reis]]></ags:creatorPersonal>
		<ags:creatorPersonal><![CDATA[Ute Skiba]]></ags:creatorPersonal>
		<ags:creatorPersonal><![CDATA[Eiko Nemitz]]></ags:creatorPersonal>
		<ags:creatorPersonal><![CDATA[Claus Beier]]></ags:creatorPersonal>
		<ags:creatorPersonal><![CDATA[Klaus Butterbach-Bahl]]></ags:creatorPersonal>
		<ags:creatorPersonal><![CDATA[Pierre Cellier]]></ags:creatorPersonal>
		<ags:creatorPersonal><![CDATA[Wim de Vries]]></ags:creatorPersonal>
		<ags:creatorPersonal><![CDATA[Jan Willem Erisman]]></ags:creatorPersonal>
	</dc:creator>
	<dc:identifier scheme="dcterms:URI"><![CDATA[http://core.kmi.open.ac.uk/download/pdf/2795375.pdf]]></dc:identifier>
	<dc:identifier scheme="dcterms:URI"><![CDATA[oai:core.kmi.open.ac.uk:2795375]]></dc:identifier>
	<dc:format><dcterms:medium><![CDATA[text]]></dcterms:medium></dc:format>
</ags:resource>
</ags:resources>