<?xml version="1.0" encoding="UTF-8"?>
<!DOCTYPE ags:resources SYSTEM "http://purl.org/agmes/agrisap/dtd/">
<ags:resources xmlns:ags="http://purl.org/agmes/1.1/" xmlns:dc="http://purl.org/dc/elements/1.1/" xmlns:agls="http://www.naa.gov.au/recordkeeping/gov_online/agls/1.2" xmlns:dcterms="http://purl.org/dc/terms/">
<ags:resource ags:ARN="GB2015402800">
	<dc:title><![CDATA[Aktivitas Antibakteri Berbagai Jenis Madu Terhadap Mikroba Pembusuk (Pseudomonas Fluorescens Fncc 0071 Dan Pseudomonas Putida Fncc 0070)]]></dc:title>
	<dc:creator>
		<ags:creatorPersonal><![CDATA[Lela Fitri Hariyati]]></ags:creatorPersonal>
	</dc:creator>
	<dc:identifier scheme="dcterms:URI"><![CDATA[oai:core.kmi.open.ac.uk:12345458]]></dc:identifier>
	<dc:identifier scheme="dcterms:URI"><![CDATA[http://core.kmi.open.ac.uk/download/pdf/12345458.pdf]]></dc:identifier>
	<dc:format><dcterms:medium><![CDATA[text]]></dcterms:medium></dc:format>
</ags:resource>
<ags:resource ags:ARN="GB2015402801">
	<dc:title><![CDATA[Salt tolerant rootstocks for increasing quality production of mango (Mangifera indica L.)]]></dc:title>
	<dc:creator>
		<ags:creatorPersonal><![CDATA[Sridhar Gutam]]></ags:creatorPersonal>
		<ags:creatorPersonal><![CDATA[V K Singh]]></ags:creatorPersonal>
		<ags:creatorPersonal><![CDATA[H Ravishankar]]></ags:creatorPersonal>
	</dc:creator>
	<dc:identifier scheme="dcterms:URI"><![CDATA[http://core.kmi.open.ac.uk/download/pdf/12245494.pdf]]></dc:identifier>
	<dc:identifier scheme="dcterms:URI"><![CDATA[oai:core.kmi.open.ac.uk:12245494]]></dc:identifier>
	<dc:format><dcterms:medium><![CDATA[text]]></dcterms:medium></dc:format>
</ags:resource>
<ags:resource ags:ARN="GB2015402802">
	<dc:title><![CDATA[Laporan magang di PT. Indofood Sukses Makmur. tbk Bogasari Flour Mills divisi Tanjung Priok, Jakarta Utara (proses produksi tepung terigu)]]></dc:title>
	<dc:creator>
		<ags:creatorPersonal><![CDATA[Anwar Ikhsanudin]]></ags:creatorPersonal>
	</dc:creator>
	<dc:identifier scheme="dcterms:URI"><![CDATA[http://core.kmi.open.ac.uk/download/pdf/12345333.pdf]]></dc:identifier>
	<dc:identifier scheme="dcterms:URI"><![CDATA[oai:core.kmi.open.ac.uk:12345333]]></dc:identifier>
	<dc:format><dcterms:medium><![CDATA[text]]></dcterms:medium></dc:format>
</ags:resource>
<ags:resource ags:ARN="GB2015402803">
	<dc:title><![CDATA[PENGEMBANGAN USAHATANI LAHAN KERING BER-KELANJUTAN BERBASIS  TEMBAKAU DI SUB-DAS PROGO HULU (KABUPATEN TEMANGGUNG PROPINSI  JAWA TENGAH)]]></dc:title>
	<dc:creator>
		<ags:creatorPersonal><![CDATA[Jaka Suyana]]></ags:creatorPersonal>
	</dc:creator>
	<dc:identifier scheme="dcterms:URI"><![CDATA[oai:core.kmi.open.ac.uk:12345522]]></dc:identifier>
	<dc:identifier scheme="dcterms:URI"><![CDATA[http://core.kmi.open.ac.uk/download/pdf/12345522.pdf]]></dc:identifier>
	<dc:format><dcterms:medium><![CDATA[text]]></dcterms:medium></dc:format>
</ags:resource>
<ags:resource ags:ARN="GB2015402804">
	<dc:title><![CDATA[Kajian penggunaan berbagai konsentrasi bap dan 2,4-d terhadap induksi kalus jarak pagar (jatropha curcas l.) Secara in vitro]]></dc:title>
	<dc:creator>
		<ags:creatorPersonal><![CDATA[Setianingrum Andaryani]]></ags:creatorPersonal>
	</dc:creator>
	<dc:identifier scheme="dcterms:URI"><![CDATA[http://core.kmi.open.ac.uk/download/pdf/12345455.pdf]]></dc:identifier>
	<dc:identifier scheme="dcterms:URI"><![CDATA[oai:core.kmi.open.ac.uk:12345455]]></dc:identifier>
	<dc:format><dcterms:medium><![CDATA[text]]></dcterms:medium></dc:format>
</ags:resource>
<ags:resource ags:ARN="GB2015402805">
	<dc:title><![CDATA[PENGARUH BERBAGAI BAHAN AMNEDMEN TANAH DAN BAHAN LAPISAN  PEMUTUS KENAIKAN KAPILER TERHADAP PERTUMBUHAN RUMPUT  HAMPARAN DAN AKUMULASI GARAM PADA TANAH SALIN REKLAMASI DAN  KONDISI IRIGASI SALIN]]></dc:title>
	<dc:creator>
		<ags:creatorPersonal><![CDATA[Sc. Agr. Rahayu]]></ags:creatorPersonal>
	</dc:creator>
	<dc:identifier scheme="dcterms:URI"><![CDATA[oai:core.kmi.open.ac.uk:12345542]]></dc:identifier>
	<dc:identifier scheme="dcterms:URI"><![CDATA[http://core.kmi.open.ac.uk/download/pdf/12345542.pdf]]></dc:identifier>
	<dc:format><dcterms:medium><![CDATA[text]]></dcterms:medium></dc:format>
</ags:resource>
<ags:resource ags:ARN="GB2015402806">
	<dc:title><![CDATA[KEMISKINAN MASYARAKAT PEDESAAN SUKOHARJO (STUDI KASUS DI  DESA  SANGGANG,  KECAMATAN  BULU,  KABUPATEN  SUKOHARJO,  PROVINSI JAWA TENGAH)]]></dc:title>
	<dc:creator>
		<ags:creatorPersonal><![CDATA[Ahmad Zuber]]></ags:creatorPersonal>
	</dc:creator>
	<dc:identifier scheme="dcterms:URI"><![CDATA[http://core.kmi.open.ac.uk/download/pdf/12345558.pdf]]></dc:identifier>
	<dc:identifier scheme="dcterms:URI"><![CDATA[oai:core.kmi.open.ac.uk:12345558]]></dc:identifier>
	<dc:format><dcterms:medium><![CDATA[text]]></dcterms:medium></dc:format>
</ags:resource>
<ags:resource ags:ARN="GB2015402807">
	<dc:title><![CDATA[PENGARUH SUHU DAN LAMA PENGERINGAN TERHADAP KUALITAS TIGA VARIETAS JAGUNG (Zea mays L.)]]></dc:title>
	<dc:creator>
		<ags:creatorPersonal><![CDATA[D.S. Ranwell]]></ags:creatorPersonal>
	</dc:creator>
	<dc:identifier scheme="dcterms:URI"><![CDATA[oai:core.kmi.open.ac.uk:12345650]]></dc:identifier>
	<dc:identifier scheme="dcterms:URI"><![CDATA[http://core.kmi.open.ac.uk/download/pdf/12345650.pdf]]></dc:identifier>
	<dc:format><dcterms:medium><![CDATA[text]]></dcterms:medium></dc:format>
</ags:resource>
<ags:resource ags:ARN="GB2015402808">
	<dc:title><![CDATA[EVALUASI EKONOMI KONVERSI LAHAN PERTANIAN KE NON PERTANIAN DI  DAERAH  ALIRAN  SUNGAI  (DAS)  WADUK  WONOGIRI  (STUDI  KASUS  DI WILAYAH SUB DAS KEDUANG KABUPATEN WONOGIRI)]]></dc:title>
	<dc:creator>
		<ags:creatorPersonal><![CDATA[Joko Sutrisno]]></ags:creatorPersonal>
	</dc:creator>
	<dc:identifier scheme="dcterms:URI"><![CDATA[oai:core.kmi.open.ac.uk:12345524]]></dc:identifier>
	<dc:identifier scheme="dcterms:URI"><![CDATA[http://core.kmi.open.ac.uk/download/pdf/12345524.pdf]]></dc:identifier>
	<dc:format><dcterms:medium><![CDATA[text]]></dcterms:medium></dc:format>
</ags:resource>
<ags:resource ags:ARN="GB2015402809">
	<dc:title><![CDATA[MOBILITAS SOSIAL PETANI DI SENTRA INDUSTRI KECIL  Kasus di Surakarta]]></dc:title>
	<dc:creator>
		<ags:creatorPersonal><![CDATA[Ravik Karsidi]]></ags:creatorPersonal>
	</dc:creator>
	<dc:identifier scheme="dcterms:URI"><![CDATA[http://core.kmi.open.ac.uk/download/pdf/12345700.pdf]]></dc:identifier>
	<dc:identifier scheme="dcterms:URI"><![CDATA[oai:core.kmi.open.ac.uk:12345700]]></dc:identifier>
	<dc:format><dcterms:medium><![CDATA[text]]></dcterms:medium></dc:format>
</ags:resource>
<ags:resource ags:ARN="GB2015402810">
	<dc:title><![CDATA[Tranformation of Mutualistic Fungal Acremonium Endophyte]]></dc:title>
	<dc:creator>
		<ags:creatorPersonal><![CDATA[S. Minardi]]></ags:creatorPersonal>
	</dc:creator>
	<dc:identifier scheme="dcterms:URI"><![CDATA[http://core.kmi.open.ac.uk/download/pdf/12345651.pdf]]></dc:identifier>
	<dc:identifier scheme="dcterms:URI"><![CDATA[oai:core.kmi.open.ac.uk:12345651]]></dc:identifier>
	<dc:format><dcterms:medium><![CDATA[text]]></dcterms:medium></dc:format>
</ags:resource>
<ags:resource ags:ARN="GB2015402811">
	<dc:title><![CDATA[Identification of SNPs in TG and EDG1 genes and  their relationships with carcass traits in Korean cattle (Hanwoo)]]></dc:title>
	<dc:creator>
		<ags:creatorPersonal><![CDATA[Muhammad Cahyadi]]></ags:creatorPersonal>
		<ags:creatorPersonal><![CDATA[Dyah Maharani]]></ags:creatorPersonal>
		<ags:creatorPersonal><![CDATA[Seung Heui Ryoo]]></ags:creatorPersonal>
		<ags:creatorPersonal><![CDATA[Seung Hwan Lee]]></ags:creatorPersonal>
		<ags:creatorPersonal><![CDATA[Jun Heon Lee]]></ags:creatorPersonal>
	</dc:creator>
	<dc:identifier scheme="dcterms:URI"><![CDATA[http://core.kmi.open.ac.uk/download/pdf/12345800.pdf]]></dc:identifier>
	<dc:identifier scheme="dcterms:URI"><![CDATA[oai:core.kmi.open.ac.uk:12345800]]></dc:identifier>
	<dc:format><dcterms:medium><![CDATA[text]]></dcterms:medium></dc:format>
</ags:resource>
<ags:resource ags:ARN="GB2015402812">
	<dc:title><![CDATA[Manfaat Bromelin dari Ekstrak Buah Nanas (Ananas comosus L. Merr) dan  Waktu Pemasakan untuk Meningkatkan Kualitas Daging Itik Afkir]]></dc:title>
	<dc:creator>
		<ags:creatorPersonal><![CDATA[Dhiah Putri Utami]]></ags:creatorPersonal>
		<ags:creatorPersonal><![CDATA[Pudjomartatmo]]></ags:creatorPersonal>
		<ags:creatorPersonal><![CDATA[A. M. P. Nuhriawangsa]]></ags:creatorPersonal>
	</dc:creator>
	<dc:identifier scheme="dcterms:URI"><![CDATA[oai:core.kmi.open.ac.uk:12345845]]></dc:identifier>
	<dc:identifier scheme="dcterms:URI"><![CDATA[http://core.kmi.open.ac.uk/download/pdf/12345845.pdf]]></dc:identifier>
	<dc:format><dcterms:medium><![CDATA[text]]></dcterms:medium></dc:format>
</ags:resource>
<ags:resource ags:ARN="GB2015402813">
	<dc:title><![CDATA[OPTIMALISASI PENGELOLAAN LAHAN KERING   UNTUK PENGEMBANGAN   PERTANIAN TANAMAN PANGAN]]></dc:title>
	<dc:creator>
		<ags:creatorPersonal><![CDATA[Erlyna Miendariesty]]></ags:creatorPersonal>
	</dc:creator>
	<dc:identifier scheme="dcterms:URI"><![CDATA[oai:core.kmi.open.ac.uk:12345853]]></dc:identifier>
	<dc:identifier scheme="dcterms:URI"><![CDATA[http://core.kmi.open.ac.uk/download/pdf/12345853.pdf]]></dc:identifier>
	<dc:format><dcterms:medium><![CDATA[text]]></dcterms:medium></dc:format>
</ags:resource>
<ags:resource ags:ARN="GB2015402814">
	<dc:title><![CDATA[PENGEMBANGAN BUDIDAYA KARABENGUK  (Mucuna pruriens (L.) DC.)   SEBAGAI SALAH SATU ALTERNATIF  PENYEDIA SUMBER BAHAN PANGAN LOKAL]]></dc:title>
	<dc:creator>
		<ags:creatorPersonal><![CDATA[Supriyono]]></ags:creatorPersonal>
	</dc:creator>
	<dc:identifier scheme="dcterms:URI"><![CDATA[oai:core.kmi.open.ac.uk:12345866]]></dc:identifier>
	<dc:identifier scheme="dcterms:URI"><![CDATA[http://core.kmi.open.ac.uk/download/pdf/12345866.pdf]]></dc:identifier>
	<dc:format><dcterms:medium><![CDATA[text]]></dcterms:medium></dc:format>
</ags:resource>
<ags:resource ags:ARN="GB2015402815">
	<dc:title><![CDATA[PRODUCTION AND CHARACTERIZATION OF CRUDE INTRACELLULER  PHYTASE FROM RECOMBINANT BACTERIA pEAS1AMP]]></dc:title>
	<dc:creator>
		<ags:creatorPersonal><![CDATA[A. M. P. Nuhriawangsa]]></ags:creatorPersonal>
		<ags:creatorPersonal><![CDATA[Z. Bachruddin]]></ags:creatorPersonal>
		<ags:creatorPersonal><![CDATA[SAJIDAN]]></ags:creatorPersonal>
		<ags:creatorPersonal><![CDATA[A. Wibowo]]></ags:creatorPersonal>
	</dc:creator>
	<dc:identifier scheme="dcterms:URI"><![CDATA[oai:core.kmi.open.ac.uk:12345834]]></dc:identifier>
	<dc:identifier scheme="dcterms:URI"><![CDATA[http://core.kmi.open.ac.uk/download/pdf/12345834.pdf]]></dc:identifier>
	<dc:format><dcterms:medium><![CDATA[text]]></dcterms:medium></dc:format>
</ags:resource>
<ags:resource ags:ARN="GB2015402816">
	<dc:title><![CDATA[In Vitro Stability of Phytase from Recombinant Bacteria   E. Coli BL21 (DE3) EAS1-AMP]]></dc:title>
	<dc:creator>
		<ags:creatorPersonal><![CDATA[A. M. P. Nuhriawangsa]]></ags:creatorPersonal>
		<ags:creatorPersonal><![CDATA[SAJIDAN]]></ags:creatorPersonal>
		<ags:creatorPersonal><![CDATA[Z. Bachruddin]]></ags:creatorPersonal>
		<ags:creatorPersonal><![CDATA[A. Wibowo]]></ags:creatorPersonal>
	</dc:creator>
	<dc:identifier scheme="dcterms:URI"><![CDATA[http://core.kmi.open.ac.uk/download/pdf/12345844.pdf]]></dc:identifier>
	<dc:identifier scheme="dcterms:URI"><![CDATA[oai:core.kmi.open.ac.uk:12345844]]></dc:identifier>
	<dc:format><dcterms:medium><![CDATA[text]]></dcterms:medium></dc:format>
</ags:resource>
<ags:resource ags:ARN="GB2015402817">
	<dc:title><![CDATA[Induced mutations by gamma ray irradiation to Argomulyo soybean (Glycine max) variety]]></dc:title>
	<dc:creator>
		<ags:creatorPersonal><![CDATA[DIANA SOFIA HANAFIAH1]]></ags:creatorPersonal>
		<ags:creatorPersonal><![CDATA[RIKOESOEMANINGTYAS]]></ags:creatorPersonal>
		<ags:creatorPersonal><![CDATA[SUDIRMAN YAHYA]]></ags:creatorPersonal>
		<ags:creatorPersonal><![CDATA[DESTA WIRNAS]]></ags:creatorPersonal>
	</dc:creator>
	<dc:identifier scheme="dcterms:URI"><![CDATA[http://core.kmi.open.ac.uk/download/pdf/12345929.pdf]]></dc:identifier>
	<dc:identifier scheme="dcterms:URI"><![CDATA[oai:core.kmi.open.ac.uk:12345929]]></dc:identifier>
	<dc:format><dcterms:medium><![CDATA[text]]></dcterms:medium></dc:format>
</ags:resource>
<ags:resource ags:ARN="GB2015402818">
	<dc:title><![CDATA[ANALISIS PRIVAT DAN SOSIAL USAHA TANI PADI  DI KABUPATEN GROBOGAN]]></dc:title>
	<dc:creator>
		<ags:creatorPersonal><![CDATA[Ernoiz Antriy]]></ags:creatorPersonal>
		<ags:creatorPersonal><![CDATA[arti]]></ags:creatorPersonal>
		<ags:creatorPersonal><![CDATA[Susi Wuri Ani]]></ags:creatorPersonal>
		<ags:creatorPersonal><![CDATA[Minar Ferichani]]></ags:creatorPersonal>
	</dc:creator>
	<dc:identifier scheme="dcterms:URI"><![CDATA[oai:core.kmi.open.ac.uk:12346037]]></dc:identifier>
	<dc:identifier scheme="dcterms:URI"><![CDATA[http://core.kmi.open.ac.uk/download/pdf/12346037.pdf]]></dc:identifier>
	<dc:format><dcterms:medium><![CDATA[text]]></dcterms:medium></dc:format>
</ags:resource>
<ags:resource ags:ARN="GB2015402819">
	<dc:title><![CDATA[ANALISIS SEKTOR PERTANIAN DITINJAU DARI PERAN TERHADAP PERTUMBUHAN DAN STABILITAS  PRODUK DOMESTIK REGIONAL BRUTO DI PROVINSI JAWA TENGAH]]></dc:title>
	<dc:creator>
		<ags:creatorPersonal><![CDATA[AGUSTONO]]></ags:creatorPersonal>
	</dc:creator>
	<dc:identifier scheme="dcterms:URI"><![CDATA[oai:core.kmi.open.ac.uk:12346008]]></dc:identifier>
	<dc:identifier scheme="dcterms:URI"><![CDATA[http://core.kmi.open.ac.uk/download/pdf/12346008.pdf]]></dc:identifier>
	<dc:format><dcterms:medium><![CDATA[text]]></dcterms:medium></dc:format>
</ags:resource>
<ags:resource ags:ARN="GB2015402820">
	<dc:title><![CDATA[FAKTOR UTAMA SWASEMBADA PANGAN TINGKAT RUMAH TANGGA PETANI LAHAN KERING DI KABUPATEN WONOGIRI  PROVINSI JAWA TENGAH]]></dc:title>
	<dc:creator>
		<ags:creatorPersonal><![CDATA[Darsono]]></ags:creatorPersonal>
	</dc:creator>
	<dc:identifier scheme="dcterms:URI"><![CDATA[http://core.kmi.open.ac.uk/download/pdf/12346077.pdf]]></dc:identifier>
	<dc:identifier scheme="dcterms:URI"><![CDATA[oai:core.kmi.open.ac.uk:12346077]]></dc:identifier>
	<dc:format><dcterms:medium><![CDATA[text]]></dcterms:medium></dc:format>
</ags:resource>
<ags:resource ags:ARN="GB2015402821">
	<dc:title><![CDATA[ANALISIS EKONOMI RUMAH TANGGA TANI DI DAERAH ALIRAN SUNGAI  (DAS) SOLO HULU KABUPATEN WONOGIRI]]></dc:title>
	<dc:creator>
		<ags:creatorPersonal><![CDATA[SUPRAPTI SUPARDI]]></ags:creatorPersonal>
	</dc:creator>
	<dc:identifier scheme="dcterms:URI"><![CDATA[http://core.kmi.open.ac.uk/download/pdf/12345975.pdf]]></dc:identifier>
	<dc:identifier scheme="dcterms:URI"><![CDATA[oai:core.kmi.open.ac.uk:12345975]]></dc:identifier>
	<dc:format><dcterms:medium><![CDATA[text]]></dcterms:medium></dc:format>
</ags:resource>
<ags:resource ags:ARN="GB2015402822">
	<dc:title><![CDATA[PENGARUH TEKNIK PERBAIKAN TEGAKAN RUMPUN TERHADAP PENINGKATAN PRODUKTIVITAS BATANG BAMBU TALI (Gigantochloa apus KURZ.) (The effect of repairing technique to clumps stand to the culm productivities of bambu tali (Gigantochloa apus Kurz) )]]></dc:title>
	<dc:creator>
		<ags:creatorPersonal><![CDATA[KURNIA BAYU PRATAMA]]></ags:creatorPersonal>
	</dc:creator>
	<dc:identifier scheme="dcterms:URI"><![CDATA[oai:core.kmi.open.ac.uk:12346081]]></dc:identifier>
	<dc:identifier scheme="dcterms:URI"><![CDATA[http://core.kmi.open.ac.uk/download/pdf/12346081.pdf]]></dc:identifier>
	<dc:format><dcterms:medium><![CDATA[text]]></dcterms:medium></dc:format>
</ags:resource>
<ags:resource ags:ARN="GB2015402823">
	<dc:title><![CDATA[KARAKTERISTIK TANAMAN BAMBU PETUNG (Dendrocalamus asper Back.) DI DATARAN RENDAH DI DAERAH SUBANG, JAWA BARAT]]></dc:title>
	<dc:creator>
		<ags:creatorPersonal><![CDATA[Marfu’ah Wardani]]></ags:creatorPersonal>
		<ags:creatorPersonal><![CDATA[Sutiyono]]></ags:creatorPersonal>
	</dc:creator>
	<dc:identifier scheme="dcterms:URI"><![CDATA[http://core.kmi.open.ac.uk/download/pdf/12346117.pdf]]></dc:identifier>
	<dc:identifier scheme="dcterms:URI"><![CDATA[oai:core.kmi.open.ac.uk:12346117]]></dc:identifier>
	<dc:format><dcterms:medium><![CDATA[text]]></dcterms:medium></dc:format>
</ags:resource>
<ags:resource ags:ARN="GB2015402824">
	<dc:title><![CDATA[PEMANFAATAN LIMBAH ECENG GONDOK (Eichornia crassipes) SEBAGAI ALTERNATIF MEDIA PERTUMBUHAN JAMUR TIRAM PUTIH (Pleurotus ostreatus)]]></dc:title>
	<dc:creator>
		<ags:creatorPersonal><![CDATA[Ari Nidhi Astuti]]></ags:creatorPersonal>
		<ags:creatorPersonal><![CDATA[Anggraini Puspa Wardhani]]></ags:creatorPersonal>
		<ags:creatorPersonal><![CDATA[Nur  Fathurahman R]]></ags:creatorPersonal>
		<ags:creatorPersonal><![CDATA[Muhamad  Nur R]]></ags:creatorPersonal>
		<ags:creatorPersonal><![CDATA[Suranto]]></ags:creatorPersonal>
	</dc:creator>
	<dc:identifier scheme="dcterms:URI"><![CDATA[http://core.kmi.open.ac.uk/download/pdf/12346250.pdf]]></dc:identifier>
	<dc:identifier scheme="dcterms:URI"><![CDATA[oai:core.kmi.open.ac.uk:12346250]]></dc:identifier>
	<dc:format><dcterms:medium><![CDATA[text]]></dcterms:medium></dc:format>
</ags:resource>
<ags:resource ags:ARN="GB2015402825">
	<dc:title><![CDATA[KAJIAN KERAGAAN PASAR DAN DAYA SAING KOMODITAS TEMBAKAU SEBAGAI DAMPAK PERUBAHAN IKLIM DI KABUPATEN GROBOGAN]]></dc:title>
	<dc:creator>
		<ags:creatorPersonal><![CDATA[Endang Siti Rahayu]]></ags:creatorPersonal>
		<ags:creatorPersonal><![CDATA[Heru Irianto]]></ags:creatorPersonal>
	</dc:creator>
	<dc:identifier scheme="dcterms:URI"><![CDATA[http://core.kmi.open.ac.uk/download/pdf/12346096.pdf]]></dc:identifier>
	<dc:identifier scheme="dcterms:URI"><![CDATA[oai:core.kmi.open.ac.uk:12346096]]></dc:identifier>
	<dc:format><dcterms:medium><![CDATA[text]]></dcterms:medium></dc:format>
</ags:resource>
<ags:resource ags:ARN="GB2015402826">
	<dc:title><![CDATA[MODEL PEMBERDAYAAN PEREMPUAN MISKIN  MELALUI PENGEMBANGAN KEWIRAUSAHAAN KELUARGA  MENUJU EKONOMI KREATIF DI KABUPATEN KARANGANYAR]]></dc:title>
	<dc:creator>
		<ags:creatorPersonal><![CDATA[Sri Marwati]]></ags:creatorPersonal>
		<ags:creatorPersonal><![CDATA[Ismi Dwi Astuti]]></ags:creatorPersonal>
	</dc:creator>
	<dc:identifier scheme="dcterms:URI"><![CDATA[http://core.kmi.open.ac.uk/download/pdf/12346271.pdf]]></dc:identifier>
	<dc:identifier scheme="dcterms:URI"><![CDATA[oai:core.kmi.open.ac.uk:12346271]]></dc:identifier>
	<dc:format><dcterms:medium><![CDATA[text]]></dcterms:medium></dc:format>
</ags:resource>
<ags:resource ags:ARN="GB2015402827">
	<dc:title><![CDATA[KINERJA DAN PERANAN SEKTOR PERTANIAN  DALAM PEMBANGUNAN EKONOMI KABUPATEN BLORA]]></dc:title>
	<dc:creator>
		<ags:creatorPersonal><![CDATA[Wiwit Rahayu]]></ags:creatorPersonal>
	</dc:creator>
	<dc:identifier scheme="dcterms:URI"><![CDATA[oai:core.kmi.open.ac.uk:12346269]]></dc:identifier>
	<dc:identifier scheme="dcterms:URI"><![CDATA[http://core.kmi.open.ac.uk/download/pdf/12346269.pdf]]></dc:identifier>
	<dc:format><dcterms:medium><![CDATA[text]]></dcterms:medium></dc:format>
</ags:resource>
<ags:resource ags:ARN="GB2015402828">
	<dc:title><![CDATA[MOTIVASI KERJA UTAMA PETANI DALAM KEMITRAAN  DENGAN PUSAT PENGOLAHAN KELAPA TERPADU  DI KABUPATEN KULON PROGO]]></dc:title>
	<dc:creator>
		<ags:creatorPersonal><![CDATA[Aulia Qonita]]></ags:creatorPersonal>
	</dc:creator>
	<dc:identifier scheme="dcterms:URI"><![CDATA[http://core.kmi.open.ac.uk/download/pdf/12346276.pdf]]></dc:identifier>
	<dc:identifier scheme="dcterms:URI"><![CDATA[oai:core.kmi.open.ac.uk:12346276]]></dc:identifier>
	<dc:format><dcterms:medium><![CDATA[text]]></dcterms:medium></dc:format>
</ags:resource>
<ags:resource ags:ARN="GB2015402829">
	<dc:title><![CDATA[SALURAN DAN MARJIN PEMASARAN JAGUNG  DI KABUPATEN GROBOGAN]]></dc:title>
	<dc:creator>
		<ags:creatorPersonal><![CDATA[Nur Widiastuti]]></ags:creatorPersonal>
		<ags:creatorPersonal><![CDATA[Mohd. Harisudin]]></ags:creatorPersonal>
	</dc:creator>
	<dc:identifier scheme="dcterms:URI"><![CDATA[oai:core.kmi.open.ac.uk:12346291]]></dc:identifier>
	<dc:identifier scheme="dcterms:URI"><![CDATA[http://core.kmi.open.ac.uk/download/pdf/12346291.pdf]]></dc:identifier>
	<dc:format><dcterms:medium><![CDATA[text]]></dcterms:medium></dc:format>
</ags:resource>
<ags:resource ags:ARN="GB2015402830">
	<dc:title><![CDATA[REKAYASA MODEL ALIANSI STRATEGIS AGROINDUSTRI SKALA KECIL (KASUS KLUSTER INDUSTRI TAHU)]]></dc:title>
	<dc:creator>
		<ags:creatorPersonal><![CDATA[Kusn]]></ags:creatorPersonal>
		<ags:creatorPersonal><![CDATA[ar]]></ags:creatorPersonal>
		<ags:creatorPersonal><![CDATA[Bekti Wahyu Utami]]></ags:creatorPersonal>
		<ags:creatorPersonal><![CDATA[Sapja Anantanyu]]></ags:creatorPersonal>
	</dc:creator>
	<dc:identifier scheme="dcterms:URI"><![CDATA[http://core.kmi.open.ac.uk/download/pdf/12346283.pdf]]></dc:identifier>
	<dc:identifier scheme="dcterms:URI"><![CDATA[oai:core.kmi.open.ac.uk:12346283]]></dc:identifier>
	<dc:format><dcterms:medium><![CDATA[text]]></dcterms:medium></dc:format>
</ags:resource>
<ags:resource ags:ARN="GB2015402831">
	<dc:title><![CDATA[RESPON PETANI KEDELAI TERHADAP FLUKTUASI HARGA DAN IKLIM  DI DAERAH ISTIMEWA YOGYAKARTA]]></dc:title>
	<dc:creator>
		<ags:creatorPersonal><![CDATA[Sugiharti Mulya H]]></ags:creatorPersonal>
		<ags:creatorPersonal><![CDATA[ayani]]></ags:creatorPersonal>
	</dc:creator>
	<dc:identifier scheme="dcterms:URI"><![CDATA[http://core.kmi.open.ac.uk/download/pdf/12346287.pdf]]></dc:identifier>
	<dc:identifier scheme="dcterms:URI"><![CDATA[oai:core.kmi.open.ac.uk:12346287]]></dc:identifier>
	<dc:format><dcterms:medium><![CDATA[text]]></dcterms:medium></dc:format>
</ags:resource>
<ags:resource ags:ARN="GB2015402832">
	<dc:title><![CDATA[PEMANFAATAN GETAH BERBAGAI JENIS DAN BAGIAN DARI POHON PISANG SEBAGAI ZAT PEWARNA ALAMI TEKSTIL]]></dc:title>
	<dc:creator>
		<ags:creatorPersonal><![CDATA[Endang Kwartiningsih]]></ags:creatorPersonal>
		<ags:creatorPersonal><![CDATA[Atika Andani]]></ags:creatorPersonal>
		<ags:creatorPersonal><![CDATA[Aryo Nugroho]]></ags:creatorPersonal>
		<ags:creatorPersonal><![CDATA[Fina Rahmawati]]></ags:creatorPersonal>
	</dc:creator>
	<dc:identifier scheme="dcterms:URI"><![CDATA[oai:core.kmi.open.ac.uk:12346387]]></dc:identifier>
	<dc:identifier scheme="dcterms:URI"><![CDATA[http://core.kmi.open.ac.uk/download/pdf/12346387.pdf]]></dc:identifier>
	<dc:format><dcterms:medium><![CDATA[text]]></dcterms:medium></dc:format>
</ags:resource>
<ags:resource ags:ARN="GB2015402833">
	<dc:title><![CDATA[Productivity of sugarcane plants of ratooning with fertilizing treatment]]></dc:title>
	<dc:creator>
		<ags:creatorPersonal><![CDATA[A. SUTOWO LATIEF]]></ags:creatorPersonal>
		<ags:creatorPersonal><![CDATA[RIZAL SYARIEF]]></ags:creatorPersonal>
		<ags:creatorPersonal><![CDATA[BAMBANG PRAMUDYA]]></ags:creatorPersonal>
		<ags:creatorPersonal><![CDATA[MUHADIONO]]></ags:creatorPersonal>
	</dc:creator>
	<dc:identifier scheme="dcterms:URI"><![CDATA[oai:core.kmi.open.ac.uk:12346319]]></dc:identifier>
	<dc:identifier scheme="dcterms:URI"><![CDATA[http://core.kmi.open.ac.uk/download/pdf/12346319.pdf]]></dc:identifier>
	<dc:format><dcterms:medium><![CDATA[text]]></dcterms:medium></dc:format>
</ags:resource>
<ags:resource ags:ARN="GB2015402834">
	<dc:title><![CDATA[ANALISIS VALUE CHAIN DAN EFISIENSI PEMASARAN AGRIBISNIS JAMUR KUPING DI KABUPATEN KARANGANYAR]]></dc:title>
	<dc:creator>
		<ags:creatorPersonal><![CDATA[Heru Irianto]]></ags:creatorPersonal>
		<ags:creatorPersonal><![CDATA[Emy Widiyanti]]></ags:creatorPersonal>
	</dc:creator>
	<dc:identifier scheme="dcterms:URI"><![CDATA[http://core.kmi.open.ac.uk/download/pdf/12346310.pdf]]></dc:identifier>
	<dc:identifier scheme="dcterms:URI"><![CDATA[oai:core.kmi.open.ac.uk:12346310]]></dc:identifier>
	<dc:format><dcterms:medium><![CDATA[text]]></dcterms:medium></dc:format>
</ags:resource>
<ags:resource ags:ARN="GB2015402835">
	<dc:title><![CDATA[PENGARUH VARIASI TEMPERATUR DAN KONSENTRASI KATALIS PADA KINETIKA REAKSI HIDROLISIS TEPUNG KULIT KETELA POHON]]></dc:title>
	<dc:creator>
		<ags:creatorPersonal><![CDATA[Oyugi Johana Nyanjong']]></ags:creatorPersonal>
		<ags:creatorPersonal><![CDATA[Job Lagat]]></ags:creatorPersonal>
	</dc:creator>
	<dc:identifier scheme="dcterms:URI"><![CDATA[http://core.kmi.open.ac.uk/download/pdf/12346472.pdf]]></dc:identifier>
	<dc:identifier scheme="dcterms:URI"><![CDATA[oai:core.kmi.open.ac.uk:12346472]]></dc:identifier>
	<dc:format><dcterms:medium><![CDATA[text]]></dcterms:medium></dc:format>
</ags:resource>
<ags:resource ags:ARN="GB2015402836">
	<dc:title><![CDATA[PENGERINGAN JAMBU BIJI (LAMBO GUAVA) DENGAN METODE FOAM MAT DRYING]]></dc:title>
	<dc:creator>
		<ags:creatorPersonal><![CDATA[J.D. Cain]]></ags:creatorPersonal>
	</dc:creator>
	<dc:identifier scheme="dcterms:URI"><![CDATA[oai:core.kmi.open.ac.uk:12346451]]></dc:identifier>
	<dc:identifier scheme="dcterms:URI"><![CDATA[http://core.kmi.open.ac.uk/download/pdf/12346451.pdf]]></dc:identifier>
	<dc:format><dcterms:medium><![CDATA[text]]></dcterms:medium></dc:format>
</ags:resource>
<ags:resource ags:ARN="GB2015402837">
	<dc:title><![CDATA[PENGARUH KECEPATAN PUTAR PENGADUK PROSES PEMECAHAN EMULSI SANTAN BUAH KELAPA MENJADI VIRGIN COCONUT OIL (VCO)]]></dc:title>
	<dc:creator>
		<ags:creatorPersonal><![CDATA[Bregas S T Sembodo]]></ags:creatorPersonal>
		<ags:creatorPersonal><![CDATA[Ardiena Noorlyta]]></ags:creatorPersonal>
		<ags:creatorPersonal><![CDATA[Nur Erika Laila M]]></ags:creatorPersonal>
	</dc:creator>
	<dc:identifier scheme="dcterms:URI"><![CDATA[http://core.kmi.open.ac.uk/download/pdf/12346481.pdf]]></dc:identifier>
	<dc:identifier scheme="dcterms:URI"><![CDATA[oai:core.kmi.open.ac.uk:12346481]]></dc:identifier>
	<dc:format><dcterms:medium><![CDATA[text]]></dcterms:medium></dc:format>
</ags:resource>
<ags:resource ags:ARN="GB2015402838">
	<dc:title><![CDATA[TRANSFER MASSA PADA ADSORBSI LOGAM KHROM DAI LIMBAH ELEKTROPLATING MENGGUNAKAN ECENG GONDOK SEBAGAI ADSORBEN]]></dc:title>
	<dc:creator>
		<ags:creatorPersonal><![CDATA[Endang Kwartiningsih]]></ags:creatorPersonal>
		<ags:creatorPersonal><![CDATA[Novi Anitra]]></ags:creatorPersonal>
		<ags:creatorPersonal><![CDATA[Putukeda Pungky T]]></ags:creatorPersonal>
	</dc:creator>
	<dc:identifier scheme="dcterms:URI"><![CDATA[http://core.kmi.open.ac.uk/download/pdf/12346457.pdf]]></dc:identifier>
	<dc:identifier scheme="dcterms:URI"><![CDATA[oai:core.kmi.open.ac.uk:12346457]]></dc:identifier>
	<dc:format><dcterms:medium><![CDATA[text]]></dcterms:medium></dc:format>
</ags:resource>
<ags:resource ags:ARN="GB2015402839">
	<dc:title><![CDATA[KONSTANTA KECEPATAN REAKSI SEBAGAI FUNGSI SUHU PADA HIDROLISA SELULOSA DARI AMPAS TEBU DENGAN KATALISATOR ASAM SULFAT]]></dc:title>
	<dc:creator>
		<ags:creatorPersonal><![CDATA[Enny K Artati]]></ags:creatorPersonal>
		<ags:creatorPersonal><![CDATA[Margareta Novia E]]></ags:creatorPersonal>
		<ags:creatorPersonal><![CDATA[Vissia Widhie H]]></ags:creatorPersonal>
	</dc:creator>
	<dc:identifier scheme="dcterms:URI"><![CDATA[oai:core.kmi.open.ac.uk:12346495]]></dc:identifier>
	<dc:identifier scheme="dcterms:URI"><![CDATA[http://core.kmi.open.ac.uk/download/pdf/12346495.pdf]]></dc:identifier>
	<dc:format><dcterms:medium><![CDATA[text]]></dcterms:medium></dc:format>
</ags:resource>
<ags:resource ags:ARN="GB2015402840">
	<dc:title><![CDATA[EKSISTENSI CACING TANAH PADA LINGKUNGAN BERBAGAI SISTEM BUDIDAYA TANAMAN DI LAHAN BERKAPUR]]></dc:title>
	<dc:creator>
		<ags:creatorPersonal><![CDATA[Dwi Dwiastuti]]></ags:creatorPersonal>
		<ags:creatorPersonal><![CDATA[Suntoro]]></ags:creatorPersonal>
	</dc:creator>
	<dc:identifier scheme="dcterms:URI"><![CDATA[oai:core.kmi.open.ac.uk:12346545]]></dc:identifier>
	<dc:identifier scheme="dcterms:URI"><![CDATA[http://core.kmi.open.ac.uk/download/pdf/12346545.pdf]]></dc:identifier>
	<dc:format><dcterms:medium><![CDATA[text]]></dcterms:medium></dc:format>
</ags:resource>
<ags:resource ags:ARN="GB2015402841">
	<dc:title><![CDATA[GAHARU TANDUK (GONYSTYLUS MACROPHYLLUS (MIQ.) AIRY SHAW) DI HUTAN CILEMOH, JASINGA DAN UPAYA KONSERVASINYA]]></dc:title>
	<dc:creator>
		<ags:creatorPersonal><![CDATA[Marfuah Wardani]]></ags:creatorPersonal>
		<ags:creatorPersonal><![CDATA[Titi Kalima]]></ags:creatorPersonal>
	</dc:creator>
	<dc:identifier scheme="dcterms:URI"><![CDATA[oai:core.kmi.open.ac.uk:12346541]]></dc:identifier>
	<dc:identifier scheme="dcterms:URI"><![CDATA[http://core.kmi.open.ac.uk/download/pdf/12346541.pdf]]></dc:identifier>
	<dc:format><dcterms:medium><![CDATA[text]]></dcterms:medium></dc:format>
</ags:resource>
<ags:resource ags:ARN="GB2015402842">
	<dc:title><![CDATA[PENGARUH PENAMBAHAN BELIMBING WULUH (Averrhoa bilimbi L.) DAN PEREBUSAN TERHADAP KADAR RESIDU FORMALIN DAN PROFIL PROTEIN UDANG PUTIH (Letapenaeus vannamei) BERFORMALIN SERTA PEMANFAATANNYA SEBAGAI SUMBER PENDIDIKAN GIZI DAN KEAMANAN PANGAN PADA MASYARAKAT]]></dc:title>
	<dc:creator>
		<ags:creatorPersonal><![CDATA[Wiwi Wikanta]]></ags:creatorPersonal>
		<ags:creatorPersonal><![CDATA[Yusuf Abdurrajak]]></ags:creatorPersonal>
		<ags:creatorPersonal><![CDATA[Sumarno]]></ags:creatorPersonal>
		<ags:creatorPersonal><![CDATA[Moh Amin]]></ags:creatorPersonal>
	</dc:creator>
	<dc:identifier scheme="dcterms:URI"><![CDATA[http://core.kmi.open.ac.uk/download/pdf/12346532.pdf]]></dc:identifier>
	<dc:identifier scheme="dcterms:URI"><![CDATA[oai:core.kmi.open.ac.uk:12346532]]></dc:identifier>
	<dc:format><dcterms:medium><![CDATA[text]]></dcterms:medium></dc:format>
</ags:resource>
<ags:resource ags:ARN="GB2015402843">
	<dc:title><![CDATA[PUDARNYA KEARIFAN LOKAL DALAM PEMANFAATAN TANAMAN SONGGA (Strychnos ligustrina) (Studi Kasus di Kec. Hu’u Kab. Dompu, NTB)]]></dc:title>
	<dc:creator>
		<ags:creatorPersonal><![CDATA[Rubangi Al Hasan]]></ags:creatorPersonal>
	</dc:creator>
	<dc:identifier scheme="dcterms:URI"><![CDATA[oai:core.kmi.open.ac.uk:12346551]]></dc:identifier>
	<dc:identifier scheme="dcterms:URI"><![CDATA[http://core.kmi.open.ac.uk/download/pdf/12346551.pdf]]></dc:identifier>
	<dc:format><dcterms:medium><![CDATA[text]]></dcterms:medium></dc:format>
</ags:resource>
<ags:resource ags:ARN="GB2015402844">
	<dc:title><![CDATA[PENGUJIAN ENAM JENIS INSEKTISIDA NABATI TERHADAP TRIPS (Thrips palmi) PADA TANAMAN KENTANG]]></dc:title>
	<dc:creator>
		<ags:creatorPersonal><![CDATA[Warsi Rahmat Atmadja]]></ags:creatorPersonal>
		<ags:creatorPersonal><![CDATA[Agus Ismanto]]></ags:creatorPersonal>
	</dc:creator>
	<dc:identifier scheme="dcterms:URI"><![CDATA[http://core.kmi.open.ac.uk/download/pdf/12346549.pdf]]></dc:identifier>
	<dc:identifier scheme="dcterms:URI"><![CDATA[oai:core.kmi.open.ac.uk:12346549]]></dc:identifier>
	<dc:format><dcterms:medium><![CDATA[text]]></dcterms:medium></dc:format>
</ags:resource>
<ags:resource ags:ARN="GB2015402845">
	<dc:title><![CDATA[KEBIJAKAN PENANGKARAN RUSA TIMOR (Cervus timorensis) OLEH MASYARAKAT (STUDI KASUS DI NUSA TENGGARA BARAT)]]></dc:title>
	<dc:creator>
		<ags:creatorPersonal><![CDATA[Rubangi Al Hasan]]></ags:creatorPersonal>
		<ags:creatorPersonal><![CDATA[M.M Budi Utomo]]></ags:creatorPersonal>
	</dc:creator>
	<dc:identifier scheme="dcterms:URI"><![CDATA[http://core.kmi.open.ac.uk/download/pdf/12346553.pdf]]></dc:identifier>
	<dc:identifier scheme="dcterms:URI"><![CDATA[oai:core.kmi.open.ac.uk:12346553]]></dc:identifier>
	<dc:format><dcterms:medium><![CDATA[text]]></dcterms:medium></dc:format>
</ags:resource>
<ags:resource ags:ARN="GB2015402846">
	<dc:title><![CDATA[PENGARUH EKSTRAK DAUN Agalia odorata TERHADAP PERKEMBANGAN HAMA PENGISAP POLONG KEDELAI Nezara viridula DAN Riptortus linearis]]></dc:title>
	<dc:creator>
		<ags:creatorPersonal><![CDATA[Dodin Koswanudin]]></ags:creatorPersonal>
	</dc:creator>
	<dc:identifier scheme="dcterms:URI"><![CDATA[oai:core.kmi.open.ac.uk:12346567]]></dc:identifier>
	<dc:identifier scheme="dcterms:URI"><![CDATA[http://core.kmi.open.ac.uk/download/pdf/12346567.pdf]]></dc:identifier>
	<dc:format><dcterms:medium><![CDATA[text]]></dcterms:medium></dc:format>
</ags:resource>
<ags:resource ags:ARN="GB2015402847">
	<dc:title><![CDATA[SEBARAN POPULASI PREDATOR Coccinella sp., Paederus fuscifes DAN Lycosa pseudoanulata PADA BEBERAPA VARIETAS TANAMAN PADI SAWAH]]></dc:title>
	<dc:creator>
		<ags:creatorPersonal><![CDATA[Dodin Koswanudin]]></ags:creatorPersonal>
	</dc:creator>
	<dc:identifier scheme="dcterms:URI"><![CDATA[http://core.kmi.open.ac.uk/download/pdf/12346568.pdf]]></dc:identifier>
	<dc:identifier scheme="dcterms:URI"><![CDATA[oai:core.kmi.open.ac.uk:12346568]]></dc:identifier>
	<dc:format><dcterms:medium><![CDATA[text]]></dcterms:medium></dc:format>
</ags:resource>
<ags:resource ags:ARN="GB2015402848">
	<dc:title><![CDATA[ANALISIS PERILAKU KONSUMEN DALAM MEMBELI PRODUK SUSU INSTAN DI PASAR MODERN KOTA SURAKARTA]]></dc:title>
	<dc:creator>
		<ags:creatorPersonal><![CDATA[Nur Chasanah]]></ags:creatorPersonal>
	</dc:creator>
	<dc:identifier scheme="dcterms:URI"><![CDATA[http://core.kmi.open.ac.uk/download/pdf/12346781.pdf]]></dc:identifier>
	<dc:identifier scheme="dcterms:URI"><![CDATA[oai:core.kmi.open.ac.uk:12346781]]></dc:identifier>
	<dc:format><dcterms:medium><![CDATA[text]]></dcterms:medium></dc:format>
</ags:resource>
<ags:resource ags:ARN="GB2015402849">
	<dc:title><![CDATA[PRODUKSI SELULOSA BAKTERIAL DARI AIR BUAH KELAPA DALAM BERBAGAI KONSENTRASI SUKROSA DAN UREA (Production Of Bacterial Cellulose From Coconut Fruit Water In The Varies Of Sucrose And Urea Concentration)]]></dc:title>
	<dc:creator>
		<ags:creatorPersonal><![CDATA[Suharjono]]></ags:creatorPersonal>
		<ags:creatorPersonal><![CDATA[Tri Ardyati]]></ags:creatorPersonal>
		<ags:creatorPersonal><![CDATA[Elok Zubaidah]]></ags:creatorPersonal>
		<ags:creatorPersonal><![CDATA[Munawaroh]]></ags:creatorPersonal>
		<ags:creatorPersonal><![CDATA[Citra Pradani P.]]></ags:creatorPersonal>
	</dc:creator>
	<dc:identifier scheme="dcterms:URI"><![CDATA[http://core.kmi.open.ac.uk/download/pdf/12346556.pdf]]></dc:identifier>
	<dc:identifier scheme="dcterms:URI"><![CDATA[oai:core.kmi.open.ac.uk:12346556]]></dc:identifier>
	<dc:format><dcterms:medium><![CDATA[text]]></dcterms:medium></dc:format>
</ags:resource>
<ags:resource ags:ARN="GB2015402850">
	<dc:title><![CDATA[BUDIDAYA TANAMAN HIAS Anthurium hookeri]]></dc:title>
	<dc:creator>
		<ags:creatorPersonal><![CDATA[ISKAWATI SUWALDI]]></ags:creatorPersonal>
	</dc:creator>
	<dc:identifier scheme="dcterms:URI"><![CDATA[http://core.kmi.open.ac.uk/download/pdf/12346808.pdf]]></dc:identifier>
	<dc:identifier scheme="dcterms:URI"><![CDATA[oai:core.kmi.open.ac.uk:12346808]]></dc:identifier>
	<dc:format><dcterms:medium><![CDATA[text]]></dcterms:medium></dc:format>
</ags:resource>
<ags:resource ags:ARN="GB2015402851">
	<dc:title><![CDATA[ANALISIS PENDAPATAN USAHA PETERNAKAN AYAM PETELUR DI KECAMATAN TAKERAN KABUPATEN MAGETAN]]></dc:title>
	<dc:creator>
		<ags:creatorPersonal><![CDATA[Novrenty Dias Mustika]]></ags:creatorPersonal>
	</dc:creator>
	<dc:identifier scheme="dcterms:URI"><![CDATA[http://core.kmi.open.ac.uk/download/pdf/12346830.pdf]]></dc:identifier>
	<dc:identifier scheme="dcterms:URI"><![CDATA[oai:core.kmi.open.ac.uk:12346830]]></dc:identifier>
	<dc:format><dcterms:medium><![CDATA[text]]></dcterms:medium></dc:format>
</ags:resource>
<ags:resource ags:ARN="GB2015402852">
	<dc:title><![CDATA[MAGANG DI PT RUMPUN SARI KEMUNING I NGARGOYOSO KARANGANYAR (QUALITY CONTROL PADA PROSES PRODUKSI TEH HIJAU)]]></dc:title>
	<dc:creator>
		<ags:creatorPersonal><![CDATA[Tamás Rátonyi]]></ags:creatorPersonal>
	</dc:creator>
	<dc:identifier scheme="dcterms:URI"><![CDATA[http://core.kmi.open.ac.uk/download/pdf/12346843.pdf]]></dc:identifier>
	<dc:identifier scheme="dcterms:URI"><![CDATA[oai:core.kmi.open.ac.uk:12346843]]></dc:identifier>
	<dc:format><dcterms:medium><![CDATA[text]]></dcterms:medium></dc:format>
</ags:resource>
<ags:resource ags:ARN="GB2015402853">
	<dc:title><![CDATA[ANALISIS PENGAMBILAN KEPUTUSAN DALAM PENGANGGARAN MODAL PADA MESIN PRODUKSI MADURASA DI PT AIR MANCUR]]></dc:title>
	<dc:creator>
		<ags:creatorPersonal><![CDATA[Kim E. Godbold]]></ags:creatorPersonal>
	</dc:creator>
	<dc:identifier scheme="dcterms:URI"><![CDATA[oai:core.kmi.open.ac.uk:12346866]]></dc:identifier>
	<dc:identifier scheme="dcterms:URI"><![CDATA[http://core.kmi.open.ac.uk/download/pdf/12346866.pdf]]></dc:identifier>
	<dc:format><dcterms:medium><![CDATA[text]]></dcterms:medium></dc:format>
</ags:resource>
<ags:resource ags:ARN="GB2015402854">
	<dc:title><![CDATA[ANALISIS PEMASARAN TAHU  DI KECAMATAN KARTASURA KABUPATEN SUKOHARJO]]></dc:title>
	<dc:creator>
		<ags:creatorPersonal><![CDATA[Wul]]></ags:creatorPersonal>
		<ags:creatorPersonal><![CDATA[ari]]></ags:creatorPersonal>
	</dc:creator>
	<dc:identifier scheme="dcterms:URI"><![CDATA[oai:core.kmi.open.ac.uk:12346853]]></dc:identifier>
	<dc:identifier scheme="dcterms:URI"><![CDATA[http://core.kmi.open.ac.uk/download/pdf/12346853.pdf]]></dc:identifier>
	<dc:format><dcterms:medium><![CDATA[text]]></dcterms:medium></dc:format>
</ags:resource>
<ags:resource ags:ARN="GB2015402855">
	<dc:title><![CDATA[KAJIAN KETAHANAN PADA PERTUMBUHAN AWAL BEBERAPA KLON KAKAO (Theobroma cacao L.) TERHADAP CEKAMAN KEKERINGAN]]></dc:title>
	<dc:creator>
		<ags:creatorPersonal><![CDATA[Mangantar David]]></ags:creatorPersonal>
	</dc:creator>
	<dc:identifier scheme="dcterms:URI"><![CDATA[http://core.kmi.open.ac.uk/download/pdf/12346856.pdf]]></dc:identifier>
	<dc:identifier scheme="dcterms:URI"><![CDATA[oai:core.kmi.open.ac.uk:12346856]]></dc:identifier>
	<dc:format><dcterms:medium><![CDATA[text]]></dcterms:medium></dc:format>
</ags:resource>
<ags:resource ags:ARN="GB2015402856">
	<dc:title><![CDATA[KERAGAMAN GENOTIPE DAN FENOTIPE GALUR-GALUR PADI  HIBRIDA DI DESA KAHUMAN, POLANHARJO, KLATEN]]></dc:title>
	<dc:creator>
		<ags:creatorPersonal><![CDATA[Awang Kustera]]></ags:creatorPersonal>
	</dc:creator>
	<dc:identifier scheme="dcterms:URI"><![CDATA[http://core.kmi.open.ac.uk/download/pdf/12346867.pdf]]></dc:identifier>
	<dc:identifier scheme="dcterms:URI"><![CDATA[oai:core.kmi.open.ac.uk:12346867]]></dc:identifier>
	<dc:format><dcterms:medium><![CDATA[text]]></dcterms:medium></dc:format>
</ags:resource>
<ags:resource ags:ARN="GB2015402857">
	<dc:title><![CDATA[ANALISIS KETERSEDIAAN PANGAN POKOK DAN POLA KONSUMSI RUMAH TANGGA PETANI DI KECAMATAN BULU KABUPATEN SUKOHARJO]]></dc:title>
	<dc:creator>
		<ags:creatorPersonal><![CDATA[DINA NUR IRONI]]></ags:creatorPersonal>
	</dc:creator>
	<dc:identifier scheme="dcterms:URI"><![CDATA[http://core.kmi.open.ac.uk/download/pdf/12346876.pdf]]></dc:identifier>
	<dc:identifier scheme="dcterms:URI"><![CDATA[oai:core.kmi.open.ac.uk:12346876]]></dc:identifier>
	<dc:format><dcterms:medium><![CDATA[text]]></dcterms:medium></dc:format>
</ags:resource>
<ags:resource ags:ARN="GB2015402858">
	<dc:title><![CDATA[PEMBIBITAN JAMUR TIRAM (Pleurotus ostreatus) DI BALAI PENGEMBANGAN DAN PROMOSI TANAMAN PANGAN DAN HORTIKULTURA (BPPTPH) NGIPIKSARI SLEMAN, YOGYAKARTA]]></dc:title>
	<dc:creator>
		<ags:creatorPersonal><![CDATA[FRENDI RIYANTO]]></ags:creatorPersonal>
	</dc:creator>
	<dc:identifier scheme="dcterms:URI"><![CDATA[oai:core.kmi.open.ac.uk:12346875]]></dc:identifier>
	<dc:identifier scheme="dcterms:URI"><![CDATA[http://core.kmi.open.ac.uk/download/pdf/12346875.pdf]]></dc:identifier>
	<dc:format><dcterms:medium><![CDATA[text]]></dcterms:medium></dc:format>
</ags:resource>
<ags:resource ags:ARN="GB2015402859">
	<dc:title><![CDATA[PENGARUH  PENGGUNAAN  KULIT  ARI  BIJI  METE   (Anacardium occidentale) DALAM RANSUM TERHADAP   PENAMPILAN PRODUKSI DOMBA LOKAL JANTAN]]></dc:title>
	<dc:creator>
		<ags:creatorPersonal><![CDATA[Dwi Harianto]]></ags:creatorPersonal>
	</dc:creator>
	<dc:identifier scheme="dcterms:URI"><![CDATA[oai:core.kmi.open.ac.uk:12346880]]></dc:identifier>
	<dc:identifier scheme="dcterms:URI"><![CDATA[http://core.kmi.open.ac.uk/download/pdf/12346880.pdf]]></dc:identifier>
	<dc:format><dcterms:medium><![CDATA[text]]></dcterms:medium></dc:format>
</ags:resource>
<ags:resource ags:ARN="GB2015402860">
	<dc:title><![CDATA[KERAGAMAN FENOTIP DAN DAYA HASIL BEBERAPA GALUR PADI INBRIDA(Oryza sativa L.)DI DESA PURWOSUMAN MASARAN SRAGEN DAN DESA MRISEN JUWIRING KLATEN]]></dc:title>
	<dc:creator>
		<ags:creatorPersonal><![CDATA[Wahyu Eka Sarjana]]></ags:creatorPersonal>
	</dc:creator>
	<dc:identifier scheme="dcterms:URI"><![CDATA[oai:core.kmi.open.ac.uk:12346882]]></dc:identifier>
	<dc:identifier scheme="dcterms:URI"><![CDATA[http://core.kmi.open.ac.uk/download/pdf/12346882.pdf]]></dc:identifier>
	<dc:format><dcterms:medium><![CDATA[text]]></dcterms:medium></dc:format>
</ags:resource>
<ags:resource ags:ARN="GB2015402861">
	<dc:title><![CDATA[BUDIDAYA DAN PENYULINGAN TANAMAN NILAM ACEH  (POGOSTEMON CABLIN BENTH) DI DENI NURSERY AND  GARDENING]]></dc:title>
	<dc:creator>
		<ags:creatorPersonal><![CDATA[Dwi Wulan Adharini]]></ags:creatorPersonal>
	</dc:creator>
	<dc:identifier scheme="dcterms:URI"><![CDATA[http://core.kmi.open.ac.uk/download/pdf/12346893.pdf]]></dc:identifier>
	<dc:identifier scheme="dcterms:URI"><![CDATA[oai:core.kmi.open.ac.uk:12346893]]></dc:identifier>
	<dc:format><dcterms:medium><![CDATA[text]]></dcterms:medium></dc:format>
</ags:resource>
<ags:resource ags:ARN="GB2015402862">
	<dc:title><![CDATA[Analisis efisiensi pengendalian persediaan bahan  baku teh di PT. Rumpun Sari Kemuning  I Karanganyar]]></dc:title>
	<dc:creator>
		<ags:creatorPersonal><![CDATA[Erma Prihastanti]]></ags:creatorPersonal>
	</dc:creator>
	<dc:identifier scheme="dcterms:URI"><![CDATA[oai:core.kmi.open.ac.uk:12346925]]></dc:identifier>
	<dc:identifier scheme="dcterms:URI"><![CDATA[http://core.kmi.open.ac.uk/download/pdf/12346925.pdf]]></dc:identifier>
	<dc:format><dcterms:medium><![CDATA[text]]></dcterms:medium></dc:format>
</ags:resource>
<ags:resource ags:ARN="GB2015402863">
	<dc:title><![CDATA[PENGARUH PENAMBAHAN BUBUR BAYI AFKIR KUKUS DALAM RANSUM TERHADAP PERFORMAN  DOMBA LOKAL JANTAN]]></dc:title>
	<dc:creator>
		<ags:creatorPersonal><![CDATA[Hendy Sri Rejeki]]></ags:creatorPersonal>
	</dc:creator>
	<dc:identifier scheme="dcterms:URI"><![CDATA[oai:core.kmi.open.ac.uk:12346946]]></dc:identifier>
	<dc:identifier scheme="dcterms:URI"><![CDATA[http://core.kmi.open.ac.uk/download/pdf/12346946.pdf]]></dc:identifier>
	<dc:format><dcterms:medium><![CDATA[text]]></dcterms:medium></dc:format>
</ags:resource>
<ags:resource ags:ARN="GB2015402864">
	<dc:title><![CDATA[PENGARUH PENGGUNAAN CAMPURAN AMPAS BIR DAN ONGGOK DALAM KONSENTRAT TERHADAP PERFORMAN DOMBA LOKAL JANTAN]]></dc:title>
	<dc:creator>
		<ags:creatorPersonal><![CDATA[IDA SETYONINGSIH]]></ags:creatorPersonal>
	</dc:creator>
	<dc:identifier scheme="dcterms:URI"><![CDATA[oai:core.kmi.open.ac.uk:12346948]]></dc:identifier>
	<dc:identifier scheme="dcterms:URI"><![CDATA[http://core.kmi.open.ac.uk/download/pdf/12346948.pdf]]></dc:identifier>
	<dc:format><dcterms:medium><![CDATA[text]]></dcterms:medium></dc:format>
</ags:resource>
<ags:resource ags:ARN="GB2015402865">
	<dc:title><![CDATA[Proses pembuatan roti kecik di perusahaan roti ganep’s tradisi Solo]]></dc:title>
	<dc:creator>
		<ags:creatorPersonal><![CDATA[SRI HARTINI]]></ags:creatorPersonal>
	</dc:creator>
	<dc:identifier scheme="dcterms:URI"><![CDATA[http://core.kmi.open.ac.uk/download/pdf/12346950.pdf]]></dc:identifier>
	<dc:identifier scheme="dcterms:URI"><![CDATA[oai:core.kmi.open.ac.uk:12346950]]></dc:identifier>
	<dc:format><dcterms:medium><![CDATA[text]]></dcterms:medium></dc:format>
</ags:resource>
<ags:resource ags:ARN="GB2015402866">
	<dc:title><![CDATA[DI GABUNGAN KOPERASI SUSU INDONESIA BOYOLALI  (PENGENDALIAN MUTU)]]></dc:title>
	<dc:creator>
		<ags:creatorPersonal><![CDATA[Erlina Dwi Iskuariasakti]]></ags:creatorPersonal>
	</dc:creator>
	<dc:identifier scheme="dcterms:URI"><![CDATA[http://core.kmi.open.ac.uk/download/pdf/12346969.pdf]]></dc:identifier>
	<dc:identifier scheme="dcterms:URI"><![CDATA[oai:core.kmi.open.ac.uk:12346969]]></dc:identifier>
	<dc:format><dcterms:medium><![CDATA[text]]></dcterms:medium></dc:format>
</ags:resource>
<ags:resource ags:ARN="GB2015402867">
	<dc:title><![CDATA[KARAKTERISTIK SENSORIS, NILAI GIZI DAN AKTIVITAS ANTIOKSIDAN TEMPE KACANG GUDE  ( Cajanus cajan  ( L. )  Millsp. ) DAN TEMPE KACANG TUNGGAK  ( Vigna unguiculata  ( L. )  Walp. ) DENGAN BERBAGAI VARIASI WAKTU FERMENTASI]]></dc:title>
	<dc:creator>
		<ags:creatorPersonal><![CDATA[Intan Wahyu Ristisa Dewi]]></ags:creatorPersonal>
	</dc:creator>
	<dc:identifier scheme="dcterms:URI"><![CDATA[http://core.kmi.open.ac.uk/download/pdf/12346954.pdf]]></dc:identifier>
	<dc:identifier scheme="dcterms:URI"><![CDATA[oai:core.kmi.open.ac.uk:12346954]]></dc:identifier>
	<dc:format><dcterms:medium><![CDATA[text]]></dcterms:medium></dc:format>
</ags:resource>
<ags:resource ags:ARN="GB2015402868">
	<dc:title><![CDATA[SIKAP KONSUMEN PASAR SWALAYAN TERHADAP PRODUK SUSU KEDELAI   DI KOTA SURAKARTA]]></dc:title>
	<dc:creator>
		<ags:creatorPersonal><![CDATA[C]]></ags:creatorPersonal>
		<ags:creatorPersonal><![CDATA[ria Milkarani Kilamanca]]></ags:creatorPersonal>
	</dc:creator>
	<dc:identifier scheme="dcterms:URI"><![CDATA[oai:core.kmi.open.ac.uk:12346962]]></dc:identifier>
	<dc:identifier scheme="dcterms:URI"><![CDATA[http://core.kmi.open.ac.uk/download/pdf/12346962.pdf]]></dc:identifier>
	<dc:format><dcterms:medium><![CDATA[text]]></dcterms:medium></dc:format>
</ags:resource>
<ags:resource ags:ARN="GB2015402869">
	<dc:title><![CDATA[PENGARUH PENGGUNAAN AMPAS BIR DALAM RANSUM TERHADAP KECERNAAN BAHAN KERING DAN BAHAN  ORGANIK KELINCI NEW ZEALAND WHITE JANTAN]]></dc:title>
	<dc:creator>
		<ags:creatorPersonal><![CDATA[Juwono]]></ags:creatorPersonal>
	</dc:creator>
	<dc:identifier scheme="dcterms:URI"><![CDATA[http://core.kmi.open.ac.uk/download/pdf/12346981.pdf]]></dc:identifier>
	<dc:identifier scheme="dcterms:URI"><![CDATA[oai:core.kmi.open.ac.uk:12346981]]></dc:identifier>
	<dc:format><dcterms:medium><![CDATA[text]]></dcterms:medium></dc:format>
</ags:resource>
<ags:resource ags:ARN="GB2015402870">
	<dc:title><![CDATA[PENGARUH PENAMBAHAN TEPUNG TEMULAWAK (Curcuma xanthorrhiza Roxb) DALAM RANSUM  TERHADAP PERFORMAN KELINCI  LOKAL JANTAN]]></dc:title>
	<dc:creator>
		<ags:creatorPersonal><![CDATA[M. Rifat]]></ags:creatorPersonal>
	</dc:creator>
	<dc:identifier scheme="dcterms:URI"><![CDATA[http://core.kmi.open.ac.uk/download/pdf/12347002.pdf]]></dc:identifier>
	<dc:identifier scheme="dcterms:URI"><![CDATA[oai:core.kmi.open.ac.uk:12347002]]></dc:identifier>
	<dc:format><dcterms:medium><![CDATA[text]]></dcterms:medium></dc:format>
</ags:resource>
<ags:resource ags:ARN="GB2015402871">
	<dc:title><![CDATA[DI PT.TIGA PILAR SEJAHTERA (PROSES PRODUKSI CANDY)]]></dc:title>
	<dc:creator>
		<ags:creatorPersonal><![CDATA[Sri Suparmi]]></ags:creatorPersonal>
	</dc:creator>
	<dc:identifier scheme="dcterms:URI"><![CDATA[http://core.kmi.open.ac.uk/download/pdf/12347009.pdf]]></dc:identifier>
	<dc:identifier scheme="dcterms:URI"><![CDATA[oai:core.kmi.open.ac.uk:12347009]]></dc:identifier>
	<dc:format><dcterms:medium><![CDATA[text]]></dcterms:medium></dc:format>
</ags:resource>
<ags:resource ags:ARN="GB2015402872">
	<dc:title><![CDATA[KAJIAN KOMPOSISI BAHAN ORGANIK DAN PENGGUNAAN BIOAKTIFATOR EM-4 PADA PEMBUATAN LARUTAN NUTRISI ORGANIK UNTUK BUDIDAYA BABY KAILAN (Brassica oleraceae var. alboglabra) DENGAN SISTEM HIDROPONIK SUBSTRAT]]></dc:title>
	<dc:creator>
		<ags:creatorPersonal><![CDATA[Itsnaini Maghfirah]]></ags:creatorPersonal>
	</dc:creator>
	<dc:identifier scheme="dcterms:URI"><![CDATA[oai:core.kmi.open.ac.uk:12347004]]></dc:identifier>
	<dc:identifier scheme="dcterms:URI"><![CDATA[http://core.kmi.open.ac.uk/download/pdf/12347004.pdf]]></dc:identifier>
	<dc:format><dcterms:medium><![CDATA[text]]></dcterms:medium></dc:format>
</ags:resource>
<ags:resource ags:ARN="GB2015402873">
	<dc:title><![CDATA[MANAJEMEN PEMELIHARAAN INDUKLAKTASI DI  PETERNAKAN SAPI PERAH CV. MAWAR MEKAR FARM  KABUPATEN KARANGANYAR]]></dc:title>
	<dc:creator>
		<ags:creatorPersonal><![CDATA[Prihanto]]></ags:creatorPersonal>
	</dc:creator>
	<dc:identifier scheme="dcterms:URI"><![CDATA[http://core.kmi.open.ac.uk/download/pdf/12347016.pdf]]></dc:identifier>
	<dc:identifier scheme="dcterms:URI"><![CDATA[oai:core.kmi.open.ac.uk:12347016]]></dc:identifier>
	<dc:format><dcterms:medium><![CDATA[text]]></dcterms:medium></dc:format>
</ags:resource>
<ags:resource ags:ARN="GB2015402874">
	<dc:title><![CDATA[ANALISIS PERMINTAAN BERAS PADA RUMAH TANGGA MISKIN  DI KABUPATEN DEMAK]]></dc:title>
	<dc:creator>
		<ags:creatorPersonal><![CDATA[Indira Christi Nugraheni]]></ags:creatorPersonal>
	</dc:creator>
	<dc:identifier scheme="dcterms:URI"><![CDATA[http://core.kmi.open.ac.uk/download/pdf/12347019.pdf]]></dc:identifier>
	<dc:identifier scheme="dcterms:URI"><![CDATA[oai:core.kmi.open.ac.uk:12347019]]></dc:identifier>
	<dc:format><dcterms:medium><![CDATA[text]]></dcterms:medium></dc:format>
</ags:resource>
<ags:resource ags:ARN="GB2015402875">
	<dc:title><![CDATA[SUPLEMENTASI TEPUNG KENCUR  ( Kaemferia galanga L  ) KEDALAM PAKAN TERHADAP PERFORMAN KELINCI JANTAN PERANAKAN NEW ZEALAND]]></dc:title>
	<dc:creator>
		<ags:creatorPersonal><![CDATA[Anom Wahyu Widodo]]></ags:creatorPersonal>
	</dc:creator>
	<dc:identifier scheme="dcterms:URI"><![CDATA[oai:core.kmi.open.ac.uk:12347028]]></dc:identifier>
	<dc:identifier scheme="dcterms:URI"><![CDATA[http://core.kmi.open.ac.uk/download/pdf/12347028.pdf]]></dc:identifier>
	<dc:format><dcterms:medium><![CDATA[text]]></dcterms:medium></dc:format>
</ags:resource>
<ags:resource ags:ARN="GB2015402876">
	<dc:title><![CDATA[PENGARUH ZEOLIT DAN PUPUK K TERHADAP  KETERSEDIAAN DAN SERAPAN K TANAMAN PADI  DI LAHAN PASIR PANTAI KULONPROGO]]></dc:title>
	<dc:creator>
		<ags:creatorPersonal><![CDATA[Agung Abdillah]]></ags:creatorPersonal>
	</dc:creator>
	<dc:identifier scheme="dcterms:URI"><![CDATA[oai:core.kmi.open.ac.uk:12347027]]></dc:identifier>
	<dc:identifier scheme="dcterms:URI"><![CDATA[http://core.kmi.open.ac.uk/download/pdf/12347027.pdf]]></dc:identifier>
	<dc:format><dcterms:medium><![CDATA[text]]></dcterms:medium></dc:format>
</ags:resource>
<ags:resource ags:ARN="GB2015402877">
	<dc:title><![CDATA[LAPORAN MAGANG DI PT. GARUDAFOOD PUTRA PUTRI JAYA PATI JAWA TENGAH (QUALITY CONTROL KACANG GARING)]]></dc:title>
	<dc:creator>
		<ags:creatorPersonal><![CDATA[BINTANG ADI NUGROHO]]></ags:creatorPersonal>
	</dc:creator>
	<dc:identifier scheme="dcterms:URI"><![CDATA[http://core.kmi.open.ac.uk/download/pdf/12347042.pdf]]></dc:identifier>
	<dc:identifier scheme="dcterms:URI"><![CDATA[oai:core.kmi.open.ac.uk:12347042]]></dc:identifier>
	<dc:format><dcterms:medium><![CDATA[text]]></dcterms:medium></dc:format>
</ags:resource>
<ags:resource ags:ARN="GB2015402878">
	<dc:title><![CDATA[ANALISIS ALOKASI TENAGA KERJA SEKTOR PERTANIAN DI KABUPATEN SUKOHARJO]]></dc:title>
	<dc:creator>
		<ags:creatorPersonal><![CDATA[Sujatmoko]]></ags:creatorPersonal>
	</dc:creator>
	<dc:identifier scheme="dcterms:URI"><![CDATA[http://core.kmi.open.ac.uk/download/pdf/12347044.pdf]]></dc:identifier>
	<dc:identifier scheme="dcterms:URI"><![CDATA[oai:core.kmi.open.ac.uk:12347044]]></dc:identifier>
	<dc:format><dcterms:medium><![CDATA[text]]></dcterms:medium></dc:format>
</ags:resource>
<ags:resource ags:ARN="GB2015402879">
	<dc:title><![CDATA[ANALISIS PARTISIPASI DAN KONTRIBUSI PENDAPATAN TENAGA KERJA WANITA PADA INDUSTRI KECIL KRUPUK KEDELAI DI KECAMATAN TUNTANG KABUPATEN SEMARANG]]></dc:title>
	<dc:creator>
		<ags:creatorPersonal><![CDATA[Gigih Himawan]]></ags:creatorPersonal>
	</dc:creator>
	<dc:identifier scheme="dcterms:URI"><![CDATA[oai:core.kmi.open.ac.uk:12347051]]></dc:identifier>
	<dc:identifier scheme="dcterms:URI"><![CDATA[http://core.kmi.open.ac.uk/download/pdf/12347051.pdf]]></dc:identifier>
	<dc:format><dcterms:medium><![CDATA[text]]></dcterms:medium></dc:format>
</ags:resource>
<ags:resource ags:ARN="GB2015402880">
	<dc:title><![CDATA[PENGARUH SUPLEMENTASI TEPUNG DAUN BAWANG PUTIH (Allium sativum) DALAM RANSUM TERHADAP PERSENTASE LEMAK  ABDOMINAL, KADAR LEMAK DAN KADAR PROTEIN DAGING ITIK LOKAL JANTAN]]></dc:title>
	<dc:creator>
		<ags:creatorPersonal><![CDATA[DWI HARYADI]]></ags:creatorPersonal>
	</dc:creator>
	<dc:identifier scheme="dcterms:URI"><![CDATA[http://core.kmi.open.ac.uk/download/pdf/12347075.pdf]]></dc:identifier>
	<dc:identifier scheme="dcterms:URI"><![CDATA[oai:core.kmi.open.ac.uk:12347075]]></dc:identifier>
	<dc:format><dcterms:medium><![CDATA[text]]></dcterms:medium></dc:format>
</ags:resource>
<ags:resource ags:ARN="GB2015402881">
	<dc:title><![CDATA[STRATEGI PENGEMBANGAN KOMODITI PERTANIAN DI DAERAH RAWAN BANJIR DI KECAMATAN MARGOMULYO KABUPATEN BOJONEGORO (PENDEKATAN TIPOLOGI KLASSEN)]]></dc:title>
	<dc:creator>
		<ags:creatorPersonal><![CDATA[NUR ALIYAH]]></ags:creatorPersonal>
	</dc:creator>
	<dc:identifier scheme="dcterms:URI"><![CDATA[http://core.kmi.open.ac.uk/download/pdf/12347066.pdf]]></dc:identifier>
	<dc:identifier scheme="dcterms:URI"><![CDATA[oai:core.kmi.open.ac.uk:12347066]]></dc:identifier>
	<dc:format><dcterms:medium><![CDATA[text]]></dcterms:medium></dc:format>
</ags:resource>
<ags:resource ags:ARN="GB2015402882">
	<dc:title><![CDATA[PENGARUH PERBEDAAN TINGKAT PROTEIN DALAM  RANSUM   DENGAN PENAMBAHAN PROBIOTIK  TERHADAP PRODUKTIVITAS   ITIK INDIAN RUNNER]]></dc:title>
	<dc:creator>
		<ags:creatorPersonal><![CDATA[SETYO RETNO SUSANTO]]></ags:creatorPersonal>
	</dc:creator>
	<dc:identifier scheme="dcterms:URI"><![CDATA[http://core.kmi.open.ac.uk/download/pdf/12347106.pdf]]></dc:identifier>
	<dc:identifier scheme="dcterms:URI"><![CDATA[oai:core.kmi.open.ac.uk:12347106]]></dc:identifier>
	<dc:format><dcterms:medium><![CDATA[text]]></dcterms:medium></dc:format>
</ags:resource>
<ags:resource ags:ARN="GB2015402883">
	<dc:title><![CDATA[Magang Mahasiswa DI YUASAFOOD BERKAH MAKMUR Krasak, Mojotengah, Wonosobo, Jawa Tengah “QUALITY CONTROL PROSES PEMBUATAN MANISAN CARICA”]]></dc:title>
	<dc:creator>
		<ags:creatorPersonal><![CDATA[RIFKA AFIFAH]]></ags:creatorPersonal>
	</dc:creator>
	<dc:identifier scheme="dcterms:URI"><![CDATA[http://core.kmi.open.ac.uk/download/pdf/12347121.pdf]]></dc:identifier>
	<dc:identifier scheme="dcterms:URI"><![CDATA[oai:core.kmi.open.ac.uk:12347121]]></dc:identifier>
	<dc:format><dcterms:medium><![CDATA[text]]></dcterms:medium></dc:format>
</ags:resource>
<ags:resource ags:ARN="GB2015402884">
	<dc:title><![CDATA[Pemanfaatan pelepah pisang   Pada kain tenun atbm sebagai tirai]]></dc:title>
	<dc:creator>
		<ags:creatorPersonal><![CDATA[Sri H]]></ags:creatorPersonal>
		<ags:creatorPersonal><![CDATA[ayani]]></ags:creatorPersonal>
	</dc:creator>
	<dc:identifier scheme="dcterms:URI"><![CDATA[oai:core.kmi.open.ac.uk:12347152]]></dc:identifier>
	<dc:identifier scheme="dcterms:URI"><![CDATA[http://core.kmi.open.ac.uk/download/pdf/12347152.pdf]]></dc:identifier>
	<dc:format><dcterms:medium><![CDATA[text]]></dcterms:medium></dc:format>
</ags:resource>
<ags:resource ags:ARN="GB2015402885">
	<dc:title><![CDATA[PENGEMBANGAN SEKTOR PERTANIAN DI KOTA SALATIGA DENGAN PENDEKATAN TIPOLOGI KLASSEN]]></dc:title>
	<dc:creator>
		<ags:creatorPersonal><![CDATA[Eye Mualif]]></ags:creatorPersonal>
	</dc:creator>
	<dc:identifier scheme="dcterms:URI"><![CDATA[oai:core.kmi.open.ac.uk:12347200]]></dc:identifier>
	<dc:identifier scheme="dcterms:URI"><![CDATA[http://core.kmi.open.ac.uk/download/pdf/12347200.pdf]]></dc:identifier>
	<dc:format><dcterms:medium><![CDATA[text]]></dcterms:medium></dc:format>
</ags:resource>
<ags:resource ags:ARN="GB2015402886">
	<dc:title><![CDATA[Analisis kelayakan investasi mesin pada pabrik gula Tasikmadu  Karanganyar]]></dc:title>
	<dc:creator>
		<ags:creatorPersonal><![CDATA[Riza Faradilla]]></ags:creatorPersonal>
	</dc:creator>
	<dc:identifier scheme="dcterms:URI"><![CDATA[http://core.kmi.open.ac.uk/download/pdf/12347159.pdf]]></dc:identifier>
	<dc:identifier scheme="dcterms:URI"><![CDATA[oai:core.kmi.open.ac.uk:12347159]]></dc:identifier>
	<dc:format><dcterms:medium><![CDATA[text]]></dcterms:medium></dc:format>
</ags:resource>
<ags:resource ags:ARN="GB2015402887">
	<dc:title><![CDATA[KESESUAIAN LAHAN UNTUK TANAMAN UBI CILEMBU  DI KECAMATAN JATISRONO KABUPATEN WONOGIRI]]></dc:title>
	<dc:creator>
		<ags:creatorPersonal><![CDATA[YULIUS WIJARNARKO]]></ags:creatorPersonal>
	</dc:creator>
	<dc:identifier scheme="dcterms:URI"><![CDATA[oai:core.kmi.open.ac.uk:12347156]]></dc:identifier>
	<dc:identifier scheme="dcterms:URI"><![CDATA[http://core.kmi.open.ac.uk/download/pdf/12347156.pdf]]></dc:identifier>
	<dc:format><dcterms:medium><![CDATA[text]]></dcterms:medium></dc:format>
</ags:resource>
<ags:resource ags:ARN="GB2015402888">
	<dc:title><![CDATA[Kajian macam media tanam dan konsentrasi iba  terhadap pertumbuhan stek jarak pagar (jatropha curcas l.)]]></dc:title>
	<dc:creator>
		<ags:creatorPersonal><![CDATA[Edy Purwanto]]></ags:creatorPersonal>
	</dc:creator>
	<dc:identifier scheme="dcterms:URI"><![CDATA[http://core.kmi.open.ac.uk/download/pdf/12347313.pdf]]></dc:identifier>
	<dc:identifier scheme="dcterms:URI"><![CDATA[oai:core.kmi.open.ac.uk:12347313]]></dc:identifier>
	<dc:format><dcterms:medium><![CDATA[text]]></dcterms:medium></dc:format>
</ags:resource>
<ags:resource ags:ARN="GB2015402889">
	<dc:title><![CDATA[N TOTAL DAN SERAPAN N TANAMAN PADI PADA BERBAGAI IMBANGAN PUPUK ANORGANIK PUPUK KANDANG SAPI DAN SERESAH SENGON (Paraserianthes falcataria L.)]]></dc:title>
	<dc:creator>
		<ags:creatorPersonal><![CDATA[Dodit Eko Prasetyo]]></ags:creatorPersonal>
	</dc:creator>
	<dc:identifier scheme="dcterms:URI"><![CDATA[oai:core.kmi.open.ac.uk:12347277]]></dc:identifier>
	<dc:identifier scheme="dcterms:URI"><![CDATA[http://core.kmi.open.ac.uk/download/pdf/12347277.pdf]]></dc:identifier>
	<dc:format><dcterms:medium><![CDATA[text]]></dcterms:medium></dc:format>
</ags:resource>
<ags:resource ags:ARN="GB2015402890">
	<dc:title><![CDATA[EFISIENSI SERAPAN N DAN HASIL TANAMAN PADI  ( Oryza sativa L. ) PADA BERBAGAI IMBANGAN PUPUK ORGANIK DAN PUPUK ANORGANIK DI LAHAN SAWAH PALUR SUKOHARJO]]></dc:title>
	<dc:creator>
		<ags:creatorPersonal><![CDATA[Idha Khusnul Khotimah]]></ags:creatorPersonal>
	</dc:creator>
	<dc:identifier scheme="dcterms:URI"><![CDATA[oai:core.kmi.open.ac.uk:12347312]]></dc:identifier>
	<dc:identifier scheme="dcterms:URI"><![CDATA[http://core.kmi.open.ac.uk/download/pdf/12347312.pdf]]></dc:identifier>
	<dc:format><dcterms:medium><![CDATA[text]]></dcterms:medium></dc:format>
</ags:resource>
<ags:resource ags:ARN="GB2015402891">
	<dc:title><![CDATA[PERBANYAKAN TANAMAN MANGGA DENGAN TEKNIK OKULASI DI KEBUN BENIH TANAMAN PANGAN DAN HORTIKULTURA TEJOMANTRI WONOREJO POLOKARTO SUKOHARJO]]></dc:title>
	<dc:creator>
		<ags:creatorPersonal><![CDATA[DESTI ROHMANINGTYAS]]></ags:creatorPersonal>
	</dc:creator>
	<dc:identifier scheme="dcterms:URI"><![CDATA[http://core.kmi.open.ac.uk/download/pdf/12347336.pdf]]></dc:identifier>
	<dc:identifier scheme="dcterms:URI"><![CDATA[oai:core.kmi.open.ac.uk:12347336]]></dc:identifier>
	<dc:format><dcterms:medium><![CDATA[text]]></dcterms:medium></dc:format>
</ags:resource>
<ags:resource ags:ARN="GB2015402892">
	<dc:title><![CDATA[INDUKSI TUNAS JERUK PAMELO (Citrus maxima Merr.) KULTIVAR BAGENG SECARA INVITRO DENGAN PEMBERIAN JENIS DAN KONSENTRASI SITOKININ]]></dc:title>
	<dc:creator>
		<ags:creatorPersonal><![CDATA[Suharijanto]]></ags:creatorPersonal>
	</dc:creator>
	<dc:identifier scheme="dcterms:URI"><![CDATA[oai:core.kmi.open.ac.uk:12347295]]></dc:identifier>
	<dc:identifier scheme="dcterms:URI"><![CDATA[http://core.kmi.open.ac.uk/download/pdf/12347295.pdf]]></dc:identifier>
	<dc:format><dcterms:medium><![CDATA[text]]></dcterms:medium></dc:format>
</ags:resource>
<ags:resource ags:ARN="GB2015402893">
	<dc:title><![CDATA[PENGGUNAAN WHEAT POLLARD FERMENTASI DALAM KONSENTRAT TERHADAP KECERNAAN BAHAN KERING DAN BAHAN ORGANIK RANSUM KELINCI KETURUNAN VLAAMSE REUS JANTAN]]></dc:title>
	<dc:creator>
		<ags:creatorPersonal><![CDATA[Tri joko Sujadmiko]]></ags:creatorPersonal>
	</dc:creator>
	<dc:identifier scheme="dcterms:URI"><![CDATA[oai:core.kmi.open.ac.uk:12347351]]></dc:identifier>
	<dc:identifier scheme="dcterms:URI"><![CDATA[http://core.kmi.open.ac.uk/download/pdf/12347351.pdf]]></dc:identifier>
	<dc:format><dcterms:medium><![CDATA[text]]></dcterms:medium></dc:format>
</ags:resource>
<ags:resource ags:ARN="GB2015402894">
	<dc:title><![CDATA[LAPORAN MAGANG DI PTPN IX (PERSERO) KEBUN SEMUGIH MOGA PEMALANG (PROSES PRODUKSI TEH HITAM)]]></dc:title>
	<dc:creator>
		<ags:creatorPersonal><![CDATA[RIFA FATKURAHMAN]]></ags:creatorPersonal>
	</dc:creator>
	<dc:identifier scheme="dcterms:URI"><![CDATA[oai:core.kmi.open.ac.uk:12347373]]></dc:identifier>
	<dc:identifier scheme="dcterms:URI"><![CDATA[http://core.kmi.open.ac.uk/download/pdf/12347373.pdf]]></dc:identifier>
	<dc:format><dcterms:medium><![CDATA[text]]></dcterms:medium></dc:format>
</ags:resource>
<ags:resource ags:ARN="GB2015402895">
	<dc:title><![CDATA[PENGGUNAAN WHEAT POLLARD FERMENTASI DALAM KONSENTRAT TERHADAP PERFORMAN KELINCI KETURUNAN VLAAMSE REUS JANTAN]]></dc:title>
	<dc:creator>
		<ags:creatorPersonal><![CDATA[Joki Ivan Prasetiawan]]></ags:creatorPersonal>
	</dc:creator>
	<dc:identifier scheme="dcterms:URI"><![CDATA[oai:core.kmi.open.ac.uk:12347354]]></dc:identifier>
	<dc:identifier scheme="dcterms:URI"><![CDATA[http://core.kmi.open.ac.uk/download/pdf/12347354.pdf]]></dc:identifier>
	<dc:format><dcterms:medium><![CDATA[text]]></dcterms:medium></dc:format>
</ags:resource>
<ags:resource ags:ARN="GB2015402896">
	<dc:title><![CDATA[BUDIDAYA AGLAONEMA  DI DEWI SRI FLORA]]></dc:title>
	<dc:creator>
		<ags:creatorPersonal><![CDATA[Arif Fitdyanto]]></ags:creatorPersonal>
	</dc:creator>
	<dc:identifier scheme="dcterms:URI"><![CDATA[http://core.kmi.open.ac.uk/download/pdf/12347506.pdf]]></dc:identifier>
	<dc:identifier scheme="dcterms:URI"><![CDATA[oai:core.kmi.open.ac.uk:12347506]]></dc:identifier>
	<dc:format><dcterms:medium><![CDATA[text]]></dcterms:medium></dc:format>
</ags:resource>
<ags:resource ags:ARN="GB2015402897">
	<dc:title><![CDATA[ERANAN SEKTOR PADI DALAM PEMBANGUNAN WILAYAH  DI KABUPATEN KUDUS   (DENGAN PENDEKATAN ANALISIS INPUT-OUTPUT)]]></dc:title>
	<dc:creator>
		<ags:creatorPersonal><![CDATA[INDRIYANI CAHYANTI]]></ags:creatorPersonal>
	</dc:creator>
	<dc:identifier scheme="dcterms:URI"><![CDATA[http://core.kmi.open.ac.uk/download/pdf/12347486.pdf]]></dc:identifier>
	<dc:identifier scheme="dcterms:URI"><![CDATA[oai:core.kmi.open.ac.uk:12347486]]></dc:identifier>
	<dc:format><dcterms:medium><![CDATA[text]]></dcterms:medium></dc:format>
</ags:resource>
<ags:resource ags:ARN="GB2015402898">
	<dc:title><![CDATA[“EVALUASI BAHAN MINUMAN KARBONASI”   (AIR, GULA, KONSENTRAT dan CO2)  PT. COCA-COLA BOTTLING INDONESIA  CENTRAL JAVA  Jl. Raya Soekarno Hatta Km-30 PO BOX 119 Ungaran  Jawa Tengah 50501 Telp (0298) 523333 Fax (0298) 532303]]></dc:title>
	<dc:creator>
		<ags:creatorPersonal><![CDATA[Dessy Fepriyana Suci]]></ags:creatorPersonal>
	</dc:creator>
	<dc:date><dcterms:dateIssued><![CDATA[KONSENTRAT dan CO2)  PT. COCA-COLA BOTTLING INDONESIA  CENTRAL JAVA  Jl. Raya Soekarno Hatta Km-30 PO BOX 119 Ungaran  Jawa Tengah 50501 Telp (0298) 523333 Fax (0298) 532303]]></dcterms:dateIssued></dc:date>
	<dc:identifier scheme="dcterms:URI"><![CDATA[http://core.kmi.open.ac.uk/download/pdf/12347508.pdf]]></dc:identifier>
	<dc:identifier scheme="dcterms:URI"><![CDATA[oai:core.kmi.open.ac.uk:12347508]]></dc:identifier>
	<dc:format><dcterms:medium><![CDATA[text]]></dcterms:medium></dc:format>
</ags:resource>
<ags:resource ags:ARN="GB2015402899">
	<dc:title><![CDATA[Uji potensi pertumbuhan dan hasil dari beberapa galur FL  tanaman wijen (Sesamum indicum L) secara monokultur di  Jumantono]]></dc:title>
	<dc:creator>
		<ags:creatorPersonal><![CDATA[Novy Hanura]]></ags:creatorPersonal>
	</dc:creator>
	<dc:identifier scheme="dcterms:URI"><![CDATA[oai:core.kmi.open.ac.uk:12347512]]></dc:identifier>
	<dc:identifier scheme="dcterms:URI"><![CDATA[http://core.kmi.open.ac.uk/download/pdf/12347512.pdf]]></dc:identifier>
	<dc:format><dcterms:medium><![CDATA[text]]></dcterms:medium></dc:format>
</ags:resource>
</ags:resources>