<?xml version="1.0" encoding="UTF-8"?>
<!DOCTYPE ags:resources SYSTEM "http://purl.org/agmes/agrisap/dtd/">
<ags:resources xmlns:ags="http://purl.org/agmes/1.1/" xmlns:dc="http://purl.org/dc/elements/1.1/" xmlns:agls="http://www.naa.gov.au/recordkeeping/gov_online/agls/1.2" xmlns:dcterms="http://purl.org/dc/terms/">
<ags:resource ags:ARN="GB2015401800">
	<dc:title><![CDATA[Mapping the Organic Vegetable Value Chain along the East West Economic Corridor]]></dc:title>
	<dc:creator>
		<ags:creatorPersonal><![CDATA[Pascal Ghazalian]]></ags:creatorPersonal>
		<ags:creatorPersonal><![CDATA[Lota Tamini]]></ags:creatorPersonal>
		<ags:creatorPersonal><![CDATA[Bruno Larue]]></ags:creatorPersonal>
		<ags:creatorPersonal><![CDATA[Jean-Philippe Gervais]]></ags:creatorPersonal>
	</dc:creator>
	<dc:identifier scheme="dcterms:URI"><![CDATA[http://core.kmi.open.ac.uk/download/pdf/12033798.pdf]]></dc:identifier>
	<dc:identifier scheme="dcterms:URI"><![CDATA[oai:core.kmi.open.ac.uk:12033798]]></dc:identifier>
	<dc:format><dcterms:medium><![CDATA[text]]></dcterms:medium></dc:format>
</ags:resource>
<ags:resource ags:ARN="GB2015401801">
	<dc:title><![CDATA[Azerbaijan’s WTO Accession Process and Its Potential Impact on Vulnerable Non-Competitive Segments of the Economy]]></dc:title>
	<dc:creator>
		<ags:creatorPersonal><![CDATA[Montague Lord]]></ags:creatorPersonal>
		<ags:creatorPersonal><![CDATA[Vugar Ahmadov]]></ags:creatorPersonal>
	</dc:creator>
	<dc:identifier scheme="dcterms:URI"><![CDATA[http://core.kmi.open.ac.uk/download/pdf/12033800.pdf]]></dc:identifier>
	<dc:identifier scheme="dcterms:URI"><![CDATA[oai:core.kmi.open.ac.uk:12033800]]></dc:identifier>
	<dc:format><dcterms:medium><![CDATA[text]]></dcterms:medium></dc:format>
</ags:resource>
<ags:resource ags:ARN="GB2015401802">
	<dc:title><![CDATA[What can we learn from univariate time series models? The case of sugar production in Mauritius 1879-1987]]></dc:title>
	<dc:creator>
		<ags:creatorPersonal><![CDATA[Naguib Lallmahomed]]></ags:creatorPersonal>
		<ags:creatorPersonal><![CDATA[Peter Taubert]]></ags:creatorPersonal>
	</dc:creator>
	<dc:identifier scheme="dcterms:URI"><![CDATA[http://core.kmi.open.ac.uk/download/pdf/12033661.pdf]]></dc:identifier>
	<dc:identifier scheme="dcterms:URI"><![CDATA[oai:core.kmi.open.ac.uk:12033661]]></dc:identifier>
	<dc:format><dcterms:medium><![CDATA[text]]></dcterms:medium></dc:format>
</ags:resource>
<ags:resource ags:ARN="GB2015401803">
	<dc:title><![CDATA[East-West Economic Corridor (EWEC)Strategy and Action Plan]]></dc:title>
	<dc:creator>
		<ags:creatorPersonal><![CDATA[Montague Lord]]></ags:creatorPersonal>
	</dc:creator>
	<dc:identifier scheme="dcterms:URI"><![CDATA[http://core.kmi.open.ac.uk/download/pdf/12033799.pdf]]></dc:identifier>
	<dc:identifier scheme="dcterms:URI"><![CDATA[oai:core.kmi.open.ac.uk:12033799]]></dc:identifier>
	<dc:format><dcterms:medium><![CDATA[text]]></dcterms:medium></dc:format>
</ags:resource>
<ags:resource ags:ARN="GB2015401804">
	<dc:title><![CDATA[Impact of the EWEC on Development in Border Provinces: Case Study of Savannakhet Province in Lao PDR]]></dc:title>
	<dc:creator>
		<ags:creatorPersonal><![CDATA[Montague J Lord]]></ags:creatorPersonal>
	</dc:creator>
	<dc:identifier scheme="dcterms:URI"><![CDATA[oai:core.kmi.open.ac.uk:12033805]]></dc:identifier>
	<dc:identifier scheme="dcterms:URI"><![CDATA[http://core.kmi.open.ac.uk/download/pdf/12033805.pdf]]></dc:identifier>
	<dc:format><dcterms:medium><![CDATA[text]]></dcterms:medium></dc:format>
</ags:resource>
<ags:resource ags:ARN="GB2015401805">
	<dc:title><![CDATA[Tutela della biodiversità e livelli di interrelazione nei sistemi locali di alcuni ecotipi di specie ortive in Sicilia]]></dc:title>
	<dc:creator>
		<ags:creatorPersonal><![CDATA[Giuseppe Timpanaro]]></ags:creatorPersonal>
		<ags:creatorPersonal><![CDATA[Vera Teresa Foti]]></ags:creatorPersonal>
		<ags:creatorPersonal><![CDATA[Ferdin]]></ags:creatorPersonal>
		<ags:creatorPersonal><![CDATA[o Branca]]></ags:creatorPersonal>
		<ags:creatorPersonal><![CDATA[Giuseppe Di Vita]]></ags:creatorPersonal>
	</dc:creator>
	<dc:identifier scheme="dcterms:URI"><![CDATA[http://core.kmi.open.ac.uk/download/pdf/12033953.pdf]]></dc:identifier>
	<dc:identifier scheme="dcterms:URI"><![CDATA[oai:core.kmi.open.ac.uk:12033953]]></dc:identifier>
	<dc:format><dcterms:medium><![CDATA[text]]></dcterms:medium></dc:format>
</ags:resource>
<ags:resource ags:ARN="GB2015401806">
	<dc:title><![CDATA[Agri-environmental Management during EU Integration of Bulgaria]]></dc:title>
	<dc:creator>
		<ags:creatorPersonal><![CDATA[Hrabrin Bachev]]></ags:creatorPersonal>
	</dc:creator>
	<dc:identifier scheme="dcterms:URI"><![CDATA[oai:core.kmi.open.ac.uk:12034306]]></dc:identifier>
	<dc:identifier scheme="dcterms:URI"><![CDATA[http://core.kmi.open.ac.uk/download/pdf/12034306.pdf]]></dc:identifier>
	<dc:format><dcterms:medium><![CDATA[text]]></dcterms:medium></dc:format>
</ags:resource>
<ags:resource ags:ARN="GB2015401807">
	<dc:title><![CDATA[Neuro-dynamic programming for the efficient management of reservoir networks]]></dc:title>
	<dc:creator>
		<ags:creatorPersonal><![CDATA[Daniele de Rigo]]></ags:creatorPersonal>
		<ags:creatorPersonal><![CDATA[Andrea Emilio Rizzoli]]></ags:creatorPersonal>
		<ags:creatorPersonal><![CDATA[Rodolfo Soncini-Sessa]]></ags:creatorPersonal>
		<ags:creatorPersonal><![CDATA[Enrico Weber]]></ags:creatorPersonal>
		<ags:creatorPersonal><![CDATA[Pietro Zenesi]]></ags:creatorPersonal>
	</dc:creator>
	<dc:identifier scheme="dcterms:URI"><![CDATA[http://core.kmi.open.ac.uk/download/pdf/12034379.pdf]]></dc:identifier>
	<dc:identifier scheme="dcterms:URI"><![CDATA[oai:core.kmi.open.ac.uk:12034379]]></dc:identifier>
	<dc:format><dcterms:medium><![CDATA[text]]></dcterms:medium></dc:format>
</ags:resource>
<ags:resource ags:ARN="GB2015401808">
	<dc:title><![CDATA[Implications of liberalization policies on government support to R&D: lessons from electricity markets]]></dc:title>
	<dc:creator>
		<ags:creatorPersonal><![CDATA[Erkan Erdogdu]]></ags:creatorPersonal>
	</dc:creator>
	<dc:identifier scheme="dcterms:URI"><![CDATA[http://core.kmi.open.ac.uk/download/pdf/12034338.pdf]]></dc:identifier>
	<dc:identifier scheme="dcterms:URI"><![CDATA[oai:core.kmi.open.ac.uk:12034338]]></dc:identifier>
	<dc:format><dcterms:medium><![CDATA[text]]></dcterms:medium></dc:format>
</ags:resource>
<ags:resource ags:ARN="GB2015401809">
	<dc:title><![CDATA[Agrarian Economy and Rural Development - realities and perspectives for Romania]]></dc:title>
	<dc:creator>
		<ags:creatorPersonal><![CDATA[André Albuquerque Sant'Anna]]></ags:creatorPersonal>
	</dc:creator>
	<dc:identifier scheme="dcterms:URI"><![CDATA[oai:core.kmi.open.ac.uk:12034087]]></dc:identifier>
	<dc:identifier scheme="dcterms:URI"><![CDATA[http://core.kmi.open.ac.uk/download/pdf/12034087.pdf]]></dc:identifier>
	<dc:format><dcterms:medium><![CDATA[text]]></dcterms:medium></dc:format>
</ags:resource>
<ags:resource ags:ARN="GB2015401810">
	<dc:title><![CDATA[Research and Science Today No.2]]></dc:title>
	<dc:creator>
		<ags:creatorPersonal><![CDATA[Adriana Rodica MUREŞAN]]></ags:creatorPersonal>
		<ags:creatorPersonal><![CDATA[Cătălin CRISTESCU]]></ags:creatorPersonal>
		<ags:creatorPersonal><![CDATA[Anca-Elena RUSU]]></ags:creatorPersonal>
		<ags:creatorPersonal><![CDATA[Flavius-Cristian MĂRCĂU]]></ags:creatorPersonal>
		<ags:creatorPersonal><![CDATA[Mihaela Andreea CIOREI]]></ags:creatorPersonal>
		<ags:creatorPersonal><![CDATA[Iulian Marcel CIUBOTARU]]></ags:creatorPersonal>
		<ags:creatorPersonal><![CDATA[Irina DAMIAN]]></ags:creatorPersonal>
		<ags:creatorPersonal><![CDATA[Ileana Daniela ŞERBAN]]></ags:creatorPersonal>
		<ags:creatorPersonal><![CDATA[Diana-Gabriela POPA (LUPU)]]></ags:creatorPersonal>
		<ags:creatorPersonal><![CDATA[Anamaria Elena GHEORGHE]]></ags:creatorPersonal>
		<ags:creatorPersonal><![CDATA[Denis – Gabriela GHERVASE]]></ags:creatorPersonal>
		<ags:creatorPersonal><![CDATA[Daniel IOSIF]]></ags:creatorPersonal>
		<ags:creatorPersonal><![CDATA[Ştefan - Claudiu MARIN]]></ags:creatorPersonal>
		<ags:creatorPersonal><![CDATA[Camelia MARIN]]></ags:creatorPersonal>
		<ags:creatorPersonal><![CDATA[Mihaela RUXANDA]]></ags:creatorPersonal>
	</dc:creator>
	<dc:identifier scheme="dcterms:URI"><![CDATA[oai:core.kmi.open.ac.uk:12034216]]></dc:identifier>
	<dc:identifier scheme="dcterms:URI"><![CDATA[http://core.kmi.open.ac.uk/download/pdf/12034216.pdf]]></dc:identifier>
	<dc:format><dcterms:medium><![CDATA[text]]></dcterms:medium></dc:format>
</ags:resource>
<ags:resource ags:ARN="GB2015401811">
	<dc:title><![CDATA[Small farmers, NGOs, and a Walmart World: Welfare effects of supermarkets operating in Nicaragua]]></dc:title>
	<dc:creator>
		<ags:creatorPersonal><![CDATA[Hope C. Michelson]]></ags:creatorPersonal>
	</dc:creator>
	<dc:identifier scheme="dcterms:URI"><![CDATA[http://core.kmi.open.ac.uk/download/pdf/12034508.pdf]]></dc:identifier>
	<dc:identifier scheme="dcterms:URI"><![CDATA[oai:core.kmi.open.ac.uk:12034508]]></dc:identifier>
	<dc:format><dcterms:medium><![CDATA[text]]></dcterms:medium></dc:format>
</ags:resource>
<ags:resource ags:ARN="GB2015401812">
	<dc:title><![CDATA[Rural Poverty and Agricultural Development in Tamil Nadu]]></dc:title>
	<dc:creator>
		<ags:creatorPersonal><![CDATA[Haiyan Xu]]></ags:creatorPersonal>
		<ags:creatorPersonal><![CDATA[ZhongXiang Zhang]]></ags:creatorPersonal>
	</dc:creator>
	<dc:identifier scheme="dcterms:URI"><![CDATA[http://core.kmi.open.ac.uk/download/pdf/12034450.pdf]]></dc:identifier>
	<dc:identifier scheme="dcterms:URI"><![CDATA[oai:core.kmi.open.ac.uk:12034450]]></dc:identifier>
	<dc:format><dcterms:medium><![CDATA[text]]></dcterms:medium></dc:format>
</ags:resource>
<ags:resource ags:ARN="GB2015401813">
	<dc:title><![CDATA[تفعيل دور التصنيع الزراعي في تحقيق الأمن الغذائي العربي]]></dc:title>
	<dc:creator>
		<ags:creatorPersonal><![CDATA[Hussein Elasrag]]></ags:creatorPersonal>
	</dc:creator>
	<dc:identifier scheme="dcterms:URI"><![CDATA[http://core.kmi.open.ac.uk/download/pdf/12034533.pdf]]></dc:identifier>
	<dc:identifier scheme="dcterms:URI"><![CDATA[oai:core.kmi.open.ac.uk:12034533]]></dc:identifier>
	<dc:format><dcterms:medium><![CDATA[text]]></dcterms:medium></dc:format>
</ags:resource>
<ags:resource ags:ARN="GB2015401814">
	<dc:title><![CDATA[Timing of adoption of clean technologies, transboundary pollution and international trade]]></dc:title>
	<dc:creator>
		<ags:creatorPersonal><![CDATA[Mehdi Ben Jebli]]></ags:creatorPersonal>
		<ags:creatorPersonal><![CDATA[Slim Ben Youssef]]></ags:creatorPersonal>
	</dc:creator>
	<dc:identifier scheme="dcterms:URI"><![CDATA[oai:core.kmi.open.ac.uk:12034514]]></dc:identifier>
	<dc:identifier scheme="dcterms:URI"><![CDATA[http://core.kmi.open.ac.uk/download/pdf/12034514.pdf]]></dc:identifier>
	<dc:format><dcterms:medium><![CDATA[text]]></dcterms:medium></dc:format>
</ags:resource>
<ags:resource ags:ARN="GB2015401815">
	<dc:title><![CDATA[A development model for the internationalization of SME agro-food of Puglia: the ISCI project]]></dc:title>
	<dc:creator>
		<ags:creatorPersonal><![CDATA[José Belbute]]></ags:creatorPersonal>
	</dc:creator>
	<dc:identifier scheme="dcterms:URI"><![CDATA[http://core.kmi.open.ac.uk/download/pdf/12034544.pdf]]></dc:identifier>
	<dc:identifier scheme="dcterms:URI"><![CDATA[oai:core.kmi.open.ac.uk:12034544]]></dc:identifier>
	<dc:format><dcterms:medium><![CDATA[text]]></dcterms:medium></dc:format>
</ags:resource>
<ags:resource ags:ARN="GB2015401816">
	<dc:title><![CDATA[Climatic shocks and food security in developing countries]]></dc:title>
	<dc:creator>
		<ags:creatorPersonal><![CDATA[Felix Badolo]]></ags:creatorPersonal>
		<ags:creatorPersonal><![CDATA[Somlanare Romuald Kinda]]></ags:creatorPersonal>
	</dc:creator>
	<dc:identifier scheme="dcterms:URI"><![CDATA[oai:core.kmi.open.ac.uk:12034765]]></dc:identifier>
	<dc:identifier scheme="dcterms:URI"><![CDATA[http://core.kmi.open.ac.uk/download/pdf/12034765.pdf]]></dc:identifier>
	<dc:format><dcterms:medium><![CDATA[text]]></dcterms:medium></dc:format>
</ags:resource>
<ags:resource ags:ARN="GB2015401817">
	<dc:title><![CDATA[Non-Financial Hurdles for Human Capital Accumulation: Landownership in Korea under Japanese Rule]]></dc:title>
	<dc:creator>
		<ags:creatorPersonal><![CDATA[Bogang Jun]]></ags:creatorPersonal>
	</dc:creator>
	<dc:identifier scheme="dcterms:URI"><![CDATA[oai:core.kmi.open.ac.uk:12034838]]></dc:identifier>
	<dc:identifier scheme="dcterms:URI"><![CDATA[http://core.kmi.open.ac.uk/download/pdf/12034838.pdf]]></dc:identifier>
	<dc:format><dcterms:medium><![CDATA[text]]></dcterms:medium></dc:format>
</ags:resource>
<ags:resource ags:ARN="GB2015401818">
	<dc:title><![CDATA[Feed-in tariffs for promoting solar PV: progressing from dynamic to allocative efficiency]]></dc:title>
	<dc:creator>
		<ags:creatorPersonal><![CDATA[William Bell]]></ags:creatorPersonal>
		<ags:creatorPersonal><![CDATA[John Foster]]></ags:creatorPersonal>
	</dc:creator>
	<dc:identifier scheme="dcterms:URI"><![CDATA[http://core.kmi.open.ac.uk/download/pdf/12034908.pdf]]></dc:identifier>
	<dc:identifier scheme="dcterms:URI"><![CDATA[oai:core.kmi.open.ac.uk:12034908]]></dc:identifier>
	<dc:format><dcterms:medium><![CDATA[text]]></dcterms:medium></dc:format>
</ags:resource>
<ags:resource ags:ARN="GB2015401819">
	<dc:title><![CDATA[Il mercato del tartufo fresco in Italia tra performance commerciali e vincoli allo sviluppo: il contributo delle regioni italiane]]></dc:title>
	<dc:creator>
		<ags:creatorPersonal><![CDATA[M.S. Meena]]></ags:creatorPersonal>
		<ags:creatorPersonal><![CDATA[K.M. Singh]]></ags:creatorPersonal>
		<ags:creatorPersonal><![CDATA[R.K.P. Singh]]></ags:creatorPersonal>
		<ags:creatorPersonal><![CDATA[Abhay Kumar]]></ags:creatorPersonal>
		<ags:creatorPersonal><![CDATA[Anjani Kumar]]></ags:creatorPersonal>
	</dc:creator>
	<dc:identifier scheme="dcterms:URI"><![CDATA[oai:core.kmi.open.ac.uk:12034892]]></dc:identifier>
	<dc:identifier scheme="dcterms:URI"><![CDATA[http://core.kmi.open.ac.uk/download/pdf/12034892.pdf]]></dc:identifier>
	<dc:format><dcterms:medium><![CDATA[text]]></dcterms:medium></dc:format>
</ags:resource>
<ags:resource ags:ARN="GB2015401820">
	<dc:title><![CDATA[Taxing CO2 and subsidising biomass. Analysed in a macroeconomic and sectoral model]]></dc:title>
	<dc:creator>
		<ags:creatorPersonal><![CDATA[Henrik Klinge Jacobsen]]></ags:creatorPersonal>
	</dc:creator>
	<dc:identifier scheme="dcterms:URI"><![CDATA[http://core.kmi.open.ac.uk/download/pdf/12035008.pdf]]></dc:identifier>
	<dc:identifier scheme="dcterms:URI"><![CDATA[oai:core.kmi.open.ac.uk:12035008]]></dc:identifier>
	<dc:format><dcterms:medium><![CDATA[text]]></dcterms:medium></dc:format>
</ags:resource>
<ags:resource ags:ARN="GB2015401821">
	<dc:title><![CDATA[Research and Science Today No. 4]]></dc:title>
	<dc:creator>
		<ags:creatorPersonal><![CDATA[Flavius-Cristian Mărcău]]></ags:creatorPersonal>
		<ags:creatorPersonal><![CDATA[Mihaela Ciorei]]></ags:creatorPersonal>
	</dc:creator>
	<dc:identifier scheme="dcterms:URI"><![CDATA[http://core.kmi.open.ac.uk/download/pdf/12034864.pdf]]></dc:identifier>
	<dc:identifier scheme="dcterms:URI"><![CDATA[oai:core.kmi.open.ac.uk:12034864]]></dc:identifier>
	<dc:format><dcterms:medium><![CDATA[text]]></dcterms:medium></dc:format>
</ags:resource>
<ags:resource ags:ARN="GB2015401822">
	<dc:title><![CDATA[Cross-Validation of production and consumption data of fruits and vegetables]]></dc:title>
	<dc:creator>
		<ags:creatorPersonal><![CDATA[L. G. Firbank]]></ags:creatorPersonal>
		<ags:creatorPersonal><![CDATA[H. R. Arnold]]></ags:creatorPersonal>
		<ags:creatorPersonal><![CDATA[B. C. Eversham]]></ags:creatorPersonal>
		<ags:creatorPersonal><![CDATA[J. O. Mountford]]></ags:creatorPersonal>
		<ags:creatorPersonal><![CDATA[G. L. Radford]]></ags:creatorPersonal>
		<ags:creatorPersonal><![CDATA[M. G. Telfer]]></ags:creatorPersonal>
		<ags:creatorPersonal><![CDATA[J. R. Treweek]]></ags:creatorPersonal>
		<ags:creatorPersonal><![CDATA[N. R. C. Webb]]></ags:creatorPersonal>
		<ags:creatorPersonal><![CDATA[T. C. E. Wells]]></ags:creatorPersonal>
	</dc:creator>
	<dc:identifier scheme="dcterms:URI"><![CDATA[oai:core.kmi.open.ac.uk:12034788]]></dc:identifier>
	<dc:identifier scheme="dcterms:URI"><![CDATA[http://core.kmi.open.ac.uk/download/pdf/12034788.pdf]]></dc:identifier>
	<dc:format><dcterms:medium><![CDATA[text]]></dcterms:medium></dc:format>
</ags:resource>
<ags:resource ags:ARN="GB2015401823">
	<dc:title><![CDATA[Sericulture as an Employment Generating Household Industry in West Bengal]]></dc:title>
	<dc:creator>
		<ags:creatorPersonal><![CDATA[Ch]]></ags:creatorPersonal>
		<ags:creatorPersonal><![CDATA[an Roy]]></ags:creatorPersonal>
		<ags:creatorPersonal><![CDATA[Sanchari Roy Mukherjee]]></ags:creatorPersonal>
		<ags:creatorPersonal><![CDATA[Shantanu Ghosh]]></ags:creatorPersonal>
	</dc:creator>
	<dc:identifier scheme="dcterms:URI"><![CDATA[http://core.kmi.open.ac.uk/download/pdf/12035095.pdf]]></dc:identifier>
	<dc:identifier scheme="dcterms:URI"><![CDATA[oai:core.kmi.open.ac.uk:12035095]]></dc:identifier>
	<dc:format><dcterms:medium><![CDATA[text]]></dcterms:medium></dc:format>
</ags:resource>
<ags:resource ags:ARN="GB2015401824">
	<dc:title><![CDATA[Framed field experiments with heterogeneous frame connotation]]></dc:title>
	<dc:creator>
		<ags:creatorPersonal><![CDATA[Erik Ansink]]></ags:creatorPersonal>
		<ags:creatorPersonal><![CDATA[Jetske Bouma]]></ags:creatorPersonal>
	</dc:creator>
	<dc:identifier scheme="dcterms:URI"><![CDATA[http://core.kmi.open.ac.uk/download/pdf/12035266.pdf]]></dc:identifier>
	<dc:identifier scheme="dcterms:URI"><![CDATA[oai:core.kmi.open.ac.uk:12035266]]></dc:identifier>
	<dc:format><dcterms:medium><![CDATA[text]]></dcterms:medium></dc:format>
</ags:resource>
<ags:resource ags:ARN="GB2015401825">
	<dc:title><![CDATA[Land inequality and deforestation in the Brazilian Amazon]]></dc:title>
	<dc:creator>
		<ags:creatorPersonal><![CDATA[Dong Wang]]></ags:creatorPersonal>
	</dc:creator>
	<dc:identifier scheme="dcterms:URI"><![CDATA[oai:core.kmi.open.ac.uk:12035167]]></dc:identifier>
	<dc:identifier scheme="dcterms:URI"><![CDATA[http://core.kmi.open.ac.uk/download/pdf/12035167.pdf]]></dc:identifier>
	<dc:format><dcterms:medium><![CDATA[text]]></dcterms:medium></dc:format>
</ags:resource>
<ags:resource ags:ARN="GB2015401826">
	<dc:title><![CDATA[Joint Adoption of Safer Irrigation Technologies under Uncertainty: Evidence from Ghana]]></dc:title>
	<dc:creator>
		<ags:creatorPersonal><![CDATA[S. A. Bhatti]]></ags:creatorPersonal>
		<ags:creatorPersonal><![CDATA[N. Hameed]]></ags:creatorPersonal>
		<ags:creatorPersonal><![CDATA[Inayatullah C.]]></ags:creatorPersonal>
	</dc:creator>
	<dc:identifier scheme="dcterms:URI"><![CDATA[oai:core.kmi.open.ac.uk:12035179]]></dc:identifier>
	<dc:identifier scheme="dcterms:URI"><![CDATA[http://core.kmi.open.ac.uk/download/pdf/12035179.pdf]]></dc:identifier>
	<dc:format><dcterms:medium><![CDATA[text]]></dcterms:medium></dc:format>
</ags:resource>
<ags:resource ags:ARN="GB2015401827">
	<dc:title><![CDATA[Research on Aquaculture in China]]></dc:title>
	<dc:creator>
		<ags:creatorPersonal><![CDATA[Ang Zhou]]></ags:creatorPersonal>
		<ags:creatorPersonal><![CDATA[Dong Wang]]></ags:creatorPersonal>
		<ags:creatorPersonal><![CDATA[Di Wang]]></ags:creatorPersonal>
	</dc:creator>
	<dc:identifier scheme="dcterms:URI"><![CDATA[oai:core.kmi.open.ac.uk:12035146]]></dc:identifier>
	<dc:identifier scheme="dcterms:URI"><![CDATA[http://core.kmi.open.ac.uk/download/pdf/12035146.pdf]]></dc:identifier>
	<dc:format><dcterms:medium><![CDATA[text]]></dcterms:medium></dc:format>
</ags:resource>
<ags:resource ags:ARN="GB2015401828">
	<dc:title><![CDATA[A Dynamic Optimization on Energy Efficiency in Developing Countries]]></dc:title>
	<dc:creator>
		<ags:creatorPersonal><![CDATA[Mhd Karim Azhari]]></ags:creatorPersonal>
	</dc:creator>
	<dc:identifier scheme="dcterms:URI"><![CDATA[oai:core.kmi.open.ac.uk:12035143]]></dc:identifier>
	<dc:identifier scheme="dcterms:URI"><![CDATA[http://core.kmi.open.ac.uk/download/pdf/12035143.pdf]]></dc:identifier>
	<dc:format><dcterms:medium><![CDATA[text]]></dcterms:medium></dc:format>
</ags:resource>
<ags:resource ags:ARN="GB2015401829">
	<dc:title><![CDATA[Legitimacy and cooperation: A framed field experiment]]></dc:title>
	<dc:creator>
		<ags:creatorPersonal><![CDATA[Jetske A. Bouma]]></ags:creatorPersonal>
		<ags:creatorPersonal><![CDATA[K.J. Joy]]></ags:creatorPersonal>
		<ags:creatorPersonal><![CDATA[Suhas Paranjape]]></ags:creatorPersonal>
		<ags:creatorPersonal><![CDATA[Erik Ansink]]></ags:creatorPersonal>
	</dc:creator>
	<dc:identifier scheme="dcterms:URI"><![CDATA[http://core.kmi.open.ac.uk/download/pdf/12035455.pdf]]></dc:identifier>
	<dc:identifier scheme="dcterms:URI"><![CDATA[oai:core.kmi.open.ac.uk:12035455]]></dc:identifier>
	<dc:format><dcterms:medium><![CDATA[text]]></dcterms:medium></dc:format>
</ags:resource>
<ags:resource ags:ARN="GB2015401830">
	<dc:title><![CDATA[A brief essay on the financialization of agricultural commodity markets]]></dc:title>
	<dc:creator>
		<ags:creatorPersonal><![CDATA[Carol Morris]]></ags:creatorPersonal>
		<ags:creatorPersonal><![CDATA[Nick Evans]]></ags:creatorPersonal>
	</dc:creator>
	<dc:identifier scheme="dcterms:URI"><![CDATA[http://core.kmi.open.ac.uk/download/pdf/12035682.pdf]]></dc:identifier>
	<dc:identifier scheme="dcterms:URI"><![CDATA[oai:core.kmi.open.ac.uk:12035682]]></dc:identifier>
	<dc:format><dcterms:medium><![CDATA[text]]></dcterms:medium></dc:format>
</ags:resource>
<ags:resource ags:ARN="GB2015401831">
	<dc:title><![CDATA[Environmental tax reform in Vietnam: An ex ante general equilibrium assessment]]></dc:title>
	<dc:creator>
		<ags:creatorPersonal><![CDATA[Dirk Willenbockel]]></ags:creatorPersonal>
	</dc:creator>
	<dc:identifier scheme="dcterms:URI"><![CDATA[http://core.kmi.open.ac.uk/download/pdf/12035512.pdf]]></dc:identifier>
	<dc:identifier scheme="dcterms:URI"><![CDATA[oai:core.kmi.open.ac.uk:12035512]]></dc:identifier>
	<dc:format><dcterms:medium><![CDATA[text]]></dcterms:medium></dc:format>
</ags:resource>
<ags:resource ags:ARN="GB2015401832">
	<dc:title><![CDATA[Dynamics of income in Jharkhand: evidences from village studies]]></dc:title>
	<dc:creator>
		<ags:creatorPersonal><![CDATA[K.M. Singh]]></ags:creatorPersonal>
		<ags:creatorPersonal><![CDATA[M.S. Meena]]></ags:creatorPersonal>
		<ags:creatorPersonal><![CDATA[R.K.P. Singh]]></ags:creatorPersonal>
		<ags:creatorPersonal><![CDATA[Abhay Kumar]]></ags:creatorPersonal>
		<ags:creatorPersonal><![CDATA[Anjani Kumar]]></ags:creatorPersonal>
	</dc:creator>
	<dc:identifier scheme="dcterms:URI"><![CDATA[http://core.kmi.open.ac.uk/download/pdf/12035709.pdf]]></dc:identifier>
	<dc:identifier scheme="dcterms:URI"><![CDATA[oai:core.kmi.open.ac.uk:12035709]]></dc:identifier>
	<dc:format><dcterms:medium><![CDATA[text]]></dcterms:medium></dc:format>
</ags:resource>
<ags:resource ags:ARN="GB2015401833">
	<dc:title><![CDATA[Assessing Farmer’s Willingness to Participate in the On-farm Conservation of Minor Millet using Direct Compensation Payment]]></dc:title>
	<dc:creator>
		<ags:creatorPersonal><![CDATA[Prabhakaran Tenkasi Raghu]]></ags:creatorPersonal>
		<ags:creatorPersonal><![CDATA[Sukanya Das]]></ags:creatorPersonal>
		<ags:creatorPersonal><![CDATA[Bala Ravi S]]></ags:creatorPersonal>
		<ags:creatorPersonal><![CDATA[Oliver King E.D.I]]></ags:creatorPersonal>
	</dc:creator>
	<dc:identifier scheme="dcterms:URI"><![CDATA[oai:core.kmi.open.ac.uk:12035834]]></dc:identifier>
	<dc:identifier scheme="dcterms:URI"><![CDATA[http://core.kmi.open.ac.uk/download/pdf/12035834.pdf]]></dc:identifier>
	<dc:format><dcterms:medium><![CDATA[text]]></dcterms:medium></dc:format>
</ags:resource>
<ags:resource ags:ARN="GB2015401834">
	<dc:title><![CDATA[Abatement costs of alternative tax systems to regulate agricultural nitrogen loss]]></dc:title>
	<dc:creator>
		<ags:creatorPersonal><![CDATA[H. de OLIVEIRA]]></ags:creatorPersonal>
		<ags:creatorPersonal><![CDATA[E. L. CARDOSO]]></ags:creatorPersonal>
	</dc:creator>
	<dc:identifier scheme="dcterms:URI"><![CDATA[http://core.kmi.open.ac.uk/download/pdf/12035678.pdf]]></dc:identifier>
	<dc:identifier scheme="dcterms:URI"><![CDATA[oai:core.kmi.open.ac.uk:12035678]]></dc:identifier>
	<dc:format><dcterms:medium><![CDATA[text]]></dcterms:medium></dc:format>
</ags:resource>
<ags:resource ags:ARN="GB2015401835">
	<dc:title><![CDATA[Environmental Taxation Evolution in Ukraine: Trends, Challenges and Outlook]]></dc:title>
	<dc:creator>
		<ags:creatorPersonal><![CDATA[Serhiy Shkarlet]]></ags:creatorPersonal>
		<ags:creatorPersonal><![CDATA[Iaroslav Petrakov]]></ags:creatorPersonal>
	</dc:creator>
	<dc:identifier scheme="dcterms:URI"><![CDATA[oai:core.kmi.open.ac.uk:12035876]]></dc:identifier>
	<dc:identifier scheme="dcterms:URI"><![CDATA[http://core.kmi.open.ac.uk/download/pdf/12035876.pdf]]></dc:identifier>
	<dc:format><dcterms:medium><![CDATA[text]]></dcterms:medium></dc:format>
</ags:resource>
<ags:resource ags:ARN="GB2015401836">
	<dc:title><![CDATA[Dynamics of income in Jharkhand: evidences from village studies]]></dc:title>
	<dc:creator>
		<ags:creatorPersonal><![CDATA[M.S. Meena]]></ags:creatorPersonal>
		<ags:creatorPersonal><![CDATA[K.M. Singh]]></ags:creatorPersonal>
		<ags:creatorPersonal><![CDATA[R.K.P. Singh]]></ags:creatorPersonal>
		<ags:creatorPersonal><![CDATA[Abhay Kumar]]></ags:creatorPersonal>
		<ags:creatorPersonal><![CDATA[Anjani Kumar]]></ags:creatorPersonal>
	</dc:creator>
	<dc:identifier scheme="dcterms:URI"><![CDATA[oai:core.kmi.open.ac.uk:12036019]]></dc:identifier>
	<dc:identifier scheme="dcterms:URI"><![CDATA[http://core.kmi.open.ac.uk/download/pdf/12036019.pdf]]></dc:identifier>
	<dc:format><dcterms:medium><![CDATA[text]]></dcterms:medium></dc:format>
</ags:resource>
<ags:resource ags:ARN="GB2015401837">
	<dc:title><![CDATA[Assessing farmer’s willingness to participate in the on-farm conservation of minor millet using direct compensation payment]]></dc:title>
	<dc:creator>
		<ags:creatorPersonal><![CDATA[Prabhakaran T. Raghu]]></ags:creatorPersonal>
		<ags:creatorPersonal><![CDATA[Sukanya Das]]></ags:creatorPersonal>
		<ags:creatorPersonal><![CDATA[Bala Ravi S]]></ags:creatorPersonal>
		<ags:creatorPersonal><![CDATA[Oliver King E.D.I]]></ags:creatorPersonal>
	</dc:creator>
	<dc:identifier scheme="dcterms:URI"><![CDATA[http://core.kmi.open.ac.uk/download/pdf/12035943.pdf]]></dc:identifier>
	<dc:identifier scheme="dcterms:URI"><![CDATA[oai:core.kmi.open.ac.uk:12035943]]></dc:identifier>
	<dc:format><dcterms:medium><![CDATA[text]]></dcterms:medium></dc:format>
</ags:resource>
<ags:resource ags:ARN="GB2015401838">
	<dc:title><![CDATA[O desenvolvimento dustentável e a conexão dos recursos naturais com o crescimento econômico: uma aplicação para o Brasil e a região nordeste]]></dc:title>
	<dc:creator>
		<ags:creatorPersonal><![CDATA[Ewa Czajka]]></ags:creatorPersonal>
	</dc:creator>
	<dc:identifier scheme="dcterms:URI"><![CDATA[http://core.kmi.open.ac.uk/download/pdf/12036006.pdf]]></dc:identifier>
	<dc:identifier scheme="dcterms:URI"><![CDATA[oai:core.kmi.open.ac.uk:12036006]]></dc:identifier>
	<dc:format><dcterms:medium><![CDATA[text]]></dcterms:medium></dc:format>
</ags:resource>
<ags:resource ags:ARN="GB2015401839">
	<dc:title><![CDATA[Comparative Economics Of Users and Nonusers Of Dharabi Dam Pakistan]]></dc:title>
	<dc:creator>
		<ags:creatorPersonal><![CDATA[James Fenske]]></ags:creatorPersonal>
	</dc:creator>
	<dc:identifier scheme="dcterms:URI"><![CDATA[oai:core.kmi.open.ac.uk:12036054]]></dc:identifier>
	<dc:identifier scheme="dcterms:URI"><![CDATA[http://core.kmi.open.ac.uk/download/pdf/12036054.pdf]]></dc:identifier>
	<dc:format><dcterms:medium><![CDATA[text]]></dcterms:medium></dc:format>
</ags:resource>
<ags:resource ags:ARN="GB2015401840">
	<dc:title><![CDATA[Information transfer in the agricultural sector in Spain]]></dc:title>
	<dc:creator>
		<ags:creatorPersonal><![CDATA[Antonio Munoz-Canavate]]></ags:creatorPersonal>
		<ags:creatorPersonal><![CDATA[Pedro Hipola]]></ags:creatorPersonal>
	</dc:creator>
	<dc:identifier scheme="dcterms:URI"><![CDATA[oai:core.kmi.open.ac.uk:12035920]]></dc:identifier>
	<dc:identifier scheme="dcterms:URI"><![CDATA[http://core.kmi.open.ac.uk/download/pdf/12035920.pdf]]></dc:identifier>
	<dc:format><dcterms:medium><![CDATA[text]]></dcterms:medium></dc:format>
</ags:resource>
<ags:resource ags:ARN="GB2015401841">
	<dc:title><![CDATA[Estimation of the Contribution of the Biosector to Ireland’s Net Foreign Earnings: Methodology and Results]]></dc:title>
	<dc:creator>
		<ags:creatorPersonal><![CDATA[Edward B. Barbier]]></ags:creatorPersonal>
		<ags:creatorPersonal><![CDATA[J.C. Burgess]]></ags:creatorPersonal>
	</dc:creator>
	<dc:identifier scheme="dcterms:URI"><![CDATA[oai:core.kmi.open.ac.uk:12036077]]></dc:identifier>
	<dc:identifier scheme="dcterms:URI"><![CDATA[http://core.kmi.open.ac.uk/download/pdf/12036077.pdf]]></dc:identifier>
	<dc:format><dcterms:medium><![CDATA[text]]></dcterms:medium></dc:format>
</ags:resource>
<ags:resource ags:ARN="GB2015401842">
	<dc:title><![CDATA[A Review of Indian Water Policy]]></dc:title>
	<dc:creator>
		<ags:creatorPersonal><![CDATA[Christer. Wretborn]]></ags:creatorPersonal>
	</dc:creator>
	<dc:identifier scheme="dcterms:URI"><![CDATA[oai:core.kmi.open.ac.uk:12035906]]></dc:identifier>
	<dc:identifier scheme="dcterms:URI"><![CDATA[http://core.kmi.open.ac.uk/download/pdf/12035906.pdf]]></dc:identifier>
	<dc:format><dcterms:medium><![CDATA[text]]></dcterms:medium></dc:format>
</ags:resource>
<ags:resource ags:ARN="GB2015401843">
	<dc:title><![CDATA[An Assessment of Technology Transfer System in Afghanistan: The Case of Balkh and Nangarhar provinces]]></dc:title>
	<dc:creator>
		<ags:creatorPersonal><![CDATA[K.M. Singh]]></ags:creatorPersonal>
	</dc:creator>
	<dc:identifier scheme="dcterms:URI"><![CDATA[http://core.kmi.open.ac.uk/download/pdf/12036086.pdf]]></dc:identifier>
	<dc:identifier scheme="dcterms:URI"><![CDATA[oai:core.kmi.open.ac.uk:12036086]]></dc:identifier>
	<dc:format><dcterms:medium><![CDATA[text]]></dcterms:medium></dc:format>
</ags:resource>
<ags:resource ags:ARN="GB2015401844">
	<dc:title><![CDATA[Feed-in tariffs for promoting solar PV: progressing from dynamic to allocative efficiency]]></dc:title>
	<dc:creator>
		<ags:creatorPersonal><![CDATA[William Bell]]></ags:creatorPersonal>
		<ags:creatorPersonal><![CDATA[John Foster]]></ags:creatorPersonal>
	</dc:creator>
	<dc:identifier scheme="dcterms:URI"><![CDATA[oai:core.kmi.open.ac.uk:12036259]]></dc:identifier>
	<dc:identifier scheme="dcterms:URI"><![CDATA[http://core.kmi.open.ac.uk/download/pdf/12036259.pdf]]></dc:identifier>
	<dc:format><dcterms:medium><![CDATA[text]]></dcterms:medium></dc:format>
</ags:resource>
<ags:resource ags:ARN="GB2015401845">
	<dc:title><![CDATA[The transformative effect of unscheduled generation by solar PV and wind generation on net electricity demand]]></dc:title>
	<dc:creator>
		<ags:creatorPersonal><![CDATA[William Paul Bell]]></ags:creatorPersonal>
		<ags:creatorPersonal><![CDATA[Phillip Wild]]></ags:creatorPersonal>
		<ags:creatorPersonal><![CDATA[John Foster]]></ags:creatorPersonal>
	</dc:creator>
	<dc:identifier scheme="dcterms:URI"><![CDATA[http://core.kmi.open.ac.uk/download/pdf/12036222.pdf]]></dc:identifier>
	<dc:identifier scheme="dcterms:URI"><![CDATA[oai:core.kmi.open.ac.uk:12036222]]></dc:identifier>
	<dc:format><dcterms:medium><![CDATA[text]]></dcterms:medium></dc:format>
</ags:resource>
<ags:resource ags:ARN="GB2015401846">
	<dc:title><![CDATA[Does final demand for energy in Portugal exhibit long memory?]]></dc:title>
	<dc:creator>
		<ags:creatorPersonal><![CDATA[Anh Dang]]></ags:creatorPersonal>
	</dc:creator>
	<dc:identifier scheme="dcterms:URI"><![CDATA[oai:core.kmi.open.ac.uk:12036090]]></dc:identifier>
	<dc:identifier scheme="dcterms:URI"><![CDATA[http://core.kmi.open.ac.uk/download/pdf/12036090.pdf]]></dc:identifier>
	<dc:format><dcterms:medium><![CDATA[text]]></dcterms:medium></dc:format>
</ags:resource>
<ags:resource ags:ARN="GB2015401847">
	<dc:title><![CDATA[Understanding challenges to food security in dry Arab micro states: evidence from Qatari micro data]]></dc:title>
	<dc:creator>
		<ags:creatorPersonal><![CDATA[Syed Abul Basher]]></ags:creatorPersonal>
		<ags:creatorPersonal><![CDATA[David G. Raboy]]></ags:creatorPersonal>
		<ags:creatorPersonal><![CDATA[Simeon Kaitibie]]></ags:creatorPersonal>
		<ags:creatorPersonal><![CDATA[Ishrat Hossain]]></ags:creatorPersonal>
	</dc:creator>
	<dc:identifier scheme="dcterms:URI"><![CDATA[http://core.kmi.open.ac.uk/download/pdf/12036346.pdf]]></dc:identifier>
	<dc:identifier scheme="dcterms:URI"><![CDATA[oai:core.kmi.open.ac.uk:12036346]]></dc:identifier>
	<dc:format><dcterms:medium><![CDATA[text]]></dcterms:medium></dc:format>
</ags:resource>
<ags:resource ags:ARN="GB2015401848">
	<dc:title><![CDATA[Drought Readiness and Anxiety of new and experienced Indian Farmers]]></dc:title>
	<dc:creator>
		<ags:creatorPersonal><![CDATA[Vishvesh Raval]]></ags:creatorPersonal>
		<ags:creatorPersonal><![CDATA[Khyati Vyas]]></ags:creatorPersonal>
	</dc:creator>
	<dc:identifier scheme="dcterms:URI"><![CDATA[oai:core.kmi.open.ac.uk:12036296]]></dc:identifier>
	<dc:identifier scheme="dcterms:URI"><![CDATA[http://core.kmi.open.ac.uk/download/pdf/12036296.pdf]]></dc:identifier>
	<dc:format><dcterms:medium><![CDATA[text]]></dcterms:medium></dc:format>
</ags:resource>
<ags:resource ags:ARN="GB2015401849">
	<dc:title><![CDATA[Agricultural Policy Reforms and Structural Adjustments in Bangladesh]]></dc:title>
	<dc:creator>
		<ags:creatorPersonal><![CDATA[Mohammad Monirul Hasan]]></ags:creatorPersonal>
	</dc:creator>
	<dc:identifier scheme="dcterms:URI"><![CDATA[http://core.kmi.open.ac.uk/download/pdf/12036361.pdf]]></dc:identifier>
	<dc:identifier scheme="dcterms:URI"><![CDATA[oai:core.kmi.open.ac.uk:12036361]]></dc:identifier>
	<dc:format><dcterms:medium><![CDATA[text]]></dcterms:medium></dc:format>
</ags:resource>
<ags:resource ags:ARN="GB2015401850">
	<dc:title><![CDATA[Competitiveness of agro-food and environmental economy]]></dc:title>
	<dc:creator>
		<ags:creatorPersonal><![CDATA[Sridhar Thapa]]></ags:creatorPersonal>
	</dc:creator>
	<dc:identifier scheme="dcterms:URI"><![CDATA[http://core.kmi.open.ac.uk/download/pdf/12036315.pdf]]></dc:identifier>
	<dc:identifier scheme="dcterms:URI"><![CDATA[oai:core.kmi.open.ac.uk:12036315]]></dc:identifier>
	<dc:format><dcterms:medium><![CDATA[text]]></dcterms:medium></dc:format>
</ags:resource>
<ags:resource ags:ARN="GB2015401851">
	<dc:title><![CDATA[The Economics of Climate Change and Science of Global Warming Debate:African Perspectives]]></dc:title>
	<dc:creator>
		<ags:creatorPersonal><![CDATA[Godwin Nwaobi]]></ags:creatorPersonal>
	</dc:creator>
	<dc:identifier scheme="dcterms:URI"><![CDATA[oai:core.kmi.open.ac.uk:12036462]]></dc:identifier>
	<dc:identifier scheme="dcterms:URI"><![CDATA[http://core.kmi.open.ac.uk/download/pdf/12036462.pdf]]></dc:identifier>
	<dc:format><dcterms:medium><![CDATA[text]]></dcterms:medium></dc:format>
</ags:resource>
<ags:resource ags:ARN="GB2015401852">
	<dc:title><![CDATA[Eficiência técnica das agropecuárias familiar e patronal – diferenças regionais no Brasil]]></dc:title>
	<dc:creator>
		<ags:creatorPersonal><![CDATA[Matt Funk]]></ags:creatorPersonal>
	</dc:creator>
	<dc:identifier scheme="dcterms:URI"><![CDATA[http://core.kmi.open.ac.uk/download/pdf/12036527.pdf]]></dc:identifier>
	<dc:identifier scheme="dcterms:URI"><![CDATA[oai:core.kmi.open.ac.uk:12036527]]></dc:identifier>
	<dc:format><dcterms:medium><![CDATA[text]]></dcterms:medium></dc:format>
</ags:resource>
<ags:resource ags:ARN="GB2015401853">
	<dc:title><![CDATA[O desenvolvimento sustentável e a conexão dos recursos naturais com o crescimento econômico: uma aplicação para o Brasil e a região nordeste]]></dc:title>
	<dc:creator>
		<ags:creatorPersonal><![CDATA[Manish Mahant]]></ags:creatorPersonal>
		<ags:creatorPersonal><![CDATA[Abhishek Shukla]]></ags:creatorPersonal>
		<ags:creatorPersonal><![CDATA[Sunil Dixit]]></ags:creatorPersonal>
		<ags:creatorPersonal><![CDATA[Dileshwer Patel]]></ags:creatorPersonal>
	</dc:creator>
	<dc:identifier scheme="dcterms:URI"><![CDATA[oai:core.kmi.open.ac.uk:12036536]]></dc:identifier>
	<dc:identifier scheme="dcterms:URI"><![CDATA[http://core.kmi.open.ac.uk/download/pdf/12036536.pdf]]></dc:identifier>
	<dc:format><dcterms:medium><![CDATA[text]]></dcterms:medium></dc:format>
</ags:resource>
<ags:resource ags:ARN="GB2015401854">
	<dc:title><![CDATA[An Overview of Agricultural Credit and Crop Insurance in Bihar]]></dc:title>
	<dc:creator>
		<ags:creatorPersonal><![CDATA[Khasanah Supaat @ Supaa]]></ags:creatorPersonal>
	</dc:creator>
	<dc:identifier scheme="dcterms:URI"><![CDATA[http://core.kmi.open.ac.uk/download/pdf/12036504.pdf]]></dc:identifier>
	<dc:identifier scheme="dcterms:URI"><![CDATA[oai:core.kmi.open.ac.uk:12036504]]></dc:identifier>
	<dc:format><dcterms:medium><![CDATA[text]]></dcterms:medium></dc:format>
</ags:resource>
<ags:resource ags:ARN="GB2015401855">
	<dc:title><![CDATA[The impact of climate change on electricity demand in the Australian national electricity market]]></dc:title>
	<dc:creator>
		<ags:creatorPersonal><![CDATA[William Bell]]></ags:creatorPersonal>
	</dc:creator>
	<dc:identifier scheme="dcterms:URI"><![CDATA[http://core.kmi.open.ac.uk/download/pdf/12036881.pdf]]></dc:identifier>
	<dc:identifier scheme="dcterms:URI"><![CDATA[oai:core.kmi.open.ac.uk:12036881]]></dc:identifier>
	<dc:format><dcterms:medium><![CDATA[text]]></dcterms:medium></dc:format>
</ags:resource>
<ags:resource ags:ARN="GB2015401856">
	<dc:title><![CDATA[The impact of climate change on generation and transmission in the Australian national electricity market]]></dc:title>
	<dc:creator>
		<ags:creatorPersonal><![CDATA[William Paul Bell]]></ags:creatorPersonal>
	</dc:creator>
	<dc:identifier scheme="dcterms:URI"><![CDATA[oai:core.kmi.open.ac.uk:12036880]]></dc:identifier>
	<dc:identifier scheme="dcterms:URI"><![CDATA[http://core.kmi.open.ac.uk/download/pdf/12036880.pdf]]></dc:identifier>
	<dc:format><dcterms:medium><![CDATA[text]]></dcterms:medium></dc:format>
</ags:resource>
<ags:resource ags:ARN="GB2015401857">
	<dc:title><![CDATA[Dynamics of Livestock Sector in Bihar: A Temporal Analysis]]></dc:title>
	<dc:creator>
		<ags:creatorPersonal><![CDATA[K.M. Singh]]></ags:creatorPersonal>
		<ags:creatorPersonal><![CDATA[R.K.P. Singh]]></ags:creatorPersonal>
		<ags:creatorPersonal><![CDATA[A.K. Jha]]></ags:creatorPersonal>
		<ags:creatorPersonal><![CDATA[M.S. Meena]]></ags:creatorPersonal>
	</dc:creator>
	<dc:identifier scheme="dcterms:URI"><![CDATA[http://core.kmi.open.ac.uk/download/pdf/12036586.pdf]]></dc:identifier>
	<dc:identifier scheme="dcterms:URI"><![CDATA[oai:core.kmi.open.ac.uk:12036586]]></dc:identifier>
	<dc:format><dcterms:medium><![CDATA[text]]></dcterms:medium></dc:format>
</ags:resource>
<ags:resource ags:ARN="GB2015401858">
	<dc:title><![CDATA[Understanding the Fodder Markets for Sustainable Development of Livestock Sector in Bihar-A Rapid Appraisal Approach]]></dc:title>
	<dc:creator>
		<ags:creatorPersonal><![CDATA[K.M. Singh]]></ags:creatorPersonal>
		<ags:creatorPersonal><![CDATA[R.K.P. Singh]]></ags:creatorPersonal>
		<ags:creatorPersonal><![CDATA[A.K. Jha]]></ags:creatorPersonal>
		<ags:creatorPersonal><![CDATA[Anjani Kumar]]></ags:creatorPersonal>
	</dc:creator>
	<dc:identifier scheme="dcterms:URI"><![CDATA[http://core.kmi.open.ac.uk/download/pdf/12036567.pdf]]></dc:identifier>
	<dc:identifier scheme="dcterms:URI"><![CDATA[oai:core.kmi.open.ac.uk:12036567]]></dc:identifier>
	<dc:format><dcterms:medium><![CDATA[text]]></dcterms:medium></dc:format>
</ags:resource>
<ags:resource ags:ARN="GB2015401859">
	<dc:title><![CDATA[Assessment of Institutional Quality in Resource-Rich Caspian Basin Countries]]></dc:title>
	<dc:creator>
		<ags:creatorPersonal><![CDATA[Ingilab Ahmadov]]></ags:creatorPersonal>
		<ags:creatorPersonal><![CDATA[Jeyhun Mammadov]]></ags:creatorPersonal>
		<ags:creatorPersonal><![CDATA[Kenan Aslanli]]></ags:creatorPersonal>
	</dc:creator>
	<dc:identifier scheme="dcterms:URI"><![CDATA[http://core.kmi.open.ac.uk/download/pdf/12036723.pdf]]></dc:identifier>
	<dc:identifier scheme="dcterms:URI"><![CDATA[oai:core.kmi.open.ac.uk:12036723]]></dc:identifier>
	<dc:format><dcterms:medium><![CDATA[text]]></dcterms:medium></dc:format>
</ags:resource>
<ags:resource ags:ARN="GB2015401860">
	<dc:title><![CDATA[Reviewing the climate change adaptation readiness of the Australian national electricity market institutions]]></dc:title>
	<dc:creator>
		<ags:creatorPersonal><![CDATA[William Paul Bell]]></ags:creatorPersonal>
	</dc:creator>
	<dc:identifier scheme="dcterms:URI"><![CDATA[http://core.kmi.open.ac.uk/download/pdf/12036882.pdf]]></dc:identifier>
	<dc:identifier scheme="dcterms:URI"><![CDATA[oai:core.kmi.open.ac.uk:12036882]]></dc:identifier>
	<dc:format><dcterms:medium><![CDATA[text]]></dcterms:medium></dc:format>
</ags:resource>
<ags:resource ags:ARN="GB2015401861">
	<dc:title><![CDATA[Wholesale Milk Markets: A Study of Market Integration in Indian Markets]]></dc:title>
	<dc:creator>
		<ags:creatorPersonal><![CDATA[A.K. Jha]]></ags:creatorPersonal>
		<ags:creatorPersonal><![CDATA[K.M. Singh]]></ags:creatorPersonal>
		<ags:creatorPersonal><![CDATA[R.K.P. Singh]]></ags:creatorPersonal>
	</dc:creator>
	<dc:identifier scheme="dcterms:URI"><![CDATA[oai:core.kmi.open.ac.uk:12036851]]></dc:identifier>
	<dc:identifier scheme="dcterms:URI"><![CDATA[http://core.kmi.open.ac.uk/download/pdf/12036851.pdf]]></dc:identifier>
	<dc:format><dcterms:medium><![CDATA[text]]></dcterms:medium></dc:format>
</ags:resource>
<ags:resource ags:ARN="GB2015401862">
	<dc:title><![CDATA[Price and non-price determinants and supply response of rice in Côte d’Ivoire]]></dc:title>
	<dc:creator>
		<ags:creatorPersonal><![CDATA[David Boansi]]></ags:creatorPersonal>
	</dc:creator>
	<dc:identifier scheme="dcterms:URI"><![CDATA[oai:core.kmi.open.ac.uk:12036956]]></dc:identifier>
	<dc:identifier scheme="dcterms:URI"><![CDATA[http://core.kmi.open.ac.uk/download/pdf/12036956.pdf]]></dc:identifier>
	<dc:format><dcterms:medium><![CDATA[text]]></dcterms:medium></dc:format>
</ags:resource>
<ags:resource ags:ARN="GB2015401863">
	<dc:title><![CDATA[Price and non-price determinants and supply response of rice in Côte d’Ivoire]]></dc:title>
	<dc:creator>
		<ags:creatorPersonal><![CDATA[David Boansi]]></ags:creatorPersonal>
	</dc:creator>
	<dc:identifier scheme="dcterms:URI"><![CDATA[http://core.kmi.open.ac.uk/download/pdf/12036970.pdf]]></dc:identifier>
	<dc:identifier scheme="dcterms:URI"><![CDATA[oai:core.kmi.open.ac.uk:12036970]]></dc:identifier>
	<dc:format><dcterms:medium><![CDATA[text]]></dcterms:medium></dc:format>
</ags:resource>
<ags:resource ags:ARN="GB2015401864">
	<dc:title><![CDATA[Growth and Structure of Workforce in India : An Analysis of Census 2011 Data]]></dc:title>
	<dc:creator>
		<ags:creatorPersonal><![CDATA[Solomon Gebreyohannis Gebrehiwot]]></ags:creatorPersonal>
		<ags:creatorPersonal><![CDATA[Ulrik Ilstedt]]></ags:creatorPersonal>
		<ags:creatorPersonal><![CDATA[Annemieke Gärdenäs]]></ags:creatorPersonal>
		<ags:creatorPersonal><![CDATA[Kevin Bishop]]></ags:creatorPersonal>
	</dc:creator>
	<dc:identifier scheme="dcterms:URI"><![CDATA[oai:core.kmi.open.ac.uk:12036985]]></dc:identifier>
	<dc:identifier scheme="dcterms:URI"><![CDATA[http://core.kmi.open.ac.uk/download/pdf/12036985.pdf]]></dc:identifier>
	<dc:format><dcterms:medium><![CDATA[text]]></dcterms:medium></dc:format>
</ags:resource>
<ags:resource ags:ARN="GB2015401865">
	<dc:title><![CDATA[Pluralistic Agricultural Extension System in India: Innovations and Constraints]]></dc:title>
	<dc:creator>
		<ags:creatorPersonal><![CDATA[M.S. Meena]]></ags:creatorPersonal>
		<ags:creatorPersonal><![CDATA[K.M. Singh]]></ags:creatorPersonal>
		<ags:creatorPersonal><![CDATA[B.E. Swanson]]></ags:creatorPersonal>
	</dc:creator>
	<dc:identifier scheme="dcterms:URI"><![CDATA[http://core.kmi.open.ac.uk/download/pdf/12037113.pdf]]></dc:identifier>
	<dc:identifier scheme="dcterms:URI"><![CDATA[oai:core.kmi.open.ac.uk:12037113]]></dc:identifier>
	<dc:format><dcterms:medium><![CDATA[text]]></dcterms:medium></dc:format>
</ags:resource>
<ags:resource ags:ARN="GB2015401866">
	<dc:title><![CDATA[Différenciation des produits et segmentation de marché : l'exemple de la viande bovine en France]]></dc:title>
	<dc:creator>
		<ags:creatorPersonal><![CDATA[Pierre Sans]]></ags:creatorPersonal>
		<ags:creatorPersonal><![CDATA[Guy de Fontguyon]]></ags:creatorPersonal>
	</dc:creator>
	<dc:identifier scheme="dcterms:URI"><![CDATA[http://core.kmi.open.ac.uk/download/pdf/12038934.pdf]]></dc:identifier>
	<dc:identifier scheme="dcterms:URI"><![CDATA[oai:core.kmi.open.ac.uk:12038934]]></dc:identifier>
	<dc:format><dcterms:medium><![CDATA[text]]></dcterms:medium></dc:format>
</ags:resource>
<ags:resource ags:ARN="GB2015401867">
	<dc:title><![CDATA[L’EDD sous l’angle des questions socialement vives (QSV) : l’exemple des biocarburants en bac technologique]]></dc:title>
	<dc:creator>
		<ags:creatorPersonal><![CDATA[Jean Simonneaux]]></ags:creatorPersonal>
		<ags:creatorPersonal><![CDATA[Laurence Simonneaux]]></ags:creatorPersonal>
	</dc:creator>
	<dc:identifier scheme="dcterms:URI"><![CDATA[http://core.kmi.open.ac.uk/download/pdf/12041783.pdf]]></dc:identifier>
	<dc:identifier scheme="dcterms:URI"><![CDATA[oai:core.kmi.open.ac.uk:12041783]]></dc:identifier>
	<dc:format><dcterms:medium><![CDATA[text]]></dcterms:medium></dc:format>
</ags:resource>
<ags:resource ags:ARN="GB2015401868">
	<dc:title><![CDATA[Output supply and yield response of rice in Nigeria: implications for future rice policy]]></dc:title>
	<dc:creator>
		<ags:creatorPersonal><![CDATA[David Boansi]]></ags:creatorPersonal>
	</dc:creator>
	<dc:identifier scheme="dcterms:URI"><![CDATA[oai:core.kmi.open.ac.uk:12037019]]></dc:identifier>
	<dc:identifier scheme="dcterms:URI"><![CDATA[http://core.kmi.open.ac.uk/download/pdf/12037019.pdf]]></dc:identifier>
	<dc:format><dcterms:medium><![CDATA[text]]></dcterms:medium></dc:format>
</ags:resource>
<ags:resource ags:ARN="GB2015401869">
	<dc:title><![CDATA[Le processus de professionnalisation des étudiants des écoles de l’enseignement supérieur agricole]]></dc:title>
	<dc:creator>
		<ags:creatorPersonal><![CDATA[Leila. Lueschen]]></ags:creatorPersonal>
	</dc:creator>
	<dc:identifier scheme="dcterms:URI"><![CDATA[http://core.kmi.open.ac.uk/download/pdf/12041857.pdf]]></dc:identifier>
	<dc:identifier scheme="dcterms:URI"><![CDATA[oai:core.kmi.open.ac.uk:12041857]]></dc:identifier>
	<dc:format><dcterms:medium><![CDATA[text]]></dcterms:medium></dc:format>
</ags:resource>
<ags:resource ags:ARN="GB2015401870">
	<dc:title><![CDATA[Математична модель процесів росту рослин на прикладі картоплі]]></dc:title>
	<dc:creator>
		<ags:creatorPersonal><![CDATA[Jesper Persson]]></ags:creatorPersonal>
	</dc:creator>
	<dc:identifier scheme="dcterms:URI"><![CDATA[http://core.kmi.open.ac.uk/download/pdf/12082124.pdf]]></dc:identifier>
	<dc:identifier scheme="dcterms:URI"><![CDATA[oai:core.kmi.open.ac.uk:12082124]]></dc:identifier>
	<dc:format><dcterms:medium><![CDATA[text]]></dcterms:medium></dc:format>
</ags:resource>
<ags:resource ags:ARN="GB2015401871">
	<dc:title><![CDATA[Особливості творення назв стебел і листя сільськогосподарських культур у говорах Харківщини]]></dc:title>
	<dc:creator>
		<ags:creatorPersonal><![CDATA[A Jarvis]]></ags:creatorPersonal>
		<ags:creatorPersonal><![CDATA[H D Upadhyaya]]></ags:creatorPersonal>
		<ags:creatorPersonal><![CDATA[C L L Gowda]]></ags:creatorPersonal>
		<ags:creatorPersonal><![CDATA[P K Agrawal]]></ags:creatorPersonal>
		<ags:creatorPersonal><![CDATA[S Fujisaka]]></ags:creatorPersonal>
		<ags:creatorPersonal><![CDATA[B Anderson]]></ags:creatorPersonal>
	</dc:creator>
	<dc:identifier scheme="dcterms:URI"><![CDATA[http://core.kmi.open.ac.uk/download/pdf/12081647.pdf]]></dc:identifier>
	<dc:identifier scheme="dcterms:URI"><![CDATA[oai:core.kmi.open.ac.uk:12081647]]></dc:identifier>
	<dc:format><dcterms:medium><![CDATA[text]]></dcterms:medium></dc:format>
</ags:resource>
<ags:resource ags:ARN="GB2015401872">
	<dc:title><![CDATA[Аграрные экономические сообщества - будущее Белоруссии!]]></dc:title>
	<dc:creator>
		<ags:creatorPersonal><![CDATA[- Sudiyarto]]></ags:creatorPersonal>
		<ags:creatorPersonal><![CDATA[Utomo Budi]]></ags:creatorPersonal>
	</dc:creator>
	<dc:identifier scheme="dcterms:URI"><![CDATA[oai:core.kmi.open.ac.uk:12086479]]></dc:identifier>
	<dc:identifier scheme="dcterms:URI"><![CDATA[http://core.kmi.open.ac.uk/download/pdf/12086479.pdf]]></dc:identifier>
	<dc:format><dcterms:medium><![CDATA[text]]></dcterms:medium></dc:format>
</ags:resource>
<ags:resource ags:ARN="GB2015401873">
	<dc:title><![CDATA[The ICRISAT-ICARDA progam]]></dc:title>
	<dc:creator>
		<ags:creatorPersonal><![CDATA[I Ouedraogo]]></ags:creatorPersonal>
		<ags:creatorPersonal><![CDATA[M D Newman]]></ags:creatorPersonal>
		<ags:creatorPersonal><![CDATA[D W Norman]]></ags:creatorPersonal>
	</dc:creator>
	<dc:identifier scheme="dcterms:URI"><![CDATA[oai:core.kmi.open.ac.uk:12102225]]></dc:identifier>
	<dc:identifier scheme="dcterms:URI"><![CDATA[http://core.kmi.open.ac.uk/download/pdf/12102225.pdf]]></dc:identifier>
	<dc:format><dcterms:medium><![CDATA[text]]></dcterms:medium></dc:format>
</ags:resource>
<ags:resource ags:ARN="GB2015401874">
	<dc:title><![CDATA[Agronomic and environmental impacts of a single application of heat-dried sludge on an Alfisol]]></dc:title>
	<dc:creator>
		<ags:creatorPersonal><![CDATA[D. Gavalda]]></ags:creatorPersonal>
		<ags:creatorPersonal><![CDATA[Javier David Scheiner]]></ags:creatorPersonal>
		<ags:creatorPersonal><![CDATA[Jean-Claude Revel]]></ags:creatorPersonal>
		<ags:creatorPersonal><![CDATA[Georges Merlina]]></ags:creatorPersonal>
		<ags:creatorPersonal><![CDATA[Michel Kaemmerer]]></ags:creatorPersonal>
		<ags:creatorPersonal><![CDATA[Eric Pinelli]]></ags:creatorPersonal>
		<ags:creatorPersonal><![CDATA[Maritxu Guiresse]]></ags:creatorPersonal>
	</dc:creator>
	<dc:identifier scheme="dcterms:URI"><![CDATA[http://core.kmi.open.ac.uk/download/pdf/12041839.pdf]]></dc:identifier>
	<dc:identifier scheme="dcterms:URI"><![CDATA[oai:core.kmi.open.ac.uk:12041839]]></dc:identifier>
	<dc:format><dcterms:medium><![CDATA[text]]></dcterms:medium></dc:format>
</ags:resource>
<ags:resource ags:ARN="GB2015401875">
	<dc:title><![CDATA[Підготовка майбутніх менеджерів аграрної сфери економіки в контексті тенденцій розвитку світових освітніх систем]]></dc:title>
	<dc:creator>
		<ags:creatorPersonal><![CDATA[І. М. Шупта]]></ags:creatorPersonal>
	</dc:creator>
	<dc:identifier scheme="dcterms:URI"><![CDATA[oai:core.kmi.open.ac.uk:12084543]]></dc:identifier>
	<dc:identifier scheme="dcterms:URI"><![CDATA[http://core.kmi.open.ac.uk/download/pdf/12084543.pdf]]></dc:identifier>
	<dc:format><dcterms:medium><![CDATA[text]]></dcterms:medium></dc:format>
</ags:resource>
<ags:resource ags:ARN="GB2015401876">
	<dc:title><![CDATA[Genomics Interventions in Crop Breeding for Sustainable Agriculture]]></dc:title>
	<dc:creator>
		<ags:creatorPersonal><![CDATA[F A Hilario]]></ags:creatorPersonal>
	</dc:creator>
	<dc:identifier scheme="dcterms:URI"><![CDATA[http://core.kmi.open.ac.uk/download/pdf/12102150.pdf]]></dc:identifier>
	<dc:identifier scheme="dcterms:URI"><![CDATA[oai:core.kmi.open.ac.uk:12102150]]></dc:identifier>
	<dc:format><dcterms:medium><![CDATA[text]]></dcterms:medium></dc:format>
</ags:resource>
<ags:resource ags:ARN="GB2015401877">
	<dc:title><![CDATA[A perspective on proteomics: current applications, challenges and potential uses]]></dc:title>
	<dc:creator>
		<ags:creatorPersonal><![CDATA[P W Muturi]]></ags:creatorPersonal>
		<ags:creatorPersonal><![CDATA[J K Mwololo]]></ags:creatorPersonal>
		<ags:creatorPersonal><![CDATA[S W Munyiri]]></ags:creatorPersonal>
		<ags:creatorPersonal><![CDATA[P Rubaihayo]]></ags:creatorPersonal>
		<ags:creatorPersonal><![CDATA[J K Munyua]]></ags:creatorPersonal>
		<ags:creatorPersonal><![CDATA[M Mgonja]]></ags:creatorPersonal>
		<ags:creatorPersonal><![CDATA[E Manyasa]]></ags:creatorPersonal>
		<ags:creatorPersonal><![CDATA[N Kiarie]]></ags:creatorPersonal>
	</dc:creator>
	<dc:identifier scheme="dcterms:URI"><![CDATA[http://core.kmi.open.ac.uk/download/pdf/12102229.pdf]]></dc:identifier>
	<dc:identifier scheme="dcterms:URI"><![CDATA[oai:core.kmi.open.ac.uk:12102229]]></dc:identifier>
	<dc:format><dcterms:medium><![CDATA[text]]></dcterms:medium></dc:format>
</ags:resource>
<ags:resource ags:ARN="GB2015401878">
	<dc:title><![CDATA[Agricultural Productivity, Rural Poverty and Nutritional Security: A Micro Evidence of Inter-Linkages from Karnataka State]]></dc:title>
	<dc:creator>
		<ags:creatorPersonal><![CDATA[P. B. Milimo]]></ags:creatorPersonal>
		<ags:creatorPersonal><![CDATA[J. McP. Dick]]></ags:creatorPersonal>
		<ags:creatorPersonal><![CDATA[R. C. Munro]]></ags:creatorPersonal>
	</dc:creator>
	<dc:identifier scheme="dcterms:URI"><![CDATA[oai:core.kmi.open.ac.uk:12102227]]></dc:identifier>
	<dc:identifier scheme="dcterms:URI"><![CDATA[http://core.kmi.open.ac.uk/download/pdf/12102227.pdf]]></dc:identifier>
	<dc:format><dcterms:medium><![CDATA[text]]></dcterms:medium></dc:format>
</ags:resource>
<ags:resource ags:ARN="GB2015401879">
	<dc:title><![CDATA[Glucosinolates in leaves of Moringa species grown and disseminated in Niger]]></dc:title>
	<dc:creator>
		<ags:creatorPersonal><![CDATA[T S Walker]]></ags:creatorPersonal>
		<ags:creatorPersonal><![CDATA[R P Singh]]></ags:creatorPersonal>
	</dc:creator>
	<dc:identifier scheme="dcterms:URI"><![CDATA[oai:core.kmi.open.ac.uk:12102247]]></dc:identifier>
	<dc:identifier scheme="dcterms:URI"><![CDATA[http://core.kmi.open.ac.uk/download/pdf/12102247.pdf]]></dc:identifier>
	<dc:format><dcterms:medium><![CDATA[text]]></dcterms:medium></dc:format>
</ags:resource>
<ags:resource ags:ARN="GB2015401880">
	<dc:title><![CDATA[Linking small-scale farmers to credit institutions]]></dc:title>
	<dc:creator>
		<ags:creatorPersonal><![CDATA[Ch Ravinder Reddy]]></ags:creatorPersonal>
		<ags:creatorPersonal><![CDATA[P P Rao]]></ags:creatorPersonal>
		<ags:creatorPersonal><![CDATA[S A Ashok]]></ags:creatorPersonal>
		<ags:creatorPersonal><![CDATA[A Rajashekar Reddy]]></ags:creatorPersonal>
		<ags:creatorPersonal><![CDATA[B Sanju]]></ags:creatorPersonal>
		<ags:creatorPersonal><![CDATA[A Ashok Kumar]]></ags:creatorPersonal>
		<ags:creatorPersonal><![CDATA[B V S Reddy]]></ags:creatorPersonal>
		<ags:creatorPersonal><![CDATA[C L L Gowda]]></ags:creatorPersonal>
	</dc:creator>
	<dc:identifier scheme="dcterms:URI"><![CDATA[http://core.kmi.open.ac.uk/download/pdf/12102243.pdf]]></dc:identifier>
	<dc:identifier scheme="dcterms:URI"><![CDATA[oai:core.kmi.open.ac.uk:12102243]]></dc:identifier>
	<dc:format><dcterms:medium><![CDATA[text]]></dcterms:medium></dc:format>
</ags:resource>
<ags:resource ags:ARN="GB2015401881">
	<dc:title><![CDATA[Reducing Iron Toxicity in Lowland Rice with Tolerant Genotypes and Plant Nutrition]]></dc:title>
	<dc:creator>
		<ags:creatorPersonal><![CDATA[K L Sahrawat]]></ags:creatorPersonal>
	</dc:creator>
	<dc:identifier scheme="dcterms:URI"><![CDATA[oai:core.kmi.open.ac.uk:12102246]]></dc:identifier>
	<dc:identifier scheme="dcterms:URI"><![CDATA[http://core.kmi.open.ac.uk/download/pdf/12102246.pdf]]></dc:identifier>
	<dc:format><dcterms:medium><![CDATA[text]]></dcterms:medium></dc:format>
</ags:resource>
<ags:resource ags:ARN="GB2015401882">
	<dc:title><![CDATA[Non-systemic Infection of Tobacco streak virus on Cotton in Warangal District, Andhra Pradesh]]></dc:title>
	<dc:creator>
		<ags:creatorPersonal><![CDATA[R D V J Prasada Rao]]></ags:creatorPersonal>
		<ags:creatorPersonal><![CDATA[M K Jyotsna]]></ags:creatorPersonal>
		<ags:creatorPersonal><![CDATA[A S Reddy]]></ags:creatorPersonal>
		<ags:creatorPersonal><![CDATA[K S Varaprasad]]></ags:creatorPersonal>
		<ags:creatorPersonal><![CDATA[S N Nigam]]></ags:creatorPersonal>
		<ags:creatorPersonal><![CDATA[P L Kumar]]></ags:creatorPersonal>
	</dc:creator>
	<dc:identifier scheme="dcterms:URI"><![CDATA[oai:core.kmi.open.ac.uk:12102275]]></dc:identifier>
	<dc:identifier scheme="dcterms:URI"><![CDATA[http://core.kmi.open.ac.uk/download/pdf/12102275.pdf]]></dc:identifier>
	<dc:format><dcterms:medium><![CDATA[text]]></dcterms:medium></dc:format>
</ags:resource>
<ags:resource ags:ARN="GB2015401883">
	<dc:title><![CDATA[The Strategic Potential of Applied Research: Developing International Public Goods from Development-oriented Projects]]></dc:title>
	<dc:creator>
		<ags:creatorPersonal><![CDATA[J O Kam]]></ags:creatorPersonal>
		<ags:creatorPersonal><![CDATA[a]]></ags:creatorPersonal>
		<ags:creatorPersonal><![CDATA[M C S Bantilan]]></ags:creatorPersonal>
	</dc:creator>
	<dc:identifier scheme="dcterms:URI"><![CDATA[http://core.kmi.open.ac.uk/download/pdf/12102267.pdf]]></dc:identifier>
	<dc:identifier scheme="dcterms:URI"><![CDATA[oai:core.kmi.open.ac.uk:12102267]]></dc:identifier>
	<dc:format><dcterms:medium><![CDATA[text]]></dcterms:medium></dc:format>
</ags:resource>
<ags:resource ags:ARN="GB2015401884">
	<dc:title><![CDATA[Patterns of molecular and phenotypic diversity in pearl millet [Pennisetum glaucum (L.) R. Br.] from West and Central Africa and their relation to geographical and environmental parameters]]></dc:title>
	<dc:creator>
		<ags:creatorPersonal><![CDATA[S Benjamin]]></ags:creatorPersonal>
		<ags:creatorPersonal><![CDATA[B I G Haussmann]]></ags:creatorPersonal>
		<ags:creatorPersonal><![CDATA[P Raj]]></ags:creatorPersonal>
		<ags:creatorPersonal><![CDATA[B Sankalp]]></ags:creatorPersonal>
		<ags:creatorPersonal><![CDATA[C T Hash]]></ags:creatorPersonal>
		<ags:creatorPersonal><![CDATA[A E Melchinger]]></ags:creatorPersonal>
		<ags:creatorPersonal><![CDATA[H K Parzies]]></ags:creatorPersonal>
	</dc:creator>
	<dc:identifier scheme="dcterms:URI"><![CDATA[oai:core.kmi.open.ac.uk:12102257]]></dc:identifier>
	<dc:identifier scheme="dcterms:URI"><![CDATA[http://core.kmi.open.ac.uk/download/pdf/12102257.pdf]]></dc:identifier>
	<dc:format><dcterms:medium><![CDATA[text]]></dcterms:medium></dc:format>
</ags:resource>
<ags:resource ags:ARN="GB2015401885">
	<dc:title><![CDATA[Potentially Obtainable Yields in the Semi-Arid Tropics]]></dc:title>
	<dc:creator>
		<ags:creatorPersonal><![CDATA[G Fischer]]></ags:creatorPersonal>
		<ags:creatorPersonal><![CDATA[H V Velthuizen]]></ags:creatorPersonal>
		<ags:creatorPersonal><![CDATA[E Hizsnyik]]></ags:creatorPersonal>
		<ags:creatorPersonal><![CDATA[D Wiberg]]></ags:creatorPersonal>
	</dc:creator>
	<dc:identifier scheme="dcterms:URI"><![CDATA[http://core.kmi.open.ac.uk/download/pdf/12102276.pdf]]></dc:identifier>
	<dc:identifier scheme="dcterms:URI"><![CDATA[oai:core.kmi.open.ac.uk:12102276]]></dc:identifier>
	<dc:format><dcterms:medium><![CDATA[text]]></dcterms:medium></dc:format>
</ags:resource>
<ags:resource ags:ARN="GB2015401886">
	<dc:title><![CDATA[Dynamics of the agricultural economy of Andhra Pradesh, India since the last five decades]]></dc:title>
	<dc:creator>
		<ags:creatorPersonal><![CDATA[B Gebrekidan]]></ags:creatorPersonal>
	</dc:creator>
	<dc:identifier scheme="dcterms:URI"><![CDATA[oai:core.kmi.open.ac.uk:12102261]]></dc:identifier>
	<dc:identifier scheme="dcterms:URI"><![CDATA[http://core.kmi.open.ac.uk/download/pdf/12102261.pdf]]></dc:identifier>
	<dc:format><dcterms:medium><![CDATA[text]]></dcterms:medium></dc:format>
</ags:resource>
<ags:resource ags:ARN="GB2015401887">
	<dc:title><![CDATA[Non-Transmission of Tobacco streak virus Isolate Occurring in India Through the Seeds of Some Crop and Weed Hosts]]></dc:title>
	<dc:creator>
		<ags:creatorPersonal><![CDATA[R D V J Prasada Rao]]></ags:creatorPersonal>
		<ags:creatorPersonal><![CDATA[K J Madhavi]]></ags:creatorPersonal>
		<ags:creatorPersonal><![CDATA[A S Reddy]]></ags:creatorPersonal>
		<ags:creatorPersonal><![CDATA[K S Varaprasad]]></ags:creatorPersonal>
		<ags:creatorPersonal><![CDATA[S N Nigam]]></ags:creatorPersonal>
		<ags:creatorPersonal><![CDATA[K K Sharma]]></ags:creatorPersonal>
		<ags:creatorPersonal><![CDATA[P L Kumar]]></ags:creatorPersonal>
		<ags:creatorPersonal><![CDATA[F Waliyar]]></ags:creatorPersonal>
	</dc:creator>
	<dc:identifier scheme="dcterms:URI"><![CDATA[oai:core.kmi.open.ac.uk:12102274]]></dc:identifier>
	<dc:identifier scheme="dcterms:URI"><![CDATA[http://core.kmi.open.ac.uk/download/pdf/12102274.pdf]]></dc:identifier>
	<dc:format><dcterms:medium><![CDATA[text]]></dcterms:medium></dc:format>
</ags:resource>
<ags:resource ags:ARN="GB2015401888">
	<dc:title><![CDATA[Strategic Partnerships @ ICRISAT: Global Partnerships for Strategic Impact]]></dc:title>
	<dc:creator>
		<ags:creatorPersonal><![CDATA[P. A. Mason]]></ags:creatorPersonal>
		<ags:creatorPersonal><![CDATA[F. T. Last]]></ags:creatorPersonal>
	</dc:creator>
	<dc:identifier scheme="dcterms:URI"><![CDATA[oai:core.kmi.open.ac.uk:12102296]]></dc:identifier>
	<dc:identifier scheme="dcterms:URI"><![CDATA[http://core.kmi.open.ac.uk/download/pdf/12102296.pdf]]></dc:identifier>
	<dc:format><dcterms:medium><![CDATA[text]]></dcterms:medium></dc:format>
</ags:resource>
<ags:resource ags:ARN="GB2015401889">
	<dc:title><![CDATA[ICRISAT Annual Report 2006 'Nurturing the seeds of success in the semi-arid tropics']]></dc:title>
	<dc:creator>
		<ags:creatorPersonal><![CDATA[- ICRISAT]]></ags:creatorPersonal>
	</dc:creator>
	<dc:identifier scheme="dcterms:URI"><![CDATA[oai:core.kmi.open.ac.uk:12102361]]></dc:identifier>
	<dc:identifier scheme="dcterms:URI"><![CDATA[http://core.kmi.open.ac.uk/download/pdf/12102361.pdf]]></dc:identifier>
	<dc:format><dcterms:medium><![CDATA[text]]></dcterms:medium></dc:format>
</ags:resource>
<ags:resource ags:ARN="GB2015401890">
	<dc:title><![CDATA[Isolation and Characterization of Actinomycetes for Agriculturally Beneficial Traits]]></dc:title>
	<dc:creator>
		<ags:creatorPersonal><![CDATA[S Menon]]></ags:creatorPersonal>
	</dc:creator>
	<dc:identifier scheme="dcterms:URI"><![CDATA[oai:core.kmi.open.ac.uk:12102325]]></dc:identifier>
	<dc:identifier scheme="dcterms:URI"><![CDATA[http://core.kmi.open.ac.uk/download/pdf/12102325.pdf]]></dc:identifier>
	<dc:format><dcterms:medium><![CDATA[text]]></dcterms:medium></dc:format>
</ags:resource>
<ags:resource ags:ARN="GB2015401891">
	<dc:title><![CDATA[Grain Quality and Biochemistry: Program at ICRISAT]]></dc:title>
	<dc:creator>
		<ags:creatorPersonal><![CDATA[U Singh]]></ags:creatorPersonal>
		<ags:creatorPersonal><![CDATA[R Jambunathan]]></ags:creatorPersonal>
	</dc:creator>
	<dc:identifier scheme="dcterms:URI"><![CDATA[http://core.kmi.open.ac.uk/download/pdf/12102315.pdf]]></dc:identifier>
	<dc:identifier scheme="dcterms:URI"><![CDATA[oai:core.kmi.open.ac.uk:12102315]]></dc:identifier>
	<dc:format><dcterms:medium><![CDATA[text]]></dcterms:medium></dc:format>
</ags:resource>
<ags:resource ags:ARN="GB2015401892">
	<dc:title><![CDATA[Tackling the Dryland Challenge through Innovative Science: A compendium of speeches by William D Dar, ICRISAT, January–December 2010]]></dc:title>
	<dc:creator>
		<ags:creatorPersonal><![CDATA[W D Dar]]></ags:creatorPersonal>
	</dc:creator>
	<dc:date><dcterms:dateIssued><![CDATA[January–December 2010]]></dcterms:dateIssued></dc:date>
	<dc:identifier scheme="dcterms:URI"><![CDATA[oai:core.kmi.open.ac.uk:12102363]]></dc:identifier>
	<dc:identifier scheme="dcterms:URI"><![CDATA[http://core.kmi.open.ac.uk/download/pdf/12102363.pdf]]></dc:identifier>
	<dc:format><dcterms:medium><![CDATA[text]]></dcterms:medium></dc:format>
</ags:resource>
<ags:resource ags:ARN="GB2015401893">
	<dc:title><![CDATA[ICRISAT Annual Report 2010 'Inclusive Market-Oriented Development']]></dc:title>
	<dc:creator>
		<ags:creatorPersonal><![CDATA[- ICRISAT]]></ags:creatorPersonal>
	</dc:creator>
	<dc:identifier scheme="dcterms:URI"><![CDATA[http://core.kmi.open.ac.uk/download/pdf/12102364.pdf]]></dc:identifier>
	<dc:identifier scheme="dcterms:URI"><![CDATA[oai:core.kmi.open.ac.uk:12102364]]></dc:identifier>
	<dc:format><dcterms:medium><![CDATA[text]]></dcterms:medium></dc:format>
</ags:resource>
<ags:resource ags:ARN="GB2015401894">
	<dc:title><![CDATA[Leveraging institutions for collective action to improve markets for smallholder producers in less-favored areas]]></dc:title>
	<dc:creator>
		<ags:creatorPersonal><![CDATA[B Shiferaw]]></ags:creatorPersonal>
		<ags:creatorPersonal><![CDATA[G Obare]]></ags:creatorPersonal>
		<ags:creatorPersonal><![CDATA[G Muricho]]></ags:creatorPersonal>
		<ags:creatorPersonal><![CDATA[S Silim]]></ags:creatorPersonal>
	</dc:creator>
	<dc:identifier scheme="dcterms:URI"><![CDATA[http://core.kmi.open.ac.uk/download/pdf/12102375.pdf]]></dc:identifier>
	<dc:identifier scheme="dcterms:URI"><![CDATA[oai:core.kmi.open.ac.uk:12102375]]></dc:identifier>
	<dc:format><dcterms:medium><![CDATA[text]]></dcterms:medium></dc:format>
</ags:resource>
<ags:resource ags:ARN="GB2015401895">
	<dc:title><![CDATA[Agricultural Input Trade Fairs and Vouchers in Mozambique: Experiences and lessons learned]]></dc:title>
	<dc:creator>
		<ags:creatorPersonal><![CDATA[- ICRISAT]]></ags:creatorPersonal>
	</dc:creator>
	<dc:identifier scheme="dcterms:URI"><![CDATA[http://core.kmi.open.ac.uk/download/pdf/12102376.pdf]]></dc:identifier>
	<dc:identifier scheme="dcterms:URI"><![CDATA[oai:core.kmi.open.ac.uk:12102376]]></dc:identifier>
	<dc:format><dcterms:medium><![CDATA[text]]></dcterms:medium></dc:format>
</ags:resource>
<ags:resource ags:ARN="GB2015401896">
	<dc:title><![CDATA[ICRISAT Annual Report 2005 'Germinating the seeds of success in the semi-arid tropics']]></dc:title>
	<dc:creator>
		<ags:creatorPersonal><![CDATA[- ICRISAT]]></ags:creatorPersonal>
	</dc:creator>
	<dc:identifier scheme="dcterms:URI"><![CDATA[oai:core.kmi.open.ac.uk:12102378]]></dc:identifier>
	<dc:identifier scheme="dcterms:URI"><![CDATA[http://core.kmi.open.ac.uk/download/pdf/12102378.pdf]]></dc:identifier>
	<dc:format><dcterms:medium><![CDATA[text]]></dcterms:medium></dc:format>
</ags:resource>
<ags:resource ags:ARN="GB2015401897">
	<dc:title><![CDATA[Village Seed Banks:An integrated seed system for improved seed production and supply – A case study]]></dc:title>
	<dc:creator>
		<ags:creatorPersonal><![CDATA[K N A K Yadav]]></ags:creatorPersonal>
		<ags:creatorPersonal><![CDATA[N Dayan]]></ags:creatorPersonal>
		<ags:creatorPersonal><![CDATA[G D Nageswara Rao]]></ags:creatorPersonal>
		<ags:creatorPersonal><![CDATA[V R Kiresur]]></ags:creatorPersonal>
		<ags:creatorPersonal><![CDATA[M C S Bantilan]]></ags:creatorPersonal>
	</dc:creator>
	<dc:identifier scheme="dcterms:URI"><![CDATA[http://core.kmi.open.ac.uk/download/pdf/12102278.pdf]]></dc:identifier>
	<dc:identifier scheme="dcterms:URI"><![CDATA[oai:core.kmi.open.ac.uk:12102278]]></dc:identifier>
	<dc:format><dcterms:medium><![CDATA[text]]></dcterms:medium></dc:format>
</ags:resource>
<ags:resource ags:ARN="GB2015401898">
	<dc:title><![CDATA[Distribution of relief seed and fertilizer in Zimbabwe: Lessons from the 2003/04 season]]></dc:title>
	<dc:creator>
		<ags:creatorPersonal><![CDATA[D D Rohrbach]]></ags:creatorPersonal>
		<ags:creatorPersonal><![CDATA[A B Mashingaidze]]></ags:creatorPersonal>
		<ags:creatorPersonal><![CDATA[M Mudhara]]></ags:creatorPersonal>
	</dc:creator>
	<dc:identifier scheme="dcterms:URI"><![CDATA[http://core.kmi.open.ac.uk/download/pdf/12102387.pdf]]></dc:identifier>
	<dc:identifier scheme="dcterms:URI"><![CDATA[oai:core.kmi.open.ac.uk:12102387]]></dc:identifier>
	<dc:format><dcterms:medium><![CDATA[text]]></dcterms:medium></dc:format>
</ags:resource>
<ags:resource ags:ARN="GB2015401899">
	<dc:title><![CDATA[ICRISAT Annual Report 2007 'New Horizons of Scientific Excellence for the Semi-Arid Tropics']]></dc:title>
	<dc:creator>
		<ags:creatorPersonal><![CDATA[M van Ginkel]]></ags:creatorPersonal>
		<ags:creatorPersonal><![CDATA[J Sayer]]></ags:creatorPersonal>
		<ags:creatorPersonal><![CDATA[F Sinclair]]></ags:creatorPersonal>
		<ags:creatorPersonal><![CDATA[A Aw-Hassan]]></ags:creatorPersonal>
		<ags:creatorPersonal><![CDATA[D Bossio]]></ags:creatorPersonal>
		<ags:creatorPersonal><![CDATA[P Q Craufurd]]></ags:creatorPersonal>
		<ags:creatorPersonal><![CDATA[M El Mourid]]></ags:creatorPersonal>
		<ags:creatorPersonal><![CDATA[N Haddad]]></ags:creatorPersonal>
		<ags:creatorPersonal><![CDATA[D A Hoisington]]></ags:creatorPersonal>
		<ags:creatorPersonal><![CDATA[N Johnson]]></ags:creatorPersonal>
		<ags:creatorPersonal><![CDATA[C León Velarde]]></ags:creatorPersonal>
		<ags:creatorPersonal><![CDATA[V Mares]]></ags:creatorPersonal>
		<ags:creatorPersonal><![CDATA[A Mude]]></ags:creatorPersonal>
		<ags:creatorPersonal><![CDATA[A Nefzaoui]]></ags:creatorPersonal>
		<ags:creatorPersonal><![CDATA[A Noble]]></ags:creatorPersonal>
		<ags:creatorPersonal><![CDATA[K P C Rao]]></ags:creatorPersonal>
		<ags:creatorPersonal><![CDATA[R Serraj]]></ags:creatorPersonal>
		<ags:creatorPersonal><![CDATA[S Tarawali]]></ags:creatorPersonal>
		<ags:creatorPersonal><![CDATA[R Vodouhe]]></ags:creatorPersonal>
		<ags:creatorPersonal><![CDATA[R Ortiz]]></ags:creatorPersonal>
	</dc:creator>
	<dc:identifier scheme="dcterms:URI"><![CDATA[http://core.kmi.open.ac.uk/download/pdf/12102385.pdf]]></dc:identifier>
	<dc:identifier scheme="dcterms:URI"><![CDATA[oai:core.kmi.open.ac.uk:12102385]]></dc:identifier>
	<dc:format><dcterms:medium><![CDATA[text]]></dcterms:medium></dc:format>
</ags:resource>
</ags:resources>