<?xml version="1.0" encoding="UTF-8"?>
<!DOCTYPE ags:resources SYSTEM "http://purl.org/agmes/agrisap/dtd/">
<ags:resources xmlns:ags="http://purl.org/agmes/1.1/" xmlns:dc="http://purl.org/dc/elements/1.1/" xmlns:agls="http://www.naa.gov.au/recordkeeping/gov_online/agls/1.2" xmlns:dcterms="http://purl.org/dc/terms/">
<ags:resource ags:ARN="GB2015403700">
	<dc:title><![CDATA[Analisis Pengembangan Komoditas Unggulan Utama Hortikultura Dikawasan Agropolitan Ciwidey, Kabupaten Bandung]]></dc:title>
	<dc:creator>
		<ags:creatorPersonal><![CDATA[Pusat Pengajian Teknologi Industri PPTI]]></ags:creatorPersonal>
	</dc:creator>
	<dc:identifier scheme="dcterms:URI"><![CDATA[http://core.kmi.open.ac.uk/download/pdf/20666330.pdf]]></dc:identifier>
	<dc:identifier scheme="dcterms:URI"><![CDATA[oai:core.kmi.open.ac.uk:20666330]]></dc:identifier>
	<dc:format><dcterms:medium><![CDATA[text]]></dcterms:medium></dc:format>
</ags:resource>
<ags:resource ags:ARN="GB2015403701">
	<dc:title><![CDATA[Agricultural dynamics and food security trends in Kenya]]></dc:title>
	<dc:creator>
		<ags:creatorPersonal><![CDATA[A.J. Dietz]]></ags:creatorPersonal>
		<ags:creatorPersonal><![CDATA[D.W.J. Foeken]]></ags:creatorPersonal>
		<ags:creatorPersonal><![CDATA[S. Soeters]]></ags:creatorPersonal>
		<ags:creatorPersonal><![CDATA[W. Klaver]]></ags:creatorPersonal>
	</dc:creator>
	<dc:identifier scheme="dcterms:URI"><![CDATA[oai:core.kmi.open.ac.uk:19705636]]></dc:identifier>
	<dc:identifier scheme="dcterms:URI"><![CDATA[http://core.kmi.open.ac.uk/download/pdf/19705636.pdf]]></dc:identifier>
	<dc:format><dcterms:medium><![CDATA[text]]></dcterms:medium></dc:format>
</ags:resource>
<ags:resource ags:ARN="GB2015403702">
	<dc:title><![CDATA[Old institutions, new challenges: the agricultural knowledge system in Hungary]]></dc:title>
	<dc:creator>
		<ags:creatorPersonal><![CDATA[Noraziah  Jamaludin]]></ags:creatorPersonal>
		<ags:creatorPersonal><![CDATA[Shaharuddin Mohd Sham]]></ags:creatorPersonal>
		<ags:creatorPersonal><![CDATA[Sharifah Norkhadijah Syed Ismail]]></ags:creatorPersonal>
	</dc:creator>
	<dc:identifier scheme="dcterms:URI"><![CDATA[oai:core.kmi.open.ac.uk:20666129]]></dc:identifier>
	<dc:identifier scheme="dcterms:URI"><![CDATA[http://core.kmi.open.ac.uk/download/pdf/20666129.pdf]]></dc:identifier>
	<dc:format><dcterms:medium><![CDATA[text]]></dcterms:medium></dc:format>
</ags:resource>
<ags:resource ags:ARN="GB2015403703">
	<dc:title><![CDATA[Priority research questions for the UK food system]]></dc:title>
	<dc:creator>
		<ags:creatorPersonal><![CDATA[Anh Dang]]></ags:creatorPersonal>
	</dc:creator>
	<dc:identifier scheme="dcterms:URI"><![CDATA[oai:core.kmi.open.ac.uk:20664092]]></dc:identifier>
	<dc:identifier scheme="dcterms:URI"><![CDATA[http://core.kmi.open.ac.uk/download/pdf/20664092.pdf]]></dc:identifier>
	<dc:format><dcterms:medium><![CDATA[text]]></dcterms:medium></dc:format>
</ags:resource>
<ags:resource ags:ARN="GB2015403704">
	<dc:title><![CDATA[Kajian Sifat Fisikokimia Tepung Millet Kuning Dan Tepung Millet Merah]]></dc:title>
	<dc:creator>
		<ags:creatorPersonal><![CDATA[Bimo Prabowo]]></ags:creatorPersonal>
	</dc:creator>
	<dc:identifier scheme="dcterms:URI"><![CDATA[http://core.kmi.open.ac.uk/download/pdf/20668872.pdf]]></dc:identifier>
	<dc:identifier scheme="dcterms:URI"><![CDATA[oai:core.kmi.open.ac.uk:20668872]]></dc:identifier>
	<dc:format><dcterms:medium><![CDATA[text]]></dcterms:medium></dc:format>
</ags:resource>
<ags:resource ags:ARN="GB2015403705">
	<dc:title><![CDATA[[The Influence of Protected Kapok Seed Oil Supplementation on In Vitro Forage Fiber Utility]]]></dc:title>
	<dc:creator>
		<ags:creatorPersonal><![CDATA[Widiyanto Widiyanto]]></ags:creatorPersonal>
		<ags:creatorPersonal><![CDATA[M Soejono]]></ags:creatorPersonal>
		<ags:creatorPersonal><![CDATA[Z Bachrudin]]></ags:creatorPersonal>
		<ags:creatorPersonal><![CDATA[H Hartadi]]></ags:creatorPersonal>
		<ags:creatorPersonal><![CDATA[Surahmanto Surahmanto]]></ags:creatorPersonal>
	</dc:creator>
	<dc:identifier scheme="dcterms:URI"><![CDATA[http://core.kmi.open.ac.uk/download/pdf/20666665.pdf]]></dc:identifier>
	<dc:identifier scheme="dcterms:URI"><![CDATA[oai:core.kmi.open.ac.uk:20666665]]></dc:identifier>
	<dc:format><dcterms:medium><![CDATA[text]]></dcterms:medium></dc:format>
</ags:resource>
<ags:resource ags:ARN="GB2015403706">
	<dc:title><![CDATA[Analisis Pendapatan Pedagang Daging Ayam Broiler di Pasar Tradisional Kabupaten Semarang. (Analysis of Income of Chicken Meat Seller at Traditional Market in Semarang Regency)]]></dc:title>
	<dc:creator>
		<ags:creatorPersonal><![CDATA[E P Mutsvangwa-Sammie]]></ags:creatorPersonal>
		<ags:creatorPersonal><![CDATA[K Mazvimavi]]></ags:creatorPersonal>
		<ags:creatorPersonal><![CDATA[C Murendo]]></ags:creatorPersonal>
		<ags:creatorPersonal><![CDATA[G Kundhl]]></ags:creatorPersonal>
		<ags:creatorPersonal><![CDATA[e]]></ags:creatorPersonal>
	</dc:creator>
	<dc:identifier scheme="dcterms:URI"><![CDATA[oai:core.kmi.open.ac.uk:20669471]]></dc:identifier>
	<dc:identifier scheme="dcterms:URI"><![CDATA[http://core.kmi.open.ac.uk/download/pdf/20669471.pdf]]></dc:identifier>
	<dc:format><dcterms:medium><![CDATA[text]]></dcterms:medium></dc:format>
</ags:resource>
<ags:resource ags:ARN="GB2015403707">
	<dc:title><![CDATA[KAJIAN RASIO INOKULUM FESES KERBAU/BUFFER (SALIVA BUATAN)  PADA ANALISIS KECERNAAN PAKAN BERSERAT SECARA IN VITRO   [Examination of the Ratios of Inoculums of Buffalo Faeces    and Buffer Solution on the In Vtro Fibrous Feed Digestibility]]]></dc:title>
	<dc:creator>
		<ags:creatorPersonal><![CDATA[R Aruna]]></ags:creatorPersonal>
		<ags:creatorPersonal><![CDATA[S N Nigam]]></ags:creatorPersonal>
		<ags:creatorPersonal><![CDATA[F Waliyar]]></ags:creatorPersonal>
		<ags:creatorPersonal><![CDATA[H D Upadhyaya]]></ags:creatorPersonal>
		<ags:creatorPersonal><![CDATA[S V Reddy]]></ags:creatorPersonal>
		<ags:creatorPersonal><![CDATA[K Reddy]]></ags:creatorPersonal>
		<ags:creatorPersonal><![CDATA[A G S Reddy]]></ags:creatorPersonal>
	</dc:creator>
	<dc:identifier scheme="dcterms:URI"><![CDATA[http://core.kmi.open.ac.uk/download/pdf/20669015.pdf]]></dc:identifier>
	<dc:identifier scheme="dcterms:URI"><![CDATA[oai:core.kmi.open.ac.uk:20669015]]></dc:identifier>
	<dc:format><dcterms:medium><![CDATA[text]]></dcterms:medium></dc:format>
</ags:resource>
<ags:resource ags:ARN="GB2015403708">
	<dc:title><![CDATA[Prospects for the development of odour baits to control the tsetse flies Glossina tachinoides and G. palpalis s.l.]]></dc:title>
	<dc:creator>
		<ags:creatorPersonal><![CDATA[J.B. Rayaisse]]></ags:creatorPersonal>
		<ags:creatorPersonal><![CDATA[I. Tirados]]></ags:creatorPersonal>
		<ags:creatorPersonal><![CDATA[D. Kaba]]></ags:creatorPersonal>
		<ags:creatorPersonal><![CDATA[S.Y. Dewhirst]]></ags:creatorPersonal>
		<ags:creatorPersonal><![CDATA[J.G. Logan]]></ags:creatorPersonal>
		<ags:creatorPersonal><![CDATA[A. Diarrassouba]]></ags:creatorPersonal>
		<ags:creatorPersonal><![CDATA[E. Salou]]></ags:creatorPersonal>
		<ags:creatorPersonal><![CDATA[M.O. Omolo]]></ags:creatorPersonal>
		<ags:creatorPersonal><![CDATA[P. Solano]]></ags:creatorPersonal>
		<ags:creatorPersonal><![CDATA[M.J. Lehane]]></ags:creatorPersonal>
		<ags:creatorPersonal><![CDATA[J.A. Pickett]]></ags:creatorPersonal>
		<ags:creatorPersonal><![CDATA[G.A. Vale]]></ags:creatorPersonal>
		<ags:creatorPersonal><![CDATA[S.J.. Torr]]></ags:creatorPersonal>
		<ags:creatorPersonal><![CDATA[J. Esterhuizen]]></ags:creatorPersonal>
	</dc:creator>
	<dc:identifier scheme="dcterms:URI"><![CDATA[oai:core.kmi.open.ac.uk:20669307]]></dc:identifier>
	<dc:identifier scheme="dcterms:URI"><![CDATA[http://core.kmi.open.ac.uk/download/pdf/20669307.pdf]]></dc:identifier>
	<dc:format><dcterms:medium><![CDATA[text]]></dcterms:medium></dc:format>
</ags:resource>
<ags:resource ags:ARN="GB2015403709">
	<dc:title><![CDATA[Standardising through concepts: scientific experts and the international development of the HACCP Food Safety Standard]]></dc:title>
	<dc:creator>
		<ags:creatorPersonal><![CDATA[David Demortain]]></ags:creatorPersonal>
	</dc:creator>
	<dc:identifier scheme="dcterms:URI"><![CDATA[oai:core.kmi.open.ac.uk:219313]]></dc:identifier>
	<dc:identifier scheme="dcterms:URI"><![CDATA[http://core.kmi.open.ac.uk/download/pdf/219313.pdf]]></dc:identifier>
	<dc:format><dcterms:medium><![CDATA[text]]></dcterms:medium></dc:format>
</ags:resource>
<ags:resource ags:ARN="GB2015403710">
	<dc:title><![CDATA[The impact of risk on inequality: evidence from the Irish agricultural sector]]></dc:title>
	<dc:creator>
		<ags:creatorPersonal><![CDATA[Xavier Vollenweider]]></ags:creatorPersonal>
		<ags:creatorPersonal><![CDATA[Salvatore Di Falco]]></ags:creatorPersonal>
		<ags:creatorPersonal><![CDATA[Cathal O’Donoghue]]></ags:creatorPersonal>
	</dc:creator>
	<dc:identifier scheme="dcterms:URI"><![CDATA[http://core.kmi.open.ac.uk/download/pdf/220224.pdf]]></dc:identifier>
	<dc:identifier scheme="dcterms:URI"><![CDATA[oai:core.kmi.open.ac.uk:220224]]></dc:identifier>
	<dc:format><dcterms:medium><![CDATA[text]]></dcterms:medium></dc:format>
</ags:resource>
<ags:resource ags:ARN="GB2015403711">
	<dc:title><![CDATA[Global co-ordinated action is needed to ensure that the UK’s food future is sustainable]]></dc:title>
	<dc:creator>
		<ags:creatorPersonal><![CDATA[S]]></ags:creatorPersonal>
		<ags:creatorPersonal><![CDATA[y Thomas]]></ags:creatorPersonal>
	</dc:creator>
	<dc:identifier scheme="dcterms:URI"><![CDATA[oai:core.kmi.open.ac.uk:220559]]></dc:identifier>
	<dc:identifier scheme="dcterms:URI"><![CDATA[http://core.kmi.open.ac.uk/download/pdf/220559.pdf]]></dc:identifier>
	<dc:format><dcterms:medium><![CDATA[text]]></dcterms:medium></dc:format>
</ags:resource>
<ags:resource ags:ARN="GB2015403712">
	<dc:title><![CDATA[Techniques to study autophagy in plants]]></dc:title>
	<dc:creator>
		<ags:creatorPersonal><![CDATA[Geraldine Mitou]]></ags:creatorPersonal>
		<ags:creatorPersonal><![CDATA[Hikmet Budak]]></ags:creatorPersonal>
		<ags:creatorPersonal><![CDATA[Devrim Gözüaçık]]></ags:creatorPersonal>
		<ags:creatorPersonal><![CDATA[Devrim Gozuacik]]></ags:creatorPersonal>
	</dc:creator>
	<dc:identifier scheme="dcterms:URI"><![CDATA[oai:core.kmi.open.ac.uk:220806]]></dc:identifier>
	<dc:identifier scheme="dcterms:URI"><![CDATA[http://core.kmi.open.ac.uk/download/pdf/220806.pdf]]></dc:identifier>
	<dc:format><dcterms:medium><![CDATA[text]]></dcterms:medium></dc:format>
</ags:resource>
<ags:resource ags:ARN="GB2015403713">
	<dc:title><![CDATA[Risk preferences and voluntary agri-environmental schemes: does risk aversion explain the uptake of the Rural Environment Protection Scheme?]]></dc:title>
	<dc:creator>
		<ags:creatorPersonal><![CDATA[Kristina Brščić]]></ags:creatorPersonal>
		<ags:creatorPersonal><![CDATA[Milan Oplanić]]></ags:creatorPersonal>
		<ags:creatorPersonal><![CDATA[Stipe Radinović]]></ags:creatorPersonal>
		<ags:creatorPersonal><![CDATA[A. Milotić]]></ags:creatorPersonal>
	</dc:creator>
	<dc:identifier scheme="dcterms:URI"><![CDATA[http://core.kmi.open.ac.uk/download/pdf/220225.pdf]]></dc:identifier>
	<dc:identifier scheme="dcterms:URI"><![CDATA[oai:core.kmi.open.ac.uk:220225]]></dc:identifier>
	<dc:format><dcterms:medium><![CDATA[text]]></dcterms:medium></dc:format>
</ags:resource>
<ags:resource ags:ARN="GB2015403714">
	<dc:title><![CDATA[ESTIMATION OF LEAF AREA INDEX USING GROUND SPECTRAL MEASUREMENTS OVER AGRICULTURE CROPS: PREDICTION CAPABILITY ASSESSMENT OF OPTICAL INDICES]]></dc:title>
	<dc:creator>
		<ags:creatorPersonal><![CDATA[Sara Persson]]></ags:creatorPersonal>
	</dc:creator>
	<dc:identifier scheme="dcterms:URI"><![CDATA[oai:core.kmi.open.ac.uk:21174114]]></dc:identifier>
	<dc:identifier scheme="dcterms:URI"><![CDATA[http://core.kmi.open.ac.uk/download/pdf/21174114.pdf]]></dc:identifier>
	<dc:format><dcterms:medium><![CDATA[text]]></dcterms:medium></dc:format>
</ags:resource>
<ags:resource ags:ARN="GB2015403715">
	<dc:title><![CDATA[Does adaptation to climate change provide food security?: a micro-perspective from Ethiopia]]></dc:title>
	<dc:creator>
		<ags:creatorPersonal><![CDATA[Obadur Azmi]]></ags:creatorPersonal>
	</dc:creator>
	<dc:identifier scheme="dcterms:URI"><![CDATA[http://core.kmi.open.ac.uk/download/pdf/220231.pdf]]></dc:identifier>
	<dc:identifier scheme="dcterms:URI"><![CDATA[oai:core.kmi.open.ac.uk:220231]]></dc:identifier>
	<dc:format><dcterms:medium><![CDATA[text]]></dcterms:medium></dc:format>
</ags:resource>
<ags:resource ags:ARN="GB2015403716">
	<dc:title><![CDATA[Tenancy in Palanpur]]></dc:title>
	<dc:creator>
		<ags:creatorPersonal><![CDATA[Samer Abdelnour]]></ags:creatorPersonal>
		<ags:creatorPersonal><![CDATA[Alaa Tartir]]></ags:creatorPersonal>
		<ags:creatorPersonal><![CDATA[Rami Zurayk]]></ags:creatorPersonal>
	</dc:creator>
	<dc:identifier scheme="dcterms:URI"><![CDATA[oai:core.kmi.open.ac.uk:220824]]></dc:identifier>
	<dc:identifier scheme="dcterms:URI"><![CDATA[http://core.kmi.open.ac.uk/download/pdf/220824.pdf]]></dc:identifier>
	<dc:format><dcterms:medium><![CDATA[text]]></dcterms:medium></dc:format>
</ags:resource>
<ags:resource ags:ARN="GB2015403717">
	<dc:title><![CDATA[The future of organic agriculture: Otopia or oblivion?]]></dc:title>
	<dc:creator>
		<ags:creatorPersonal><![CDATA[John Paull]]></ags:creatorPersonal>
	</dc:creator>
	<dc:identifier scheme="dcterms:URI"><![CDATA[http://core.kmi.open.ac.uk/download/pdf/231037.pdf]]></dc:identifier>
	<dc:identifier scheme="dcterms:URI"><![CDATA[oai:core.kmi.open.ac.uk:231037]]></dc:identifier>
	<dc:format><dcterms:medium><![CDATA[text]]></dcterms:medium></dc:format>
</ags:resource>
<ags:resource ags:ARN="GB2015403718">
	<dc:title><![CDATA[Indian population is 1.244 billion and World’s popul...]]></dc:title>
	<dc:creator>
		<ags:creatorPersonal><![CDATA[Flavie Vial]]></ags:creatorPersonal>
	</dc:creator>
	<dc:identifier scheme="dcterms:URI"><![CDATA[oai:core.kmi.open.ac.uk:24061558]]></dc:identifier>
	<dc:identifier scheme="dcterms:URI"><![CDATA[http://core.kmi.open.ac.uk/download/pdf/24061558.pdf]]></dc:identifier>
	<dc:format><dcterms:medium><![CDATA[text]]></dcterms:medium></dc:format>
</ags:resource>
<ags:resource ags:ARN="GB2015403719">
	<dc:title><![CDATA[Cultivated land conversion in China and the potential for food security and sustainability]]></dc:title>
	<dc:creator>
		<ags:creatorPersonal><![CDATA[W.M. Strong]]></ags:creatorPersonal>
		<ags:creatorPersonal><![CDATA[R.C Dalal]]></ags:creatorPersonal>
		<ags:creatorPersonal><![CDATA[E.J. Weston]]></ags:creatorPersonal>
		<ags:creatorPersonal><![CDATA[K.J. Lehane]]></ags:creatorPersonal>
		<ags:creatorPersonal><![CDATA[J.E. Cooper]]></ags:creatorPersonal>
		<ags:creatorPersonal><![CDATA[A.J. King]]></ags:creatorPersonal>
		<ags:creatorPersonal><![CDATA[C.J. Holmes]]></ags:creatorPersonal>
	</dc:creator>
	<dc:identifier scheme="dcterms:URI"><![CDATA[oai:core.kmi.open.ac.uk:220813]]></dc:identifier>
	<dc:identifier scheme="dcterms:URI"><![CDATA[http://core.kmi.open.ac.uk/download/pdf/220813.pdf]]></dc:identifier>
	<dc:format><dcterms:medium><![CDATA[text]]></dcterms:medium></dc:format>
</ags:resource>
<ags:resource ags:ARN="GB2015403720">
	<dc:title><![CDATA[Social Impact of Coffee Crisis on the Pasemah coffee farmers in South Sumatera]]></dc:title>
	<dc:creator>
		<ags:creatorPersonal><![CDATA[Brata Aloysius Gunadi]]></ags:creatorPersonal>
	</dc:creator>
	<dc:identifier scheme="dcterms:URI"><![CDATA[oai:core.kmi.open.ac.uk:25484000]]></dc:identifier>
	<dc:identifier scheme="dcterms:URI"><![CDATA[http://core.kmi.open.ac.uk/download/pdf/25484000.pdf]]></dc:identifier>
	<dc:format><dcterms:medium><![CDATA[text]]></dcterms:medium></dc:format>
</ags:resource>
<ags:resource ags:ARN="GB2015403721">
	<dc:title><![CDATA[Skill Investment, Farm Size Distribution and Agricultural Productivity]]></dc:title>
	<dc:creator>
		<ags:creatorPersonal><![CDATA[Wenbiao Cai]]></ags:creatorPersonal>
	</dc:creator>
	<dc:identifier scheme="dcterms:URI"><![CDATA[oai:core.kmi.open.ac.uk:25483971]]></dc:identifier>
	<dc:identifier scheme="dcterms:URI"><![CDATA[http://core.kmi.open.ac.uk/download/pdf/25483971.pdf]]></dc:identifier>
	<dc:format><dcterms:medium><![CDATA[text]]></dcterms:medium></dc:format>
</ags:resource>
<ags:resource ags:ARN="GB2015403722">
	<dc:title><![CDATA[KAJIAN SISTEM PENGENDALIAN MUTU IKAN DAN UDANG SEGAR DI TEMPAT PELELANGAN IKAN, PELABUHAN PERIKANAN SAMUDERA CILACAP STUDY OF QUALITY CONTROL SYSTEM OF FRESH FISH AND SHRIMP AT THE PLACE OF FISH AUCTION, OF THE OCEAN FISHING PORT IN CILACAP]]></dc:title>
	<dc:creator>
		<ags:creatorPersonal><![CDATA[Shaida Fariza Sulaiman]]></ags:creatorPersonal>
		<ags:creatorPersonal><![CDATA[Roshada Hashim]]></ags:creatorPersonal>
		<ags:creatorPersonal><![CDATA[Shu Chien Dr Alex]]></ags:creatorPersonal>
		<ags:creatorPersonal><![CDATA[er Chong]]></ags:creatorPersonal>
		<ags:creatorPersonal><![CDATA[Tze Jiun Lee]]></ags:creatorPersonal>
	</dc:creator>
	<dc:identifier scheme="dcterms:URI"><![CDATA[oai:core.kmi.open.ac.uk:25498035]]></dc:identifier>
	<dc:identifier scheme="dcterms:URI"><![CDATA[http://core.kmi.open.ac.uk/download/pdf/25498035.pdf]]></dc:identifier>
	<dc:format><dcterms:medium><![CDATA[text]]></dcterms:medium></dc:format>
</ags:resource>
<ags:resource ags:ARN="GB2015403723">
	<dc:title><![CDATA[Non-farm diversification and rural poverty decline: a perspective from Indian sample survey and village study data]]></dc:title>
	<dc:creator>
		<ags:creatorPersonal><![CDATA[Marie Soveroski]]></ags:creatorPersonal>
	</dc:creator>
	<dc:identifier scheme="dcterms:URI"><![CDATA[oai:core.kmi.open.ac.uk:220821]]></dc:identifier>
	<dc:identifier scheme="dcterms:URI"><![CDATA[http://core.kmi.open.ac.uk/download/pdf/220821.pdf]]></dc:identifier>
	<dc:format><dcterms:medium><![CDATA[text]]></dcterms:medium></dc:format>
</ags:resource>
<ags:resource ags:ARN="GB2015403724">
	<dc:title><![CDATA[Uses of ICT in Agriculture]]></dc:title>
	<dc:creator>
		<ags:creatorPersonal><![CDATA[Brata Aloysius Gunadi]]></ags:creatorPersonal>
	</dc:creator>
	<dc:identifier scheme="dcterms:URI"><![CDATA[http://core.kmi.open.ac.uk/download/pdf/25510157.pdf]]></dc:identifier>
	<dc:identifier scheme="dcterms:URI"><![CDATA[oai:core.kmi.open.ac.uk:25510157]]></dc:identifier>
	<dc:format><dcterms:medium><![CDATA[text]]></dcterms:medium></dc:format>
</ags:resource>
<ags:resource ags:ARN="GB2015403725">
	<dc:title><![CDATA[Formulasi strategi teknologi agroindustri kelapa (cocos nucifera l.) di kabupaten halmahera utara]]></dc:title>
	<dc:creator>
		<ags:creatorPersonal><![CDATA[K O Rachic]]></ags:creatorPersonal>
		<ags:creatorPersonal><![CDATA[L R V Peters]]></ags:creatorPersonal>
	</dc:creator>
	<dc:identifier scheme="dcterms:URI"><![CDATA[http://core.kmi.open.ac.uk/download/pdf/25498483.pdf]]></dc:identifier>
	<dc:identifier scheme="dcterms:URI"><![CDATA[oai:core.kmi.open.ac.uk:25498483]]></dc:identifier>
	<dc:format><dcterms:medium><![CDATA[text]]></dcterms:medium></dc:format>
</ags:resource>
<ags:resource ags:ARN="GB2015403726">
	<dc:title><![CDATA[Monitoring Greenhouse using Wireless Sensor Network]]></dc:title>
	<dc:creator>
		<ags:creatorPersonal><![CDATA[Rohit.K.Nikhade]]></ags:creatorPersonal>
		<ags:creatorPersonal><![CDATA[S.L.Nalbalwar]]></ags:creatorPersonal>
	</dc:creator>
	<dc:identifier scheme="dcterms:URI"><![CDATA[oai:core.kmi.open.ac.uk:25498760]]></dc:identifier>
	<dc:identifier scheme="dcterms:URI"><![CDATA[http://core.kmi.open.ac.uk/download/pdf/25498760.pdf]]></dc:identifier>
	<dc:format><dcterms:medium><![CDATA[text]]></dcterms:medium></dc:format>
</ags:resource>
<ags:resource ags:ARN="GB2015403727">
	<dc:title><![CDATA[Exploitation Status and Protection Countermeasure -s of Agriculture Development and Utilization in Taihu Lake Basin]]></dc:title>
	<dc:creator>
		<ags:creatorPersonal><![CDATA[Crayton Caswell]]></ags:creatorPersonal>
	</dc:creator>
	<dc:identifier scheme="dcterms:URI"><![CDATA[http://core.kmi.open.ac.uk/download/pdf/25518408.pdf]]></dc:identifier>
	<dc:identifier scheme="dcterms:URI"><![CDATA[oai:core.kmi.open.ac.uk:25518408]]></dc:identifier>
	<dc:format><dcterms:medium><![CDATA[text]]></dcterms:medium></dc:format>
</ags:resource>
<ags:resource ags:ARN="GB2015403728">
	<dc:title><![CDATA[THE EVOLUTION OF THE ANIMAL EFFECTIVES IN EU – 25 AND IN ROMANIA IN THE PERIOD 2002 – 2004]]></dc:title>
	<dc:creator>
		<ags:creatorPersonal><![CDATA[J. Ford]]></ags:creatorPersonal>
		<ags:creatorPersonal><![CDATA[H. Kessler]]></ags:creatorPersonal>
		<ags:creatorPersonal><![CDATA[A.H. Cooper]]></ags:creatorPersonal>
		<ags:creatorPersonal><![CDATA[S.J. Price]]></ags:creatorPersonal>
		<ags:creatorPersonal><![CDATA[A.J. Humpage]]></ags:creatorPersonal>
	</dc:creator>
	<dc:identifier scheme="dcterms:URI"><![CDATA[oai:core.kmi.open.ac.uk:25520525]]></dc:identifier>
	<dc:identifier scheme="dcterms:URI"><![CDATA[http://core.kmi.open.ac.uk/download/pdf/25520525.pdf]]></dc:identifier>
	<dc:format><dcterms:medium><![CDATA[text]]></dcterms:medium></dc:format>
</ags:resource>
<ags:resource ags:ARN="GB2015403729">
	<dc:title><![CDATA[Treatment of P esticide C ontaminated W astewater by S oil M icroorganisms]]></dc:title>
	<dc:creator>
		<ags:creatorPersonal><![CDATA[S. Jilani]]></ags:creatorPersonal>
		<ags:creatorPersonal><![CDATA[M . A . Khan]]></ags:creatorPersonal>
	</dc:creator>
	<dc:identifier scheme="dcterms:URI"><![CDATA[http://core.kmi.open.ac.uk/download/pdf/25549581.pdf]]></dc:identifier>
	<dc:identifier scheme="dcterms:URI"><![CDATA[oai:core.kmi.open.ac.uk:25549581]]></dc:identifier>
	<dc:format><dcterms:medium><![CDATA[text]]></dcterms:medium></dc:format>
</ags:resource>
<ags:resource ags:ARN="GB2015403730">
	<dc:title><![CDATA[THE ECOLOGICAL AGRICULTURE – A MODEL OF DURABLE AGRICULTURE]]></dc:title>
	<dc:creator>
		<ags:creatorPersonal><![CDATA[TABITA CORNELIA ADAMOV]]></ags:creatorPersonal>
		<ags:creatorPersonal><![CDATA[T. IANCU]]></ags:creatorPersonal>
		<ags:creatorPersonal><![CDATA[ANDREA NAGY]]></ags:creatorPersonal>
		<ags:creatorPersonal><![CDATA[COSMINA-SIMONA TOADER]]></ags:creatorPersonal>
	</dc:creator>
	<dc:identifier scheme="dcterms:URI"><![CDATA[oai:core.kmi.open.ac.uk:25520514]]></dc:identifier>
	<dc:identifier scheme="dcterms:URI"><![CDATA[http://core.kmi.open.ac.uk/download/pdf/25520514.pdf]]></dc:identifier>
	<dc:format><dcterms:medium><![CDATA[text]]></dcterms:medium></dc:format>
</ags:resource>
<ags:resource ags:ARN="GB2015403731">
	<dc:title><![CDATA[THE ORGANIC AGRICULTURE – A WAY TO PROTECT THE ENVIRONMENT]]></dc:title>
	<dc:creator>
		<ags:creatorPersonal><![CDATA[Kalaiyarasi Pidaran]]></ags:creatorPersonal>
	</dc:creator>
	<dc:identifier scheme="dcterms:URI"><![CDATA[oai:core.kmi.open.ac.uk:25520515]]></dc:identifier>
	<dc:identifier scheme="dcterms:URI"><![CDATA[http://core.kmi.open.ac.uk/download/pdf/25520515.pdf]]></dc:identifier>
	<dc:format><dcterms:medium><![CDATA[text]]></dcterms:medium></dc:format>
</ags:resource>
<ags:resource ags:ARN="GB2015403732">
	<dc:title><![CDATA[Age Management Principles in Czech Agrarian Sector]]></dc:title>
	<dc:creator>
		<ags:creatorPersonal><![CDATA[M. D. A. Coracini]]></ags:creatorPersonal>
		<ags:creatorPersonal><![CDATA[P. H. G. Zarbin]]></ags:creatorPersonal>
		<ags:creatorPersonal><![CDATA[Marie Bengtsson]]></ags:creatorPersonal>
		<ags:creatorPersonal><![CDATA[A. Kovaleski]]></ags:creatorPersonal>
		<ags:creatorPersonal><![CDATA[E. F. Vilela]]></ags:creatorPersonal>
		<ags:creatorPersonal><![CDATA[L. L. Torezan]]></ags:creatorPersonal>
		<ags:creatorPersonal><![CDATA[E. R. Hickel]]></ags:creatorPersonal>
		<ags:creatorPersonal><![CDATA[Peter Witzgall]]></ags:creatorPersonal>
	</dc:creator>
	<dc:identifier scheme="dcterms:URI"><![CDATA[oai:core.kmi.open.ac.uk:25543211]]></dc:identifier>
	<dc:identifier scheme="dcterms:URI"><![CDATA[http://core.kmi.open.ac.uk/download/pdf/25543211.pdf]]></dc:identifier>
	<dc:format><dcterms:medium><![CDATA[text]]></dcterms:medium></dc:format>
</ags:resource>
<ags:resource ags:ARN="GB2015403733">
	<dc:title><![CDATA[RURAL ECONOMY DEVELOPMENT - A SECTORAL BASED (AGRICULTURE) APPROACH]]></dc:title>
	<dc:creator>
		<ags:creatorPersonal><![CDATA[P.D. Carey]]></ags:creatorPersonal>
		<ags:creatorPersonal><![CDATA[J.C.M. Dring]]></ags:creatorPersonal>
		<ags:creatorPersonal><![CDATA[M.O. Hill]]></ags:creatorPersonal>
		<ags:creatorPersonal><![CDATA[C.D. Preston]]></ags:creatorPersonal>
		<ags:creatorPersonal><![CDATA[S.M. Wright]]></ags:creatorPersonal>
	</dc:creator>
	<dc:identifier scheme="dcterms:URI"><![CDATA[http://core.kmi.open.ac.uk/download/pdf/25520518.pdf]]></dc:identifier>
	<dc:identifier scheme="dcterms:URI"><![CDATA[oai:core.kmi.open.ac.uk:25520518]]></dc:identifier>
	<dc:format><dcterms:medium><![CDATA[text]]></dcterms:medium></dc:format>
</ags:resource>
<ags:resource ags:ARN="GB2015403734">
	<dc:title><![CDATA[Household ecology and out-migration among ethnic Karen along the Thai-Myanmar border]]></dc:title>
	<dc:creator>
		<ags:creatorPersonal><![CDATA[Daniel M. Parker]]></ags:creatorPersonal>
		<ags:creatorPersonal><![CDATA[James W. Wood]]></ags:creatorPersonal>
		<ags:creatorPersonal><![CDATA[Shinsuke Tomita]]></ags:creatorPersonal>
		<ags:creatorPersonal><![CDATA[Sharon DeWitte]]></ags:creatorPersonal>
		<ags:creatorPersonal><![CDATA[Julia Jennings]]></ags:creatorPersonal>
		<ags:creatorPersonal><![CDATA[Liwang Cui]]></ags:creatorPersonal>
	</dc:creator>
	<dc:identifier scheme="dcterms:URI"><![CDATA[oai:core.kmi.open.ac.uk:25684218]]></dc:identifier>
	<dc:identifier scheme="dcterms:URI"><![CDATA[http://core.kmi.open.ac.uk/download/pdf/25684218.pdf]]></dc:identifier>
	<dc:format><dcterms:medium><![CDATA[text]]></dcterms:medium></dc:format>
</ags:resource>
<ags:resource ags:ARN="GB2015403735">
	<dc:title><![CDATA[Zigbee Based Real - Time Monitoring System of Agricultural  Environment]]></dc:title>
	<dc:creator>
		<ags:creatorPersonal><![CDATA[Sumit P. Goyal]]></ags:creatorPersonal>
		<ags:creatorPersonal><![CDATA[Dr. Archana Bhise]]></ags:creatorPersonal>
	</dc:creator>
	<dc:identifier scheme="dcterms:URI"><![CDATA[oai:core.kmi.open.ac.uk:25730446]]></dc:identifier>
	<dc:identifier scheme="dcterms:URI"><![CDATA[http://core.kmi.open.ac.uk/download/pdf/25730446.pdf]]></dc:identifier>
	<dc:format><dcterms:medium><![CDATA[text]]></dcterms:medium></dc:format>
</ags:resource>
<ags:resource ags:ARN="GB2015403736">
	<dc:title><![CDATA[Crop type influences edge effects on the reproduction of songbirds in sagebrush habitat near agriculture]]></dc:title>
	<dc:creator>
		<ags:creatorPersonal><![CDATA[Fintan Bracken]]></ags:creatorPersonal>
		<ags:creatorPersonal><![CDATA[Thomas Bolger]]></ags:creatorPersonal>
	</dc:creator>
	<dc:identifier scheme="dcterms:URI"><![CDATA[oai:core.kmi.open.ac.uk:25640684]]></dc:identifier>
	<dc:identifier scheme="dcterms:URI"><![CDATA[http://core.kmi.open.ac.uk/download/pdf/25640684.pdf]]></dc:identifier>
	<dc:format><dcterms:medium><![CDATA[text]]></dcterms:medium></dc:format>
</ags:resource>
<ags:resource ags:ARN="GB2015403737">
	<dc:title><![CDATA[EVALUATION OF SOCIAL SUSTAINABILITY OF AGRICULTURE WITHIN THE CARPATHIANS IN THE REPUBLIC OF SERBIA]]></dc:title>
	<dc:creator>
		<ags:creatorPersonal><![CDATA[Jonel SUBIĆ]]></ags:creatorPersonal>
		<ags:creatorPersonal><![CDATA[Marko JELOČNIK]]></ags:creatorPersonal>
		<ags:creatorPersonal><![CDATA[Marko JELOČNIK]]></ags:creatorPersonal>
	</dc:creator>
	<dc:identifier scheme="dcterms:URI"><![CDATA[http://core.kmi.open.ac.uk/download/pdf/25735133.pdf]]></dc:identifier>
	<dc:identifier scheme="dcterms:URI"><![CDATA[oai:core.kmi.open.ac.uk:25735133]]></dc:identifier>
	<dc:format><dcterms:medium><![CDATA[text]]></dcterms:medium></dc:format>
</ags:resource>
<ags:resource ags:ARN="GB2015403738">
	<dc:title><![CDATA[Off-road sampling reveals a different grassland bird community than roadside sampling: implications for survey design and estimates to guide conservation]]></dc:title>
	<dc:creator>
		<ags:creatorPersonal><![CDATA[Troy I. Wellicome]]></ags:creatorPersonal>
		<ags:creatorPersonal><![CDATA[Kevin J. Kardynal]]></ags:creatorPersonal>
		<ags:creatorPersonal><![CDATA[Renee J. Franken]]></ags:creatorPersonal>
		<ags:creatorPersonal><![CDATA[Cameron S. Gillies]]></ags:creatorPersonal>
	</dc:creator>
	<dc:identifier scheme="dcterms:URI"><![CDATA[oai:core.kmi.open.ac.uk:25640686]]></dc:identifier>
	<dc:identifier scheme="dcterms:URI"><![CDATA[http://core.kmi.open.ac.uk/download/pdf/25640686.pdf]]></dc:identifier>
	<dc:format><dcterms:medium><![CDATA[text]]></dcterms:medium></dc:format>
</ags:resource>
<ags:resource ags:ARN="GB2015403739">
	<dc:title><![CDATA[Puncturevine (Tribulus terrestris L.): noxious weed or powerful medical herb]]></dc:title>
	<dc:creator>
		<ags:creatorPersonal><![CDATA[Zvonko Pacanoski]]></ags:creatorPersonal>
		<ags:creatorPersonal><![CDATA[Štefan Týr]]></ags:creatorPersonal>
		<ags:creatorPersonal><![CDATA[Tomáš Vereš]]></ags:creatorPersonal>
	</dc:creator>
	<dc:identifier scheme="dcterms:URI"><![CDATA[http://core.kmi.open.ac.uk/download/pdf/25744130.pdf]]></dc:identifier>
	<dc:identifier scheme="dcterms:URI"><![CDATA[oai:core.kmi.open.ac.uk:25744130]]></dc:identifier>
	<dc:format><dcterms:medium><![CDATA[text]]></dcterms:medium></dc:format>
</ags:resource>
<ags:resource ags:ARN="GB2015403740">
	<dc:title><![CDATA[COMMON AGRICULTURAL POLICY – THE MAIN DRIVER OF SUSTAINABLE RURAL DEVELOPMENT IN EUROPEAN UNION]]></dc:title>
	<dc:creator>
		<ags:creatorPersonal><![CDATA[Cristina Balgar]]></ags:creatorPersonal>
		<ags:creatorPersonal><![CDATA[Andreea Dragoi]]></ags:creatorPersonal>
	</dc:creator>
	<dc:identifier scheme="dcterms:URI"><![CDATA[oai:core.kmi.open.ac.uk:25739345]]></dc:identifier>
	<dc:identifier scheme="dcterms:URI"><![CDATA[http://core.kmi.open.ac.uk/download/pdf/25739345.pdf]]></dc:identifier>
	<dc:format><dcterms:medium><![CDATA[text]]></dcterms:medium></dc:format>
</ags:resource>
<ags:resource ags:ARN="GB2015403741">
	<dc:title><![CDATA[Agriculture development in republic of Abkhazia]]></dc:title>
	<dc:creator>
		<ags:creatorPersonal><![CDATA[Astamur Sh. Dzhindzholiya]]></ags:creatorPersonal>
		<ags:creatorPersonal><![CDATA[Zaur I. Shalashaa]]></ags:creatorPersonal>
	</dc:creator>
	<dc:identifier scheme="dcterms:URI"><![CDATA[http://core.kmi.open.ac.uk/download/pdf/25767500.pdf]]></dc:identifier>
	<dc:identifier scheme="dcterms:URI"><![CDATA[oai:core.kmi.open.ac.uk:25767500]]></dc:identifier>
	<dc:format><dcterms:medium><![CDATA[text]]></dcterms:medium></dc:format>
</ags:resource>
<ags:resource ags:ARN="GB2015403742">
	<dc:title><![CDATA[SOME CONSIDERATIONS ON THE STRATEGY FOR SUSTAINABLE  DEVELOPMENT OF ROMANIA AGRICULTURE]]></dc:title>
	<dc:creator>
		<ags:creatorPersonal><![CDATA[Diana Loredana RADULESCU (VANATORU)]]></ags:creatorPersonal>
	</dc:creator>
	<dc:identifier scheme="dcterms:URI"><![CDATA[http://core.kmi.open.ac.uk/download/pdf/25752944.pdf]]></dc:identifier>
	<dc:identifier scheme="dcterms:URI"><![CDATA[oai:core.kmi.open.ac.uk:25752944]]></dc:identifier>
	<dc:format><dcterms:medium><![CDATA[text]]></dcterms:medium></dc:format>
</ags:resource>
<ags:resource ags:ARN="GB2015403743">
	<dc:title><![CDATA[Évaluation participative de nouvelles lignées de mil (Pennisetum glaucum (L.) R. Br.) sélectionnées pour les régions arides tunisiennes]]></dc:title>
	<dc:creator>
		<ags:creatorPersonal><![CDATA[M. Loumerem]]></ags:creatorPersonal>
		<ags:creatorPersonal><![CDATA[P. V. Damme]]></ags:creatorPersonal>
		<ags:creatorPersonal><![CDATA[M. Sgair]]></ags:creatorPersonal>
		<ags:creatorPersonal><![CDATA[D. Reheul]]></ags:creatorPersonal>
		<ags:creatorPersonal><![CDATA[T. Behaeghe]]></ags:creatorPersonal>
	</dc:creator>
	<dc:identifier scheme="dcterms:URI"><![CDATA[oai:core.kmi.open.ac.uk:25768704]]></dc:identifier>
	<dc:identifier scheme="dcterms:URI"><![CDATA[http://core.kmi.open.ac.uk/download/pdf/25768704.pdf]]></dc:identifier>
	<dc:format><dcterms:medium><![CDATA[text]]></dcterms:medium></dc:format>
</ags:resource>
<ags:resource ags:ARN="GB2015403744">
	<dc:title><![CDATA[Doha round of WTO negotiations and the domestic support for agriculture in Serbia]]></dc:title>
	<dc:creator>
		<ags:creatorPersonal><![CDATA[Popović Vesna]]></ags:creatorPersonal>
		<ags:creatorPersonal><![CDATA[Katić Branko]]></ags:creatorPersonal>
	</dc:creator>
	<dc:identifier scheme="dcterms:URI"><![CDATA[oai:core.kmi.open.ac.uk:25774653]]></dc:identifier>
	<dc:identifier scheme="dcterms:URI"><![CDATA[http://core.kmi.open.ac.uk/download/pdf/25774653.pdf]]></dc:identifier>
	<dc:format><dcterms:medium><![CDATA[text]]></dcterms:medium></dc:format>
</ags:resource>
<ags:resource ags:ARN="GB2015403745">
	<dc:title><![CDATA[Translocation of Aluminum to Grain Crops Grown in Different Agricultural Systems]]></dc:title>
	<dc:creator>
		<ags:creatorPersonal><![CDATA[Sumaira Khan]]></ags:creatorPersonal>
		<ags:creatorPersonal><![CDATA[Tasneem Gul Kazi]]></ags:creatorPersonal>
		<ags:creatorPersonal><![CDATA[Nida Fatima Kolachi]]></ags:creatorPersonal>
		<ags:creatorPersonal><![CDATA[Hassan Imran Afridi]]></ags:creatorPersonal>
		<ags:creatorPersonal><![CDATA[Jameel Ahmed Baig]]></ags:creatorPersonal>
		<ags:creatorPersonal><![CDATA[Abdul Qadir Shah]]></ags:creatorPersonal>
		<ags:creatorPersonal><![CDATA[Sham Kumar]]></ags:creatorPersonal>
		<ags:creatorPersonal><![CDATA[Faheem Shah]]></ags:creatorPersonal>
	</dc:creator>
	<dc:identifier scheme="dcterms:URI"><![CDATA[http://core.kmi.open.ac.uk/download/pdf/25764703.pdf]]></dc:identifier>
	<dc:identifier scheme="dcterms:URI"><![CDATA[oai:core.kmi.open.ac.uk:25764703]]></dc:identifier>
	<dc:format><dcterms:medium><![CDATA[text]]></dcterms:medium></dc:format>
</ags:resource>
<ags:resource ags:ARN="GB2015403746">
	<dc:title><![CDATA[An Insight of Ecosystem Capitals and Services of the Kaghan Valley: The Himalayan Region of Pakistan]]></dc:title>
	<dc:creator>
		<ags:creatorPersonal><![CDATA[Muhammad Qasim]]></ags:creatorPersonal>
		<ags:creatorPersonal><![CDATA[Muhammad Zafarullah Khan]]></ags:creatorPersonal>
		<ags:creatorPersonal><![CDATA[Alia Naz]]></ags:creatorPersonal>
		<ags:creatorPersonal><![CDATA[Salma Khalid]]></ags:creatorPersonal>
	</dc:creator>
	<dc:identifier scheme="dcterms:URI"><![CDATA[oai:core.kmi.open.ac.uk:25775086]]></dc:identifier>
	<dc:identifier scheme="dcterms:URI"><![CDATA[http://core.kmi.open.ac.uk/download/pdf/25775086.pdf]]></dc:identifier>
	<dc:format><dcterms:medium><![CDATA[text]]></dcterms:medium></dc:format>
</ags:resource>
<ags:resource ags:ARN="GB2015403747">
	<dc:title><![CDATA[ICT and Mobile Phone Use for Agricultural Knowledge Sharing by Cypriot Farmers]]></dc:title>
	<dc:creator>
		<ags:creatorPersonal><![CDATA[G. Adamides]]></ags:creatorPersonal>
		<ags:creatorPersonal><![CDATA[A. Stylianou]]></ags:creatorPersonal>
	</dc:creator>
	<dc:identifier scheme="dcterms:URI"><![CDATA[http://core.kmi.open.ac.uk/download/pdf/25783940.pdf]]></dc:identifier>
	<dc:identifier scheme="dcterms:URI"><![CDATA[oai:core.kmi.open.ac.uk:25783940]]></dc:identifier>
	<dc:format><dcterms:medium><![CDATA[text]]></dcterms:medium></dc:format>
</ags:resource>
<ags:resource ags:ARN="GB2015403748">
	<dc:title><![CDATA[MODELING, DEVELOPMENT AND DIFFUSION OF HYPERMEDIA-INTERNET APPLICATIONS FOR THE BRAZILIAN RURAL SECTOR]]></dc:title>
	<dc:creator>
		<ags:creatorPersonal><![CDATA[André Luiz Zambalde]]></ags:creatorPersonal>
		<ags:creatorPersonal><![CDATA[Miguel de Castro Neto]]></ags:creatorPersonal>
		<ags:creatorPersonal><![CDATA[Paulo Henrique de Souza Bermejo]]></ags:creatorPersonal>
		<ags:creatorPersonal><![CDATA[Ricardo Luiz Araújo Drummond]]></ags:creatorPersonal>
		<ags:creatorPersonal><![CDATA[Giselle Vanessa Benzaquen D’Assumpção]]></ags:creatorPersonal>
	</dc:creator>
	<dc:identifier scheme="dcterms:URI"><![CDATA[http://core.kmi.open.ac.uk/download/pdf/25788416.pdf]]></dc:identifier>
	<dc:identifier scheme="dcterms:URI"><![CDATA[oai:core.kmi.open.ac.uk:25788416]]></dc:identifier>
	<dc:format><dcterms:medium><![CDATA[text]]></dcterms:medium></dc:format>
</ags:resource>
<ags:resource ags:ARN="GB2015403749">
	<dc:title><![CDATA[Analysis Of Agricultural Productivity And Growth On Safta (South Asian Free Trade Agreement) And Its Imact On Economy Of Pakistan By Using CGE Model]]></dc:title>
	<dc:creator>
		<ags:creatorPersonal><![CDATA[Nazir Ahmed GOPANG]]></ags:creatorPersonal>
		<ags:creatorPersonal><![CDATA[SZABAC Dokri]]></ags:creatorPersonal>
		<ags:creatorPersonal><![CDATA[F. M. SHAIKH]]></ags:creatorPersonal>
	</dc:creator>
	<dc:identifier scheme="dcterms:URI"><![CDATA[oai:core.kmi.open.ac.uk:25783093]]></dc:identifier>
	<dc:identifier scheme="dcterms:URI"><![CDATA[http://core.kmi.open.ac.uk/download/pdf/25783093.pdf]]></dc:identifier>
	<dc:format><dcterms:medium><![CDATA[text]]></dcterms:medium></dc:format>
</ags:resource>
<ags:resource ags:ARN="GB2015403750">
	<dc:title><![CDATA[COKRIGAGEM NA DISTRIBUIÇÃO ESPACIAL DO CÁLCIO BASEADO NO pH EM UM LATOSSOLO CULTIVADO COM CAFÉ CONILON]]></dc:title>
	<dc:creator>
		<ags:creatorPersonal><![CDATA[Julião Soares de Souza LIMA]]></ags:creatorPersonal>
		<ags:creatorPersonal><![CDATA[Felipe Pianna COSTA]]></ags:creatorPersonal>
	</dc:creator>
	<dc:identifier scheme="dcterms:URI"><![CDATA[http://core.kmi.open.ac.uk/download/pdf/25793352.pdf]]></dc:identifier>
	<dc:identifier scheme="dcterms:URI"><![CDATA[oai:core.kmi.open.ac.uk:25793352]]></dc:identifier>
	<dc:format><dcterms:medium><![CDATA[text]]></dcterms:medium></dc:format>
</ags:resource>
<ags:resource ags:ARN="GB2015403751">
	<dc:title><![CDATA[Research of the European Union Market in the Field of Organic Agriculture Исследование рынка Европейского союза в области органического сельского хозяйства]]></dc:title>
	<dc:creator>
		<ags:creatorPersonal><![CDATA[Tomich Gordana R.]]></ags:creatorPersonal>
		<ags:creatorPersonal><![CDATA[Djordjevic Momchilo R.]]></ags:creatorPersonal>
	</dc:creator>
	<dc:identifier scheme="dcterms:URI"><![CDATA[http://core.kmi.open.ac.uk/download/pdf/25803800.pdf]]></dc:identifier>
	<dc:identifier scheme="dcterms:URI"><![CDATA[oai:core.kmi.open.ac.uk:25803800]]></dc:identifier>
	<dc:format><dcterms:medium><![CDATA[text]]></dcterms:medium></dc:format>
</ags:resource>
<ags:resource ags:ARN="GB2015403752">
	<dc:title><![CDATA[Priorities in Investment Decisions for Rural Development in Romania]]></dc:title>
	<dc:creator>
		<ags:creatorPersonal><![CDATA[Ana Popa]]></ags:creatorPersonal>
		<ags:creatorPersonal><![CDATA[Laura Vasilescu]]></ags:creatorPersonal>
	</dc:creator>
	<dc:identifier scheme="dcterms:URI"><![CDATA[http://core.kmi.open.ac.uk/download/pdf/25806138.pdf]]></dc:identifier>
	<dc:identifier scheme="dcterms:URI"><![CDATA[oai:core.kmi.open.ac.uk:25806138]]></dc:identifier>
	<dc:format><dcterms:medium><![CDATA[text]]></dcterms:medium></dc:format>
</ags:resource>
<ags:resource ags:ARN="GB2015403753">
	<dc:title><![CDATA[FEATURES OF A MARKETING USE IN ACTIVITIES OF A MODERN AGRICULTURAL COMPANY Особенности применения маркетинга в деятельности современных сельскохозяйственных предприятий]]></dc:title>
	<dc:creator>
		<ags:creatorPersonal><![CDATA[Kizim A. A.]]></ags:creatorPersonal>
		<ags:creatorPersonal><![CDATA[Starkova N. O.]]></ags:creatorPersonal>
	</dc:creator>
	<dc:identifier scheme="dcterms:URI"><![CDATA[http://core.kmi.open.ac.uk/download/pdf/25822030.pdf]]></dc:identifier>
	<dc:identifier scheme="dcterms:URI"><![CDATA[oai:core.kmi.open.ac.uk:25822030]]></dc:identifier>
	<dc:format><dcterms:medium><![CDATA[text]]></dcterms:medium></dc:format>
</ags:resource>
<ags:resource ags:ARN="GB2015403754">
	<dc:title><![CDATA[THE CHARACTERISTICS OF THE REPRODUCTIVE PROCESS IN AGRICULTURE OF THE STAVROPOL REGION Характеристика воспроизводственного процесса в сельском хозяйстве Ставропольского края]]></dc:title>
	<dc:creator>
		<ags:creatorPersonal><![CDATA[Chernikova L. I.]]></ags:creatorPersonal>
	</dc:creator>
	<dc:identifier scheme="dcterms:URI"><![CDATA[http://core.kmi.open.ac.uk/download/pdf/25830014.pdf]]></dc:identifier>
	<dc:identifier scheme="dcterms:URI"><![CDATA[oai:core.kmi.open.ac.uk:25830014]]></dc:identifier>
	<dc:format><dcterms:medium><![CDATA[text]]></dcterms:medium></dc:format>
</ags:resource>
<ags:resource ags:ARN="GB2015403755">
	<dc:title><![CDATA[Expropriação camponesa, agronegócio e precarização do  trabalho em Livramento de Nossa Senhora (BA)]]></dc:title>
	<dc:creator>
		<ags:creatorPersonal><![CDATA[José Aparecido Lima Dourado]]></ags:creatorPersonal>
		<ags:creatorPersonal><![CDATA[Helena Angélica de Mesquita]]></ags:creatorPersonal>
	</dc:creator>
	<dc:identifier scheme="dcterms:URI"><![CDATA[oai:core.kmi.open.ac.uk:25829212]]></dc:identifier>
	<dc:identifier scheme="dcterms:URI"><![CDATA[http://core.kmi.open.ac.uk/download/pdf/25829212.pdf]]></dc:identifier>
	<dc:format><dcterms:medium><![CDATA[text]]></dcterms:medium></dc:format>
</ags:resource>
<ags:resource ags:ARN="GB2015403756">
	<dc:title><![CDATA[SCIENTIFIC BASIS AND PROBLEMS BETWEEN INCOME, ECONOMIC GROWTH AND DEVELOPMENT]]></dc:title>
	<dc:creator>
		<ags:creatorPersonal><![CDATA[Fomina Y. V.]]></ags:creatorPersonal>
		<ags:creatorPersonal><![CDATA[Filichkina M. V.]]></ags:creatorPersonal>
	</dc:creator>
	<dc:identifier scheme="dcterms:URI"><![CDATA[http://core.kmi.open.ac.uk/download/pdf/25788833.pdf]]></dc:identifier>
	<dc:identifier scheme="dcterms:URI"><![CDATA[oai:core.kmi.open.ac.uk:25788833]]></dc:identifier>
	<dc:format><dcterms:medium><![CDATA[text]]></dcterms:medium></dc:format>
</ags:resource>
<ags:resource ags:ARN="GB2015403757">
	<dc:title><![CDATA[ORGANIC CROPS’ ECONOMIC EFFICIENCY BASED ON A CASE STUDY FROM THE CĂLĂRASI COUNTY]]></dc:title>
	<dc:creator>
		<ags:creatorPersonal><![CDATA[Aurelia-Vasilica BĂLAN]]></ags:creatorPersonal>
		<ags:creatorPersonal><![CDATA[Elena TOMA]]></ags:creatorPersonal>
	</dc:creator>
	<dc:identifier scheme="dcterms:URI"><![CDATA[http://core.kmi.open.ac.uk/download/pdf/25861782.pdf]]></dc:identifier>
	<dc:identifier scheme="dcterms:URI"><![CDATA[oai:core.kmi.open.ac.uk:25861782]]></dc:identifier>
	<dc:format><dcterms:medium><![CDATA[text]]></dcterms:medium></dc:format>
</ags:resource>
<ags:resource ags:ARN="GB2015403758">
	<dc:title><![CDATA[Organic food category research among leading food retailers in Croatia]]></dc:title>
	<dc:creator>
		<ags:creatorPersonal><![CDATA[Kristina Petljak]]></ags:creatorPersonal>
	</dc:creator>
	<dc:identifier scheme="dcterms:URI"><![CDATA[oai:core.kmi.open.ac.uk:25841459]]></dc:identifier>
	<dc:identifier scheme="dcterms:URI"><![CDATA[http://core.kmi.open.ac.uk/download/pdf/25841459.pdf]]></dc:identifier>
	<dc:format><dcterms:medium><![CDATA[text]]></dcterms:medium></dc:format>
</ags:resource>
<ags:resource ags:ARN="GB2015403759">
	<dc:title><![CDATA[MODERNIZATION AND INNOVATIVE APPROACHES IN THE MANAGEMENT OF THE AIC Модернизационные и инновационные подходы в управлении АПК]]></dc:title>
	<dc:creator>
		<ags:creatorPersonal><![CDATA[Polutina T. N.]]></ags:creatorPersonal>
	</dc:creator>
	<dc:identifier scheme="dcterms:URI"><![CDATA[http://core.kmi.open.ac.uk/download/pdf/25849846.pdf]]></dc:identifier>
	<dc:identifier scheme="dcterms:URI"><![CDATA[oai:core.kmi.open.ac.uk:25849846]]></dc:identifier>
	<dc:format><dcterms:medium><![CDATA[text]]></dcterms:medium></dc:format>
</ags:resource>
<ags:resource ags:ARN="GB2015403760">
	<dc:title><![CDATA[Análise do mercado de produtos orgânicos: estudo de caso de feira em Ponta Grossa, PR]]></dc:title>
	<dc:creator>
		<ags:creatorPersonal><![CDATA[Ricardo Smolinski]]></ags:creatorPersonal>
		<ags:creatorPersonal><![CDATA[Eziquiel Guerreiro]]></ags:creatorPersonal>
		<ags:creatorPersonal><![CDATA[Augusta Pelinski Raiher]]></ags:creatorPersonal>
	</dc:creator>
	<dc:identifier scheme="dcterms:URI"><![CDATA[oai:core.kmi.open.ac.uk:25867151]]></dc:identifier>
	<dc:identifier scheme="dcterms:URI"><![CDATA[http://core.kmi.open.ac.uk/download/pdf/25867151.pdf]]></dc:identifier>
	<dc:format><dcterms:medium><![CDATA[text]]></dcterms:medium></dc:format>
</ags:resource>
<ags:resource ags:ARN="GB2015403761">
	<dc:title><![CDATA[O desenvolvimento territorial para avaliação de políticas públicas exemplo do assentamento de uma fazenda em Tocantins (Brasil)]]></dc:title>
	<dc:creator>
		<ags:creatorPersonal><![CDATA[José Carlos de Mir]]></ags:creatorPersonal>
		<ags:creatorPersonal><![CDATA[a]]></ags:creatorPersonal>
	</dc:creator>
	<dc:identifier scheme="dcterms:URI"><![CDATA[oai:core.kmi.open.ac.uk:25873432]]></dc:identifier>
	<dc:identifier scheme="dcterms:URI"><![CDATA[http://core.kmi.open.ac.uk/download/pdf/25873432.pdf]]></dc:identifier>
	<dc:format><dcterms:medium><![CDATA[text]]></dcterms:medium></dc:format>
</ags:resource>
<ags:resource ags:ARN="GB2015403762">
	<dc:title><![CDATA[Partnership between and among the state and non-state actors in agricultural extension]]></dc:title>
	<dc:creator>
		<ags:creatorPersonal><![CDATA[Gana Pati OJHA]]></ags:creatorPersonal>
	</dc:creator>
	<dc:identifier scheme="dcterms:URI"><![CDATA[oai:core.kmi.open.ac.uk:25875440]]></dc:identifier>
	<dc:identifier scheme="dcterms:URI"><![CDATA[http://core.kmi.open.ac.uk/download/pdf/25875440.pdf]]></dc:identifier>
	<dc:format><dcterms:medium><![CDATA[text]]></dcterms:medium></dc:format>
</ags:resource>
<ags:resource ags:ARN="GB2015403763">
	<dc:title><![CDATA[PROSPECTS FOR AGRICULTURAL COOPERATIVES IN ROMANIA IN THE CONTEXT OF CAP REFORM 2014-2020]]></dc:title>
	<dc:creator>
		<ags:creatorPersonal><![CDATA[Maria Magdalena TUREK RAHOVEANU]]></ags:creatorPersonal>
		<ags:creatorPersonal><![CDATA[Adrian TUREK RAHOVEANU]]></ags:creatorPersonal>
		<ags:creatorPersonal><![CDATA[Luiza CRISTEA]]></ags:creatorPersonal>
	</dc:creator>
	<dc:identifier scheme="dcterms:URI"><![CDATA[http://core.kmi.open.ac.uk/download/pdf/25879448.pdf]]></dc:identifier>
	<dc:identifier scheme="dcterms:URI"><![CDATA[oai:core.kmi.open.ac.uk:25879448]]></dc:identifier>
	<dc:format><dcterms:medium><![CDATA[text]]></dcterms:medium></dc:format>
</ags:resource>
<ags:resource ags:ARN="GB2015403764">
	<dc:title><![CDATA[The Research on Adaptive Control Modeling of a Liquid Fertilizer Spreader]]></dc:title>
	<dc:creator>
		<ags:creatorPersonal><![CDATA[Z.D. Yang]]></ags:creatorPersonal>
	</dc:creator>
	<dc:identifier scheme="dcterms:URI"><![CDATA[oai:core.kmi.open.ac.uk:25904888]]></dc:identifier>
	<dc:identifier scheme="dcterms:URI"><![CDATA[http://core.kmi.open.ac.uk/download/pdf/25904888.pdf]]></dc:identifier>
	<dc:format><dcterms:medium><![CDATA[text]]></dcterms:medium></dc:format>
</ags:resource>
<ags:resource ags:ARN="GB2015403765">
	<dc:title><![CDATA[HEALTH RISK ASSESSMENT OF NITRATE EXPOSURE IN WELL WATER OF RESIDENTS IN INTENSIVE AGRICULTURE AREA]]></dc:title>
	<dc:creator>
		<ags:creatorPersonal><![CDATA[SOARES TERESA]]></ags:creatorPersonal>
	</dc:creator>
	<dc:identifier scheme="dcterms:URI"><![CDATA[oai:core.kmi.open.ac.uk:25892015]]></dc:identifier>
	<dc:identifier scheme="dcterms:URI"><![CDATA[http://core.kmi.open.ac.uk/download/pdf/25892015.pdf]]></dc:identifier>
	<dc:format><dcterms:medium><![CDATA[text]]></dcterms:medium></dc:format>
</ags:resource>
<ags:resource ags:ARN="GB2015403766">
	<dc:title><![CDATA[The environmental impact of colonial activity in Belize]]></dc:title>
	<dc:creator>
		<ags:creatorPersonal><![CDATA[Rita Pemberton]]></ags:creatorPersonal>
	</dc:creator>
	<dc:identifier scheme="dcterms:URI"><![CDATA[http://core.kmi.open.ac.uk/download/pdf/25916776.pdf]]></dc:identifier>
	<dc:identifier scheme="dcterms:URI"><![CDATA[oai:core.kmi.open.ac.uk:25916776]]></dc:identifier>
	<dc:format><dcterms:medium><![CDATA[text]]></dcterms:medium></dc:format>
</ags:resource>
<ags:resource ags:ARN="GB2015403767">
	<dc:title><![CDATA[SOIL DEGRADATION AND ASSESSMENT OF LAND PRETABILITY  FOR ORGANIZATION OF ORGANIC FARMING SYSTEM IN THE  REPUBLIC OF MOLDOVA]]></dc:title>
	<dc:creator>
		<ags:creatorPersonal><![CDATA[Tamara LEAH]]></ags:creatorPersonal>
	</dc:creator>
	<dc:identifier scheme="dcterms:URI"><![CDATA[oai:core.kmi.open.ac.uk:25919007]]></dc:identifier>
	<dc:identifier scheme="dcterms:URI"><![CDATA[http://core.kmi.open.ac.uk/download/pdf/25919007.pdf]]></dc:identifier>
	<dc:format><dcterms:medium><![CDATA[text]]></dcterms:medium></dc:format>
</ags:resource>
<ags:resource ags:ARN="GB2015403768">
	<dc:title><![CDATA[Diversified Farming Systems: An Agroecological, Systems-based Alternative to Modern Industrial Agriculture]]></dc:title>
	<dc:creator>
		<ags:creatorPersonal><![CDATA[Claire Kremen]]></ags:creatorPersonal>
		<ags:creatorPersonal><![CDATA[Alastair Iles]]></ags:creatorPersonal>
		<ags:creatorPersonal><![CDATA[Christopher Bacon]]></ags:creatorPersonal>
	</dc:creator>
	<dc:identifier scheme="dcterms:URI"><![CDATA[oai:core.kmi.open.ac.uk:25896225]]></dc:identifier>
	<dc:identifier scheme="dcterms:URI"><![CDATA[http://core.kmi.open.ac.uk/download/pdf/25896225.pdf]]></dc:identifier>
	<dc:format><dcterms:medium><![CDATA[text]]></dcterms:medium></dc:format>
</ags:resource>
<ags:resource ags:ARN="GB2015403769">
	<dc:title><![CDATA[TRĂSĂTURILE AGRICULTURII MICROREGIUNII TĂŞNAD]]></dc:title>
	<dc:creator>
		<ags:creatorPersonal><![CDATA[Ştefan BILAŞCO]]></ags:creatorPersonal>
		<ags:creatorPersonal><![CDATA[Viorel GLIGOR]]></ags:creatorPersonal>
		<ags:creatorPersonal><![CDATA[Nicoleta DAVID]]></ags:creatorPersonal>
		<ags:creatorPersonal><![CDATA[Sorin FILIP]]></ags:creatorPersonal>
	</dc:creator>
	<dc:identifier scheme="dcterms:URI"><![CDATA[http://core.kmi.open.ac.uk/download/pdf/25917430.pdf]]></dc:identifier>
	<dc:identifier scheme="dcterms:URI"><![CDATA[oai:core.kmi.open.ac.uk:25917430]]></dc:identifier>
	<dc:format><dcterms:medium><![CDATA[text]]></dcterms:medium></dc:format>
</ags:resource>
<ags:resource ags:ARN="GB2015403770">
	<dc:title><![CDATA[Secondary forest enrichment as a technology for  sustainable production for family agriculture]]></dc:title>
	<dc:creator>
		<ags:creatorPersonal><![CDATA[Silvio Brienza Júnior]]></ags:creatorPersonal>
	</dc:creator>
	<dc:identifier scheme="dcterms:URI"><![CDATA[oai:core.kmi.open.ac.uk:25885567]]></dc:identifier>
	<dc:identifier scheme="dcterms:URI"><![CDATA[http://core.kmi.open.ac.uk/download/pdf/25885567.pdf]]></dc:identifier>
	<dc:format><dcterms:medium><![CDATA[text]]></dcterms:medium></dc:format>
</ags:resource>
<ags:resource ags:ARN="GB2015403771">
	<dc:title><![CDATA[SPECIFIC CONDITIONS AND FORMS FOR THE DEVELOPMENT OF  THE RURAL AREA IN SOUTH MUNTENIA REGION]]></dc:title>
	<dc:creator>
		<ags:creatorPersonal><![CDATA[Elena LASCAR]]></ags:creatorPersonal>
	</dc:creator>
	<dc:identifier scheme="dcterms:URI"><![CDATA[oai:core.kmi.open.ac.uk:25925310]]></dc:identifier>
	<dc:identifier scheme="dcterms:URI"><![CDATA[http://core.kmi.open.ac.uk/download/pdf/25925310.pdf]]></dc:identifier>
	<dc:format><dcterms:medium><![CDATA[text]]></dcterms:medium></dc:format>
</ags:resource>
<ags:resource ags:ARN="GB2015403772">
	<dc:title><![CDATA[Economic and ecologic importance of the non - metalic deposits in basalt maars of Southern Slovakia]]></dc:title>
	<dc:creator>
		<ags:creatorPersonal><![CDATA[Vass Dionýz]]></ags:creatorPersonal>
	</dc:creator>
	<dc:identifier scheme="dcterms:URI"><![CDATA[oai:core.kmi.open.ac.uk:25933732]]></dc:identifier>
	<dc:identifier scheme="dcterms:URI"><![CDATA[http://core.kmi.open.ac.uk/download/pdf/25933732.pdf]]></dc:identifier>
	<dc:format><dcterms:medium><![CDATA[text]]></dcterms:medium></dc:format>
</ags:resource>
<ags:resource ags:ARN="GB2015403773">
	<dc:title><![CDATA[EFFECT OF SUBSIDIZING EXPORT OF AGRO-FOOD PRODUCTS AFTER THE ACCESSION OF POLAND TO THE EUROPEAN UNION]]></dc:title>
	<dc:creator>
		<ags:creatorPersonal><![CDATA[Daniela POPA]]></ags:creatorPersonal>
	</dc:creator>
	<dc:identifier scheme="dcterms:URI"><![CDATA[http://core.kmi.open.ac.uk/download/pdf/25927260.pdf]]></dc:identifier>
	<dc:identifier scheme="dcterms:URI"><![CDATA[oai:core.kmi.open.ac.uk:25927260]]></dc:identifier>
	<dc:format><dcterms:medium><![CDATA[text]]></dcterms:medium></dc:format>
</ags:resource>
<ags:resource ags:ARN="GB2015403774">
	<dc:title><![CDATA[CURRENT DEVELOPMENT STRATEGY OF ROMANIAN  AGRICULTURE]]></dc:title>
	<dc:creator>
		<ags:creatorPersonal><![CDATA[Cristina BALACEANU]]></ags:creatorPersonal>
	</dc:creator>
	<dc:identifier scheme="dcterms:URI"><![CDATA[http://core.kmi.open.ac.uk/download/pdf/25934660.pdf]]></dc:identifier>
	<dc:identifier scheme="dcterms:URI"><![CDATA[oai:core.kmi.open.ac.uk:25934660]]></dc:identifier>
	<dc:format><dcterms:medium><![CDATA[text]]></dcterms:medium></dc:format>
</ags:resource>
<ags:resource ags:ARN="GB2015403775">
	<dc:title><![CDATA[Agricultura sustentável e agricultura racional: quais princípios e quais práticas para a sustentabilidade do desenvolvimento rural?]]></dc:title>
	<dc:creator>
		<ags:creatorPersonal><![CDATA[Samuel Féret]]></ags:creatorPersonal>
		<ags:creatorPersonal><![CDATA[Jean-Marc Douguet]]></ags:creatorPersonal>
	</dc:creator>
	<dc:identifier scheme="dcterms:URI"><![CDATA[oai:core.kmi.open.ac.uk:25936216]]></dc:identifier>
	<dc:identifier scheme="dcterms:URI"><![CDATA[http://core.kmi.open.ac.uk/download/pdf/25936216.pdf]]></dc:identifier>
	<dc:format><dcterms:medium><![CDATA[text]]></dcterms:medium></dc:format>
</ags:resource>
<ags:resource ags:ARN="GB2015403776">
	<dc:title><![CDATA[Agricultural Insurance In Nigeria And The Economic Impact: A Review]]></dc:title>
	<dc:creator>
		<ags:creatorPersonal><![CDATA[Festus M. Epetimehin]]></ags:creatorPersonal>
	</dc:creator>
	<dc:identifier scheme="dcterms:URI"><![CDATA[oai:core.kmi.open.ac.uk:25927555]]></dc:identifier>
	<dc:identifier scheme="dcterms:URI"><![CDATA[http://core.kmi.open.ac.uk/download/pdf/25927555.pdf]]></dc:identifier>
	<dc:format><dcterms:medium><![CDATA[text]]></dcterms:medium></dc:format>
</ags:resource>
<ags:resource ags:ARN="GB2015403777">
	<dc:title><![CDATA[Dispersal of Rhagoletis cerasi in Commercial Cherry Orchards: Efficacy of Soil Covering Nets for Cherry Fruit Fly Control]]></dc:title>
	<dc:creator>
		<ags:creatorPersonal><![CDATA[Brian Baker]]></ags:creatorPersonal>
		<ags:creatorPersonal><![CDATA[Claudia Daniel]]></ags:creatorPersonal>
	</dc:creator>
	<dc:identifier scheme="dcterms:URI"><![CDATA[oai:core.kmi.open.ac.uk:25932225]]></dc:identifier>
	<dc:identifier scheme="dcterms:URI"><![CDATA[http://core.kmi.open.ac.uk/download/pdf/25932225.pdf]]></dc:identifier>
	<dc:format><dcterms:medium><![CDATA[text]]></dcterms:medium></dc:format>
</ags:resource>
<ags:resource ags:ARN="GB2015403778">
	<dc:title><![CDATA[Elementos para pensar a transição agroambiental: as lógicas da mudança técnica na agricultura familiar]]></dc:title>
	<dc:creator>
		<ags:creatorPersonal><![CDATA[Luciano de Almeida]]></ags:creatorPersonal>
	</dc:creator>
	<dc:identifier scheme="dcterms:URI"><![CDATA[http://core.kmi.open.ac.uk/download/pdf/25936436.pdf]]></dc:identifier>
	<dc:identifier scheme="dcterms:URI"><![CDATA[oai:core.kmi.open.ac.uk:25936436]]></dc:identifier>
	<dc:format><dcterms:medium><![CDATA[text]]></dcterms:medium></dc:format>
</ags:resource>
<ags:resource ags:ARN="GB2015403779">
	<dc:title><![CDATA[Numerical Modeling of Water Flow and Contaminant (Nitrates) Transport in Agriculture: Review]]></dc:title>
	<dc:creator>
		<ags:creatorPersonal><![CDATA[Vilim Filipović]]></ags:creatorPersonal>
	</dc:creator>
	<dc:identifier scheme="dcterms:URI"><![CDATA[oai:core.kmi.open.ac.uk:25948227]]></dc:identifier>
	<dc:identifier scheme="dcterms:URI"><![CDATA[http://core.kmi.open.ac.uk/download/pdf/25948227.pdf]]></dc:identifier>
	<dc:format><dcterms:medium><![CDATA[text]]></dcterms:medium></dc:format>
</ags:resource>
<ags:resource ags:ARN="GB2015403780">
	<dc:title><![CDATA[AGRICULTURAL SUBSIDIZING POLICY AND ITS EFFICIENCY: THE CASE OF MOLDOVA]]></dc:title>
	<dc:creator>
		<ags:creatorPersonal><![CDATA[Liliana CIMPOIEŞ]]></ags:creatorPersonal>
	</dc:creator>
	<dc:identifier scheme="dcterms:URI"><![CDATA[oai:core.kmi.open.ac.uk:25960708]]></dc:identifier>
	<dc:identifier scheme="dcterms:URI"><![CDATA[http://core.kmi.open.ac.uk/download/pdf/25960708.pdf]]></dc:identifier>
	<dc:format><dcterms:medium><![CDATA[text]]></dcterms:medium></dc:format>
</ags:resource>
<ags:resource ags:ARN="GB2015403781">
	<dc:title><![CDATA[Impact of Urban Land Transformation on Water Bodies in Srinagar City, India]]></dc:title>
	<dc:creator>
		<ags:creatorPersonal><![CDATA[Arshad Amin]]></ags:creatorPersonal>
		<ags:creatorPersonal><![CDATA[Shahab Fazal]]></ags:creatorPersonal>
	</dc:creator>
	<dc:identifier scheme="dcterms:URI"><![CDATA[oai:core.kmi.open.ac.uk:25939943]]></dc:identifier>
	<dc:identifier scheme="dcterms:URI"><![CDATA[http://core.kmi.open.ac.uk/download/pdf/25939943.pdf]]></dc:identifier>
	<dc:format><dcterms:medium><![CDATA[text]]></dcterms:medium></dc:format>
</ags:resource>
<ags:resource ags:ARN="GB2015403782">
	<dc:title><![CDATA[Agriculture, Environment and Sustainable Development of Rural Areas]]></dc:title>
	<dc:creator>
		<ags:creatorPersonal><![CDATA[Cristian - Marian Barbu]]></ags:creatorPersonal>
		<ags:creatorPersonal><![CDATA[Sorinel Căpuşneanu]]></ags:creatorPersonal>
	</dc:creator>
	<dc:identifier scheme="dcterms:URI"><![CDATA[http://core.kmi.open.ac.uk/download/pdf/25944897.pdf]]></dc:identifier>
	<dc:identifier scheme="dcterms:URI"><![CDATA[oai:core.kmi.open.ac.uk:25944897]]></dc:identifier>
	<dc:format><dcterms:medium><![CDATA[text]]></dcterms:medium></dc:format>
</ags:resource>
<ags:resource ags:ARN="GB2015403783">
	<dc:title><![CDATA[Changes on Foreign Trade in Agricultural Commodities in the Czech Republic]]></dc:title>
	<dc:creator>
		<ags:creatorPersonal><![CDATA[Hana SVOBODOVA]]></ags:creatorPersonal>
	</dc:creator>
	<dc:identifier scheme="dcterms:URI"><![CDATA[http://core.kmi.open.ac.uk/download/pdf/25939901.pdf]]></dc:identifier>
	<dc:identifier scheme="dcterms:URI"><![CDATA[oai:core.kmi.open.ac.uk:25939901]]></dc:identifier>
	<dc:format><dcterms:medium><![CDATA[text]]></dcterms:medium></dc:format>
</ags:resource>
<ags:resource ags:ARN="GB2015403784">
	<dc:title><![CDATA[MATHEMATICAL MODEL OF MOTION OF AN UNIVERSAL VEHICLE ACROSS THE FIELD]]></dc:title>
	<dc:creator>
		<ags:creatorPersonal><![CDATA[Yukhin I. A.]]></ags:creatorPersonal>
		<ags:creatorPersonal><![CDATA[Uspensky I. A.]]></ags:creatorPersonal>
	</dc:creator>
	<dc:identifier scheme="dcterms:URI"><![CDATA[http://core.kmi.open.ac.uk/download/pdf/25960011.pdf]]></dc:identifier>
	<dc:identifier scheme="dcterms:URI"><![CDATA[oai:core.kmi.open.ac.uk:25960011]]></dc:identifier>
	<dc:format><dcterms:medium><![CDATA[text]]></dcterms:medium></dc:format>
</ags:resource>
<ags:resource ags:ARN="GB2015403785">
	<dc:title><![CDATA[SOIL PROTECTION OF REPUBLIC MOLDOVA IN THE CONTEXT OF SUSTAINABLE DEVELOPMENT]]></dc:title>
	<dc:creator>
		<ags:creatorPersonal><![CDATA[Tamara Leah]]></ags:creatorPersonal>
	</dc:creator>
	<dc:identifier scheme="dcterms:URI"><![CDATA[http://core.kmi.open.ac.uk/download/pdf/25951799.pdf]]></dc:identifier>
	<dc:identifier scheme="dcterms:URI"><![CDATA[oai:core.kmi.open.ac.uk:25951799]]></dc:identifier>
	<dc:format><dcterms:medium><![CDATA[text]]></dcterms:medium></dc:format>
</ags:resource>
<ags:resource ags:ARN="GB2015403786">
	<dc:title><![CDATA[THE STRUCTURE OF THE FARMS IN SOUTH MUNTENIA REGION]]></dc:title>
	<dc:creator>
		<ags:creatorPersonal><![CDATA[Elena LASCĂR]]></ags:creatorPersonal>
	</dc:creator>
	<dc:identifier scheme="dcterms:URI"><![CDATA[http://core.kmi.open.ac.uk/download/pdf/25965323.pdf]]></dc:identifier>
	<dc:identifier scheme="dcterms:URI"><![CDATA[oai:core.kmi.open.ac.uk:25965323]]></dc:identifier>
	<dc:format><dcterms:medium><![CDATA[text]]></dcterms:medium></dc:format>
</ags:resource>
<ags:resource ags:ARN="GB2015403787">
	<dc:title><![CDATA[MODEL FOR IMPROVING THE FERTILISATION OF AGRICULTURAL LANDS WITH NITROGEN CASE STUDY THE BACAU COUNTY]]></dc:title>
	<dc:creator>
		<ags:creatorPersonal><![CDATA[STOICA MARICICA]]></ags:creatorPersonal>
	</dc:creator>
	<dc:identifier scheme="dcterms:URI"><![CDATA[oai:core.kmi.open.ac.uk:25971788]]></dc:identifier>
	<dc:identifier scheme="dcterms:URI"><![CDATA[http://core.kmi.open.ac.uk/download/pdf/25971788.pdf]]></dc:identifier>
	<dc:format><dcterms:medium><![CDATA[text]]></dcterms:medium></dc:format>
</ags:resource>
<ags:resource ags:ARN="GB2015403788">
	<dc:title><![CDATA[Climatic change and the socioeconomic sustainability of the paddy farmers in Malaysia]]></dc:title>
	<dc:creator>
		<ags:creatorPersonal><![CDATA[Mahmudul Alam]]></ags:creatorPersonal>
		<ags:creatorPersonal><![CDATA[Chamhuri Siwar]]></ags:creatorPersonal>
		<ags:creatorPersonal><![CDATA[Basri Talib]]></ags:creatorPersonal>
		<ags:creatorPersonal><![CDATA[Abdul Hamid Jaafar]]></ags:creatorPersonal>
	</dc:creator>
	<dc:identifier scheme="dcterms:URI"><![CDATA[http://core.kmi.open.ac.uk/download/pdf/25977006.pdf]]></dc:identifier>
	<dc:identifier scheme="dcterms:URI"><![CDATA[oai:core.kmi.open.ac.uk:25977006]]></dc:identifier>
	<dc:format><dcterms:medium><![CDATA[text]]></dcterms:medium></dc:format>
</ags:resource>
<ags:resource ags:ARN="GB2015403789">
	<dc:title><![CDATA[Farmers Perception of the Effect of Aging on Their Agricultural Activities in Ondo State, Nigeria]]></dc:title>
	<dc:creator>
		<ags:creatorPersonal><![CDATA[O.O. Fasina]]></ags:creatorPersonal>
	</dc:creator>
	<dc:identifier scheme="dcterms:URI"><![CDATA[oai:core.kmi.open.ac.uk:25992050]]></dc:identifier>
	<dc:identifier scheme="dcterms:URI"><![CDATA[http://core.kmi.open.ac.uk/download/pdf/25992050.pdf]]></dc:identifier>
	<dc:format><dcterms:medium><![CDATA[text]]></dcterms:medium></dc:format>
</ags:resource>
<ags:resource ags:ARN="GB2015403790">
	<dc:title><![CDATA[A Survey of Animal and Tractor Farming Techniques in Jigawa and Kano State, Nigeria]]></dc:title>
	<dc:creator>
		<ags:creatorPersonal><![CDATA[Mahdi Makoyo Michael C. Amonye]]></ags:creatorPersonal>
		<ags:creatorPersonal><![CDATA[Ambali A. O. Ibrahim O. Abdulmalik]]></ags:creatorPersonal>
	</dc:creator>
	<dc:identifier scheme="dcterms:URI"><![CDATA[oai:core.kmi.open.ac.uk:25995776]]></dc:identifier>
	<dc:identifier scheme="dcterms:URI"><![CDATA[http://core.kmi.open.ac.uk/download/pdf/25995776.pdf]]></dc:identifier>
	<dc:format><dcterms:medium><![CDATA[text]]></dcterms:medium></dc:format>
</ags:resource>
<ags:resource ags:ARN="GB2015403791">
	<dc:title><![CDATA[Transferência e validação de tecnologias agropecuárias a partir de instituições de pesquisa]]></dc:title>
	<dc:creator>
		<ags:creatorPersonal><![CDATA[Rogério Morcelles Dereti]]></ags:creatorPersonal>
	</dc:creator>
	<dc:identifier scheme="dcterms:URI"><![CDATA[http://core.kmi.open.ac.uk/download/pdf/25998553.pdf]]></dc:identifier>
	<dc:identifier scheme="dcterms:URI"><![CDATA[oai:core.kmi.open.ac.uk:25998553]]></dc:identifier>
	<dc:format><dcterms:medium><![CDATA[text]]></dcterms:medium></dc:format>
</ags:resource>
<ags:resource ags:ARN="GB2015403792">
	<dc:title><![CDATA[ECONOMIC MANAGEMENT LANDS AGRICULTURAL PURPOSE AND METHODS OF THE ESTIMATION TO ITS EFFICIENCY Экономическое управление землями сельскохозяйственного назначения и методика оценки его эффективности]]></dc:title>
	<dc:creator>
		<ags:creatorPersonal><![CDATA[Kozubenko I. S.]]></ags:creatorPersonal>
		<ags:creatorPersonal><![CDATA[Dudnik Y. A.]]></ags:creatorPersonal>
	</dc:creator>
	<dc:identifier scheme="dcterms:URI"><![CDATA[http://core.kmi.open.ac.uk/download/pdf/26007276.pdf]]></dc:identifier>
	<dc:identifier scheme="dcterms:URI"><![CDATA[oai:core.kmi.open.ac.uk:26007276]]></dc:identifier>
	<dc:format><dcterms:medium><![CDATA[text]]></dcterms:medium></dc:format>
</ags:resource>
<ags:resource ags:ARN="GB2015403793">
	<dc:title><![CDATA[Effects of biocides on chlorophyll contents of detached basil leaves]]></dc:title>
	<dc:creator>
		<ags:creatorPersonal><![CDATA[Titima Arunrangsi]]></ags:creatorPersonal>
		<ags:creatorPersonal><![CDATA[Siri-On Raethong]]></ags:creatorPersonal>
		<ags:creatorPersonal><![CDATA[Kriangsak Songsrirote]]></ags:creatorPersonal>
	</dc:creator>
	<dc:identifier scheme="dcterms:URI"><![CDATA[oai:core.kmi.open.ac.uk:26009187]]></dc:identifier>
	<dc:identifier scheme="dcterms:URI"><![CDATA[http://core.kmi.open.ac.uk/download/pdf/26009187.pdf]]></dc:identifier>
	<dc:format><dcterms:medium><![CDATA[text]]></dcterms:medium></dc:format>
</ags:resource>
<ags:resource ags:ARN="GB2015403794">
	<dc:title><![CDATA[THE NINTH MALAYSIAN PLAN AND AGRICULTURE EXTENSION OFFICER COMPETENCY: A COMBINATION FOR INTENSIFICATION OF PADDY INDUSTRY IN MALAYSIA]]></dc:title>
	<dc:creator>
		<ags:creatorPersonal><![CDATA[Hayrol Azril MOHAMED SHAFFRIL]]></ags:creatorPersonal>
		<ags:creatorPersonal><![CDATA[Azizan ASMUNI]]></ags:creatorPersonal>
		<ags:creatorPersonal><![CDATA[Azahari ISMAIL]]></ags:creatorPersonal>
	</dc:creator>
	<dc:identifier scheme="dcterms:URI"><![CDATA[oai:core.kmi.open.ac.uk:26015065]]></dc:identifier>
	<dc:identifier scheme="dcterms:URI"><![CDATA[http://core.kmi.open.ac.uk/download/pdf/26015065.pdf]]></dc:identifier>
	<dc:format><dcterms:medium><![CDATA[text]]></dcterms:medium></dc:format>
</ags:resource>
<ags:resource ags:ARN="GB2015403795">
	<dc:title><![CDATA[Regionalism and Its Effects on Iranian Agricultural Exports: The Case of Economic Cooperation Organization]]></dc:title>
	<dc:creator>
		<ags:creatorPersonal><![CDATA[M]]></ags:creatorPersonal>
		<ags:creatorPersonal><![CDATA[ana Toosi]]></ags:creatorPersonal>
		<ags:creatorPersonal><![CDATA[Reza Moghaddasi]]></ags:creatorPersonal>
		<ags:creatorPersonal><![CDATA[Saeed Yazdani]]></ags:creatorPersonal>
		<ags:creatorPersonal><![CDATA[Majid Ahmadian]]></ags:creatorPersonal>
	</dc:creator>
	<dc:identifier scheme="dcterms:URI"><![CDATA[http://core.kmi.open.ac.uk/download/pdf/26016372.pdf]]></dc:identifier>
	<dc:identifier scheme="dcterms:URI"><![CDATA[oai:core.kmi.open.ac.uk:26016372]]></dc:identifier>
	<dc:format><dcterms:medium><![CDATA[text]]></dcterms:medium></dc:format>
</ags:resource>
<ags:resource ags:ARN="GB2015403796">
	<dc:title><![CDATA[An optimization technique for cropping patterns and land consolidation: A case study for irrigation network]]></dc:title>
	<dc:creator>
		<ags:creatorPersonal><![CDATA[Azim Shirdeli]]></ags:creatorPersonal>
		<ags:creatorPersonal><![CDATA[Somayeh Dastvar]]></ags:creatorPersonal>
	</dc:creator>
	<dc:identifier scheme="dcterms:URI"><![CDATA[http://core.kmi.open.ac.uk/download/pdf/25975343.pdf]]></dc:identifier>
	<dc:identifier scheme="dcterms:URI"><![CDATA[oai:core.kmi.open.ac.uk:25975343]]></dc:identifier>
	<dc:format><dcterms:medium><![CDATA[text]]></dcterms:medium></dc:format>
</ags:resource>
<ags:resource ags:ARN="GB2015403797">
	<dc:title><![CDATA[Effects of fertilizer and plant density on yield and quality of anise (Pimpinella anisum L.)]]></dc:title>
	<dc:creator>
		<ags:creatorPersonal><![CDATA[Faravani Mahdi]]></ags:creatorPersonal>
		<ags:creatorPersonal><![CDATA[Salari Behjat]]></ags:creatorPersonal>
		<ags:creatorPersonal><![CDATA[Heidari Mostafa]]></ags:creatorPersonal>
		<ags:creatorPersonal><![CDATA[Kashki Mohammad Taghi]]></ags:creatorPersonal>
		<ags:creatorPersonal><![CDATA[Gholami Barat Ali]]></ags:creatorPersonal>
	</dc:creator>
	<dc:identifier scheme="dcterms:URI"><![CDATA[http://core.kmi.open.ac.uk/download/pdf/26016587.pdf]]></dc:identifier>
	<dc:identifier scheme="dcterms:URI"><![CDATA[oai:core.kmi.open.ac.uk:26016587]]></dc:identifier>
	<dc:format><dcterms:medium><![CDATA[text]]></dcterms:medium></dc:format>
</ags:resource>
<ags:resource ags:ARN="GB2015403798">
	<dc:title><![CDATA[Business Informatics and its Role in Agriculture in the Czech Republic]]></dc:title>
	<dc:creator>
		<ags:creatorPersonal><![CDATA[K. Kubata]]></ags:creatorPersonal>
		<ags:creatorPersonal><![CDATA[J. Tyrychtr]]></ags:creatorPersonal>
		<ags:creatorPersonal><![CDATA[M. Ulman]]></ags:creatorPersonal>
		<ags:creatorPersonal><![CDATA[V. Vostrovský]]></ags:creatorPersonal>
	</dc:creator>
	<dc:identifier scheme="dcterms:URI"><![CDATA[oai:core.kmi.open.ac.uk:26023058]]></dc:identifier>
	<dc:identifier scheme="dcterms:URI"><![CDATA[http://core.kmi.open.ac.uk/download/pdf/26023058.pdf]]></dc:identifier>
	<dc:format><dcterms:medium><![CDATA[text]]></dcterms:medium></dc:format>
</ags:resource>
<ags:resource ags:ARN="GB2015403799">
	<dc:title><![CDATA[Análise da sustentabilidade de 12 sistemas de produção  de leite no município de Xaxim - SC]]></dc:title>
	<dc:creator>
		<ags:creatorPersonal><![CDATA[Odimar Ozelame]]></ags:creatorPersonal>
		<ags:creatorPersonal><![CDATA[João Arm]]></ags:creatorPersonal>
		<ags:creatorPersonal><![CDATA[o Dessimon Machado]]></ags:creatorPersonal>
	</dc:creator>
	<dc:identifier scheme="dcterms:URI"><![CDATA[oai:core.kmi.open.ac.uk:26075004]]></dc:identifier>
	<dc:identifier scheme="dcterms:URI"><![CDATA[http://core.kmi.open.ac.uk/download/pdf/26075004.pdf]]></dc:identifier>
	<dc:format><dcterms:medium><![CDATA[text]]></dcterms:medium></dc:format>
</ags:resource>
</ags:resources>