<?xml version="1.0" encoding="UTF-8"?>
<!DOCTYPE ags:resources SYSTEM "http://purl.org/agmes/agrisap/dtd/">
<ags:resources xmlns:ags="http://purl.org/agmes/1.1/" xmlns:dc="http://purl.org/dc/elements/1.1/" xmlns:agls="http://www.naa.gov.au/recordkeeping/gov_online/agls/1.2" xmlns:dcterms="http://purl.org/dc/terms/">
<ags:resource ags:ARN="GB2015404400">
	<dc:title><![CDATA[Iodine and selenium in soils : British Geological Survey case studies into trace element deficiencies and human health from around the world]]></dc:title>
	<dc:creator>
		<ags:creatorPersonal><![CDATA[Qingchun Yuan]]></ags:creatorPersonal>
		<ags:creatorPersonal><![CDATA[Rouzhou Hou]]></ags:creatorPersonal>
		<ags:creatorPersonal><![CDATA[Nita Aryanti]]></ags:creatorPersonal>
		<ags:creatorPersonal><![CDATA[Richard A. Williams]]></ags:creatorPersonal>
		<ags:creatorPersonal><![CDATA[Simon Biggs]]></ags:creatorPersonal>
		<ags:creatorPersonal><![CDATA[Simon Lawson]]></ags:creatorPersonal>
		<ags:creatorPersonal><![CDATA[Helen Silgram]]></ags:creatorPersonal>
		<ags:creatorPersonal><![CDATA[Manish Sarkar]]></ags:creatorPersonal>
		<ags:creatorPersonal><![CDATA[Richard Birch]]></ags:creatorPersonal>
	</dc:creator>
	<dc:identifier scheme="dcterms:URI"><![CDATA[oai:core.kmi.open.ac.uk:9697304]]></dc:identifier>
	<dc:identifier scheme="dcterms:URI"><![CDATA[http://core.kmi.open.ac.uk/download/pdf/9697304.pdf]]></dc:identifier>
	<dc:format><dcterms:medium><![CDATA[text]]></dcterms:medium></dc:format>
</ags:resource>
<ags:resource ags:ARN="GB2015404401">
	<dc:title><![CDATA[Selenium in the agricultural soils of East Anglia, UK]]></dc:title>
	<dc:creator>
		<ags:creatorPersonal><![CDATA[Erin L. Busch]]></ags:creatorPersonal>
	</dc:creator>
	<dc:identifier scheme="dcterms:URI"><![CDATA[oai:core.kmi.open.ac.uk:9697321]]></dc:identifier>
	<dc:identifier scheme="dcterms:URI"><![CDATA[http://core.kmi.open.ac.uk/download/pdf/9697321.pdf]]></dc:identifier>
	<dc:format><dcterms:medium><![CDATA[text]]></dcterms:medium></dc:format>
</ags:resource>
<ags:resource ags:ARN="GB2015404402">
	<dc:title><![CDATA[Red rice or a red herring? : diet and goitre in Sri Lanka]]></dc:title>
	<dc:creator>
		<ags:creatorPersonal><![CDATA[Daud Ahmad Kassim]]></ags:creatorPersonal>
	</dc:creator>
	<dc:identifier scheme="dcterms:URI"><![CDATA[http://core.kmi.open.ac.uk/download/pdf/9697336.pdf]]></dc:identifier>
	<dc:identifier scheme="dcterms:URI"><![CDATA[oai:core.kmi.open.ac.uk:9697336]]></dc:identifier>
	<dc:format><dcterms:medium><![CDATA[text]]></dcterms:medium></dc:format>
</ags:resource>
<ags:resource ags:ARN="GB2015404403">
	<dc:title><![CDATA[Reducing the risks of iodine deficiency disorders]]></dc:title>
	<dc:creator>
		<ags:creatorPersonal><![CDATA[A.C. Kumoro]]></ags:creatorPersonal>
		<ags:creatorPersonal><![CDATA[G.C. Ngoh]]></ags:creatorPersonal>
		<ags:creatorPersonal><![CDATA[M. Hasan]]></ags:creatorPersonal>
		<ags:creatorPersonal><![CDATA[F.L. Chew]]></ags:creatorPersonal>
		<ags:creatorPersonal><![CDATA[M. Tham]]></ags:creatorPersonal>
	</dc:creator>
	<dc:identifier scheme="dcterms:URI"><![CDATA[oai:core.kmi.open.ac.uk:9697342]]></dc:identifier>
	<dc:identifier scheme="dcterms:URI"><![CDATA[http://core.kmi.open.ac.uk/download/pdf/9697342.pdf]]></dc:identifier>
	<dc:format><dcterms:medium><![CDATA[text]]></dcterms:medium></dc:format>
</ags:resource>
<ags:resource ags:ARN="GB2015404404">
	<dc:title><![CDATA[The invertebrate fauna of dune and machair sites in Scotland. Vol II Part (1) The Outer Hebrides site dossiers. Report to the Nature Conservancy Council.]]></dc:title>
	<dc:creator>
		<ags:creatorPersonal><![CDATA[J.P Sitompul]]></ags:creatorPersonal>
		<ags:creatorPersonal><![CDATA[I. Istadi]]></ags:creatorPersonal>
		<ags:creatorPersonal><![CDATA[I.N. Widiasa]]></ags:creatorPersonal>
	</dc:creator>
	<dc:identifier scheme="dcterms:URI"><![CDATA[oai:core.kmi.open.ac.uk:9697474]]></dc:identifier>
	<dc:identifier scheme="dcterms:URI"><![CDATA[http://core.kmi.open.ac.uk/download/pdf/9697474.pdf]]></dc:identifier>
	<dc:format><dcterms:medium><![CDATA[text]]></dcterms:medium></dc:format>
</ags:resource>
<ags:resource ags:ARN="GB2015404405">
	<dc:title><![CDATA[SLiM : an improved soil moisture balance method to simulate runoff and potential groundwater recharge processes using spatio-temporal weather and catchment characteristics]]></dc:title>
	<dc:creator>
		<ags:creatorPersonal><![CDATA[Lei Wang]]></ags:creatorPersonal>
		<ags:creatorPersonal><![CDATA[Andrew Barkwith]]></ags:creatorPersonal>
		<ags:creatorPersonal><![CDATA[Christopher Jackson]]></ags:creatorPersonal>
		<ags:creatorPersonal><![CDATA[Michael Ellis]]></ags:creatorPersonal>
	</dc:creator>
	<dc:identifier scheme="dcterms:URI"><![CDATA[http://core.kmi.open.ac.uk/download/pdf/9697542.pdf]]></dc:identifier>
	<dc:identifier scheme="dcterms:URI"><![CDATA[oai:core.kmi.open.ac.uk:9697542]]></dc:identifier>
	<dc:format><dcterms:medium><![CDATA[text]]></dcterms:medium></dc:format>
</ags:resource>
<ags:resource ags:ARN="GB2015404406">
	<dc:title><![CDATA[Geochemical atlas of European agricultural and grazing land soil (GEMAS Project)]]></dc:title>
	<dc:creator>
		<ags:creatorPersonal><![CDATA[Clemens Reimann]]></ags:creatorPersonal>
		<ags:creatorPersonal><![CDATA[Manfred Birke]]></ags:creatorPersonal>
		<ags:creatorPersonal><![CDATA[Alecos Demetriades]]></ags:creatorPersonal>
		<ags:creatorPersonal><![CDATA[Christopher C. Johnson]]></ags:creatorPersonal>
	</dc:creator>
	<dc:identifier scheme="dcterms:URI"><![CDATA[oai:core.kmi.open.ac.uk:9697543]]></dc:identifier>
	<dc:identifier scheme="dcterms:URI"><![CDATA[http://core.kmi.open.ac.uk/download/pdf/9697543.pdf]]></dc:identifier>
	<dc:format><dcterms:medium><![CDATA[text]]></dcterms:medium></dc:format>
</ags:resource>
<ags:resource ags:ARN="GB2015404407">
	<dc:title><![CDATA[The invertebrate fauna of dune and machair sites in Scotland. Vol.1 Introduction, methods and analysis of data. Report to the Nature Conservancy Council]]></dc:title>
	<dc:creator>
		<ags:creatorPersonal><![CDATA[Shunji Cui]]></ags:creatorPersonal>
		<ags:creatorPersonal><![CDATA[Ruth Kattumuri]]></ags:creatorPersonal>
	</dc:creator>
	<dc:identifier scheme="dcterms:URI"><![CDATA[oai:core.kmi.open.ac.uk:9697445]]></dc:identifier>
	<dc:identifier scheme="dcterms:URI"><![CDATA[http://core.kmi.open.ac.uk/download/pdf/9697445.pdf]]></dc:identifier>
	<dc:format><dcterms:medium><![CDATA[text]]></dcterms:medium></dc:format>
</ags:resource>
<ags:resource ags:ARN="GB2015404408">
	<dc:title><![CDATA[The rock diet]]></dc:title>
	<dc:creator>
		<ags:creatorPersonal><![CDATA[J. N. R. Jeffers]]></ags:creatorPersonal>
	</dc:creator>
	<dc:identifier scheme="dcterms:URI"><![CDATA[oai:core.kmi.open.ac.uk:9697343]]></dc:identifier>
	<dc:identifier scheme="dcterms:URI"><![CDATA[http://core.kmi.open.ac.uk/download/pdf/9697343.pdf]]></dc:identifier>
	<dc:format><dcterms:medium><![CDATA[text]]></dcterms:medium></dc:format>
</ags:resource>
<ags:resource ags:ARN="GB2015404409">
	<dc:title><![CDATA[The invertebrate fauna of dune and machair sites in Scotland. Vol II Part (2) The North Coast site dossiers. Report to the Nature Conservancy Council.]]></dc:title>
	<dc:creator>
		<ags:creatorPersonal><![CDATA[Elizabeth J. Palmer-Felgate]]></ags:creatorPersonal>
		<ags:creatorPersonal><![CDATA[Mike C. Acreman]]></ags:creatorPersonal>
		<ags:creatorPersonal><![CDATA[Jos T.A. Verhoeven]]></ags:creatorPersonal>
		<ags:creatorPersonal><![CDATA[Miklas Scholz]]></ags:creatorPersonal>
		<ags:creatorPersonal><![CDATA[Edward Maltby]]></ags:creatorPersonal>
		<ags:creatorPersonal><![CDATA[Charlie J. Stratford]]></ags:creatorPersonal>
		<ags:creatorPersonal><![CDATA[Jonathan Newman]]></ags:creatorPersonal>
		<ags:creatorPersonal><![CDATA[James Miller]]></ags:creatorPersonal>
		<ags:creatorPersonal><![CDATA[Deborah Coughlin]]></ags:creatorPersonal>
	</dc:creator>
	<dc:identifier scheme="dcterms:URI"><![CDATA[oai:core.kmi.open.ac.uk:9697794]]></dc:identifier>
	<dc:identifier scheme="dcterms:URI"><![CDATA[http://core.kmi.open.ac.uk/download/pdf/9697794.pdf]]></dc:identifier>
	<dc:format><dcterms:medium><![CDATA[text]]></dcterms:medium></dc:format>
</ags:resource>
<ags:resource ags:ARN="GB2015404410">
	<dc:title><![CDATA[The invertebrate fauna of dune and machair sites in Scotland. Vol II Part (3) The Moray Firth site dossiers. Report to the Nature Conservancy Council.]]></dc:title>
	<dc:creator>
		<ags:creatorPersonal><![CDATA[Francesco N. Tubiello]]></ags:creatorPersonal>
		<ags:creatorPersonal><![CDATA[Mirella Salvatore]]></ags:creatorPersonal>
		<ags:creatorPersonal><![CDATA[Simone Rossi]]></ags:creatorPersonal>
		<ags:creatorPersonal><![CDATA[Aless]]></ags:creatorPersonal>
		<ags:creatorPersonal><![CDATA[ro Ferrara]]></ags:creatorPersonal>
		<ags:creatorPersonal><![CDATA[Nuala Fitton]]></ags:creatorPersonal>
		<ags:creatorPersonal><![CDATA[Pete Smith]]></ags:creatorPersonal>
	</dc:creator>
	<dc:identifier scheme="dcterms:URI"><![CDATA[oai:core.kmi.open.ac.uk:9697795]]></dc:identifier>
	<dc:identifier scheme="dcterms:URI"><![CDATA[http://core.kmi.open.ac.uk/download/pdf/9697795.pdf]]></dc:identifier>
	<dc:format><dcterms:medium><![CDATA[text]]></dcterms:medium></dc:format>
</ags:resource>
<ags:resource ags:ARN="GB2015404411">
	<dc:title><![CDATA[Trees improve water storage and reduce soil evaporation in agroforestry systems on bench terraces in SW Uganda]]></dc:title>
	<dc:creator>
		<ags:creatorPersonal><![CDATA[Sujatmiko Sujatmiko]]></ags:creatorPersonal>
	</dc:creator>
	<dc:identifier scheme="dcterms:URI"><![CDATA[http://core.kmi.open.ac.uk/download/pdf/9697700.pdf]]></dc:identifier>
	<dc:identifier scheme="dcterms:URI"><![CDATA[oai:core.kmi.open.ac.uk:9697700]]></dc:identifier>
	<dc:format><dcterms:medium><![CDATA[text]]></dcterms:medium></dc:format>
</ags:resource>
<ags:resource ags:ARN="GB2015404412">
	<dc:title><![CDATA[Impacts of ozone pollution on food security in Europe]]></dc:title>
	<dc:creator>
		<ags:creatorPersonal><![CDATA[Fiona Fordyce]]></ags:creatorPersonal>
	</dc:creator>
	<dc:identifier scheme="dcterms:URI"><![CDATA[oai:core.kmi.open.ac.uk:9698253]]></dc:identifier>
	<dc:identifier scheme="dcterms:URI"><![CDATA[http://core.kmi.open.ac.uk/download/pdf/9698253.pdf]]></dc:identifier>
	<dc:format><dcterms:medium><![CDATA[text]]></dcterms:medium></dc:format>
</ags:resource>
<ags:resource ags:ARN="GB2015404413">
	<dc:title><![CDATA[The invertebrate fauna of dune and machair sites in Scotland. Vol II Part (4) The East Coast site dossiers. Report to the Nature Conservancy Council]]></dc:title>
	<dc:creator>
		<ags:creatorPersonal><![CDATA[M.G. Morris]]></ags:creatorPersonal>
		<ags:creatorPersonal><![CDATA[E.A.G. Duffey]]></ags:creatorPersonal>
		<ags:creatorPersonal><![CDATA[M.J.L. Skelton]]></ags:creatorPersonal>
		<ags:creatorPersonal><![CDATA[P.E. Jones]]></ags:creatorPersonal>
		<ags:creatorPersonal><![CDATA[J.N. Greatorex-Davies]]></ags:creatorPersonal>
		<ags:creatorPersonal><![CDATA[R.C. Welch]]></ags:creatorPersonal>
		<ags:creatorPersonal><![CDATA[R.G. Snazell]]></ags:creatorPersonal>
		<ags:creatorPersonal><![CDATA[E. Pollard]]></ags:creatorPersonal>
		<ags:creatorPersonal><![CDATA[P.T. Harding]]></ags:creatorPersonal>
		<ags:creatorPersonal><![CDATA[R.A. Plant]]></ags:creatorPersonal>
		<ags:creatorPersonal><![CDATA[M.G. Yates]]></ags:creatorPersonal>
		<ags:creatorPersonal><![CDATA[H. Brundle]]></ags:creatorPersonal>
		<ags:creatorPersonal><![CDATA[G.J. Moller]]></ags:creatorPersonal>
	</dc:creator>
	<dc:identifier scheme="dcterms:URI"><![CDATA[oai:core.kmi.open.ac.uk:9697799]]></dc:identifier>
	<dc:identifier scheme="dcterms:URI"><![CDATA[http://core.kmi.open.ac.uk/download/pdf/9697799.pdf]]></dc:identifier>
	<dc:format><dcterms:medium><![CDATA[text]]></dcterms:medium></dc:format>
</ags:resource>
<ags:resource ags:ARN="GB2015404414">
	<dc:title><![CDATA[How effective are reedbeds, ponds, restored and constructed wetlands at retaining nitrogen, phosphorus and suspended sediment from agricultural pollution in England?]]></dc:title>
	<dc:creator>
		<ags:creatorPersonal><![CDATA[S. Smart]]></ags:creatorPersonal>
		<ags:creatorPersonal><![CDATA[L.C. Maskell]]></ags:creatorPersonal>
		<ags:creatorPersonal><![CDATA[M.J. Dunbar]]></ags:creatorPersonal>
		<ags:creatorPersonal><![CDATA[B.A. Emmett]]></ags:creatorPersonal>
		<ags:creatorPersonal><![CDATA[S. Marks]]></ags:creatorPersonal>
		<ags:creatorPersonal><![CDATA[L.R. Norton]]></ags:creatorPersonal>
		<ags:creatorPersonal><![CDATA[P. Rose]]></ags:creatorPersonal>
		<ags:creatorPersonal><![CDATA[I.C. Simpson]]></ags:creatorPersonal>
	</dc:creator>
	<dc:identifier scheme="dcterms:URI"><![CDATA[http://core.kmi.open.ac.uk/download/pdf/9703217.pdf]]></dc:identifier>
	<dc:identifier scheme="dcterms:URI"><![CDATA[oai:core.kmi.open.ac.uk:9703217]]></dc:identifier>
	<dc:format><dcterms:medium><![CDATA[text]]></dcterms:medium></dc:format>
</ags:resource>
<ags:resource ags:ARN="GB2015404415">
	<dc:title><![CDATA[Carbon dioxide fluxes at an intensively cultivated temperate lowland peatland in the East Anglian Fens, UK]]></dc:title>
	<dc:creator>
		<ags:creatorPersonal><![CDATA[Nicola Atkinson]]></ags:creatorPersonal>
		<ags:creatorPersonal><![CDATA[Scott Young]]></ags:creatorPersonal>
		<ags:creatorPersonal><![CDATA[Liz Bailey]]></ags:creatorPersonal>
		<ags:creatorPersonal><![CDATA[Neil Breward]]></ags:creatorPersonal>
		<ags:creatorPersonal><![CDATA[Andy Tye]]></ags:creatorPersonal>
	</dc:creator>
	<dc:identifier scheme="dcterms:URI"><![CDATA[http://core.kmi.open.ac.uk/download/pdf/9703389.pdf]]></dc:identifier>
	<dc:identifier scheme="dcterms:URI"><![CDATA[oai:core.kmi.open.ac.uk:9703389]]></dc:identifier>
	<dc:format><dcterms:medium><![CDATA[text]]></dcterms:medium></dc:format>
</ags:resource>
<ags:resource ags:ARN="GB2015404416">
	<dc:title><![CDATA[SALTMED 2013 model application using greenhouse experiment data from Turkey]]></dc:title>
	<dc:creator>
		<ags:creatorPersonal><![CDATA[P. Rameshwaran]]></ags:creatorPersonal>
		<ags:creatorPersonal><![CDATA[A. Tepe]]></ags:creatorPersonal>
		<ags:creatorPersonal><![CDATA[A. Yazar]]></ags:creatorPersonal>
		<ags:creatorPersonal><![CDATA[R. Ragab]]></ags:creatorPersonal>
	</dc:creator>
	<dc:identifier scheme="dcterms:URI"><![CDATA[http://core.kmi.open.ac.uk/download/pdf/9703522.pdf]]></dc:identifier>
	<dc:identifier scheme="dcterms:URI"><![CDATA[oai:core.kmi.open.ac.uk:9703522]]></dc:identifier>
	<dc:format><dcterms:medium><![CDATA[text]]></dcterms:medium></dc:format>
</ags:resource>
<ags:resource ags:ARN="GB2015404417">
	<dc:title><![CDATA[Providing low-budget estimations of carbon sequestration and greenhouse gas emissions in agricultural wetlands]]></dc:title>
	<dc:creator>
		<ags:creatorPersonal><![CDATA[Ben Phalan]]></ags:creatorPersonal>
		<ags:creatorPersonal><![CDATA[Monika Bertzky]]></ags:creatorPersonal>
		<ags:creatorPersonal><![CDATA[Stuart H M Butchart]]></ags:creatorPersonal>
		<ags:creatorPersonal><![CDATA[Paul F Donald]]></ags:creatorPersonal>
		<ags:creatorPersonal><![CDATA[Jörn P W Scharlemann]]></ags:creatorPersonal>
		<ags:creatorPersonal><![CDATA[Alison J Stattersfield]]></ags:creatorPersonal>
		<ags:creatorPersonal><![CDATA[Andrew Balmford]]></ags:creatorPersonal>
	</dc:creator>
	<dc:identifier scheme="dcterms:URI"><![CDATA[http://core.kmi.open.ac.uk/download/pdf/9703264.pdf]]></dc:identifier>
	<dc:identifier scheme="dcterms:URI"><![CDATA[oai:core.kmi.open.ac.uk:9703264]]></dc:identifier>
	<dc:format><dcterms:medium><![CDATA[text]]></dcterms:medium></dc:format>
</ags:resource>
<ags:resource ags:ARN="GB2015404418">
	<dc:title><![CDATA[Can a paleosol be used as a reference material for monitoring soil aggregate stability?]]></dc:title>
	<dc:creator>
		<ags:creatorPersonal><![CDATA[Hannah E. Bowley]]></ags:creatorPersonal>
	</dc:creator>
	<dc:identifier scheme="dcterms:URI"><![CDATA[oai:core.kmi.open.ac.uk:9703689]]></dc:identifier>
	<dc:identifier scheme="dcterms:URI"><![CDATA[http://core.kmi.open.ac.uk/download/pdf/9703689.pdf]]></dc:identifier>
	<dc:format><dcterms:medium><![CDATA[text]]></dcterms:medium></dc:format>
</ags:resource>
<ags:resource ags:ARN="GB2015404419">
	<dc:title><![CDATA[Review and recommendations of methodologies to be used for botanical monitoring of agri-environment schemes in England. Final report]]></dc:title>
	<dc:creator>
		<ags:creatorPersonal><![CDATA[N. Critchley]]></ags:creatorPersonal>
		<ags:creatorPersonal><![CDATA[L. Maskell]]></ags:creatorPersonal>
		<ags:creatorPersonal><![CDATA[J. Mitchley]]></ags:creatorPersonal>
		<ags:creatorPersonal><![CDATA[H. Adamson]]></ags:creatorPersonal>
		<ags:creatorPersonal><![CDATA[F. Burch]]></ags:creatorPersonal>
		<ags:creatorPersonal><![CDATA[P. Carey]]></ags:creatorPersonal>
		<ags:creatorPersonal><![CDATA[L. Firbank]]></ags:creatorPersonal>
		<ags:creatorPersonal><![CDATA[J. Fowbert]]></ags:creatorPersonal>
		<ags:creatorPersonal><![CDATA[A. Parkin]]></ags:creatorPersonal>
		<ags:creatorPersonal><![CDATA[S. Smart]]></ags:creatorPersonal>
		<ags:creatorPersonal><![CDATA[T. Sparks]]></ags:creatorPersonal>
	</dc:creator>
	<dc:identifier scheme="dcterms:URI"><![CDATA[oai:core.kmi.open.ac.uk:9703233]]></dc:identifier>
	<dc:identifier scheme="dcterms:URI"><![CDATA[http://core.kmi.open.ac.uk/download/pdf/9703233.pdf]]></dc:identifier>
	<dc:format><dcterms:medium><![CDATA[text]]></dcterms:medium></dc:format>
</ags:resource>
<ags:resource ags:ARN="GB2015404420">
	<dc:title><![CDATA['Moments of Change' as opportunities for influencing behaviour]]></dc:title>
	<dc:creator>
		<ags:creatorPersonal><![CDATA[Jonathan Evans]]></ags:creatorPersonal>
		<ags:creatorPersonal><![CDATA[Dave McNeil]]></ags:creatorPersonal>
		<ags:creatorPersonal><![CDATA[John Bradford]]></ags:creatorPersonal>
		<ags:creatorPersonal><![CDATA[Jon Eastment]]></ags:creatorPersonal>
		<ags:creatorPersonal><![CDATA[Richard Harding]]></ags:creatorPersonal>
	</dc:creator>
	<dc:identifier scheme="dcterms:URI"><![CDATA[http://core.kmi.open.ac.uk/download/pdf/9717890.pdf]]></dc:identifier>
	<dc:identifier scheme="dcterms:URI"><![CDATA[oai:core.kmi.open.ac.uk:9717890]]></dc:identifier>
	<dc:format><dcterms:medium><![CDATA[text]]></dcterms:medium></dc:format>
</ags:resource>
<ags:resource ags:ARN="GB2015404421">
	<dc:title><![CDATA[Towards Bayesian uncertainty quantification for forestry models used in the UK GHG inventory for LULUCF]]></dc:title>
	<dc:creator>
		<ags:creatorPersonal><![CDATA[T.H. Misselbrook]]></ags:creatorPersonal>
		<ags:creatorPersonal><![CDATA[D.R. Chadwick]]></ags:creatorPersonal>
		<ags:creatorPersonal><![CDATA[S.L. Gilhespy]]></ags:creatorPersonal>
		<ags:creatorPersonal><![CDATA[B.J. Chambers]]></ags:creatorPersonal>
		<ags:creatorPersonal><![CDATA[K.A. Smith]]></ags:creatorPersonal>
		<ags:creatorPersonal><![CDATA[J. Williams]]></ags:creatorPersonal>
		<ags:creatorPersonal><![CDATA[U. Dragosits]]></ags:creatorPersonal>
	</dc:creator>
	<dc:identifier scheme="dcterms:URI"><![CDATA[http://core.kmi.open.ac.uk/download/pdf/97629.pdf]]></dc:identifier>
	<dc:identifier scheme="dcterms:URI"><![CDATA[oai:core.kmi.open.ac.uk:97629]]></dc:identifier>
	<dc:format><dcterms:medium><![CDATA[text]]></dcterms:medium></dc:format>
</ags:resource>
<ags:resource ags:ARN="GB2015404422">
	<dc:title><![CDATA[MASQ: Monitoring And Assessing Soil Quality in Great Britain. Survey Model 6: Soils and Pollution]]></dc:title>
	<dc:creator>
		<ags:creatorPersonal><![CDATA[H. I. J. Black]]></ags:creatorPersonal>
		<ags:creatorPersonal><![CDATA[J. S. Garnett]]></ags:creatorPersonal>
		<ags:creatorPersonal><![CDATA[G. Ainsworth]]></ags:creatorPersonal>
		<ags:creatorPersonal><![CDATA[P. A. Coward]]></ags:creatorPersonal>
		<ags:creatorPersonal><![CDATA[R. Creamer]]></ags:creatorPersonal>
		<ags:creatorPersonal><![CDATA[S. Ellwood]]></ags:creatorPersonal>
		<ags:creatorPersonal><![CDATA[J. Horne]]></ags:creatorPersonal>
		<ags:creatorPersonal><![CDATA[M. Hornung]]></ags:creatorPersonal>
		<ags:creatorPersonal><![CDATA[V. H. Kennedy]]></ags:creatorPersonal>
		<ags:creatorPersonal><![CDATA[F. Monson]]></ags:creatorPersonal>
		<ags:creatorPersonal><![CDATA[L. Raine]]></ags:creatorPersonal>
		<ags:creatorPersonal><![CDATA[D. Osborn]]></ags:creatorPersonal>
		<ags:creatorPersonal><![CDATA[N. R. Parekh]]></ags:creatorPersonal>
		<ags:creatorPersonal><![CDATA[J. Parrington]]></ags:creatorPersonal>
		<ags:creatorPersonal><![CDATA[J. Poskitt]]></ags:creatorPersonal>
		<ags:creatorPersonal><![CDATA[E. Potter]]></ags:creatorPersonal>
		<ags:creatorPersonal><![CDATA[N. Reeves]]></ags:creatorPersonal>
		<ags:creatorPersonal><![CDATA[A. P. Rowl]]></ags:creatorPersonal>
		<ags:creatorPersonal><![CDATA[P. Self]]></ags:creatorPersonal>
		<ags:creatorPersonal><![CDATA[S. Turner]]></ags:creatorPersonal>
		<ags:creatorPersonal><![CDATA[J. Watkins]]></ags:creatorPersonal>
		<ags:creatorPersonal><![CDATA[C. Woods]]></ags:creatorPersonal>
		<ags:creatorPersonal><![CDATA[J. Wright]]></ags:creatorPersonal>
	</dc:creator>
	<dc:identifier scheme="dcterms:URI"><![CDATA[oai:core.kmi.open.ac.uk:97663]]></dc:identifier>
	<dc:identifier scheme="dcterms:URI"><![CDATA[http://core.kmi.open.ac.uk/download/pdf/97663.pdf]]></dc:identifier>
	<dc:format><dcterms:medium><![CDATA[text]]></dcterms:medium></dc:format>
</ags:resource>
<ags:resource ags:ARN="GB2015404423">
	<dc:title><![CDATA[Sampling at Drigg sand dunes]]></dc:title>
	<dc:creator>
		<ags:creatorPersonal><![CDATA[N. A. Beresford]]></ags:creatorPersonal>
		<ags:creatorPersonal><![CDATA[M. D. Wood]]></ags:creatorPersonal>
		<ags:creatorPersonal><![CDATA[M. Bescoby]]></ags:creatorPersonal>
		<ags:creatorPersonal><![CDATA[J. C. Caborn]]></ags:creatorPersonal>
		<ags:creatorPersonal><![CDATA[C. L. Barnett]]></ags:creatorPersonal>
	</dc:creator>
	<dc:identifier scheme="dcterms:URI"><![CDATA[http://core.kmi.open.ac.uk/download/pdf/97632.pdf]]></dc:identifier>
	<dc:identifier scheme="dcterms:URI"><![CDATA[oai:core.kmi.open.ac.uk:97632]]></dc:identifier>
	<dc:format><dcterms:medium><![CDATA[text]]></dcterms:medium></dc:format>
</ags:resource>
<ags:resource ags:ARN="GB2015404424">
	<dc:title><![CDATA[Biogeographical zones in Scotland]]></dc:title>
	<dc:creator>
		<ags:creatorPersonal><![CDATA[I. Istadi]]></ags:creatorPersonal>
		<ags:creatorPersonal><![CDATA[N.A. Saidina Amin]]></ags:creatorPersonal>
	</dc:creator>
	<dc:identifier scheme="dcterms:URI"><![CDATA[oai:core.kmi.open.ac.uk:97691]]></dc:identifier>
	<dc:identifier scheme="dcterms:URI"><![CDATA[http://core.kmi.open.ac.uk/download/pdf/97691.pdf]]></dc:identifier>
	<dc:format><dcterms:medium><![CDATA[text]]></dcterms:medium></dc:format>
</ags:resource>
<ags:resource ags:ARN="GB2015404425">
	<dc:title><![CDATA[Our nutrient world: the challenge to produce more food and energy with less pollution]]></dc:title>
	<dc:creator>
		<ags:creatorPersonal><![CDATA[M.A. Sutton]]></ags:creatorPersonal>
		<ags:creatorPersonal><![CDATA[A. Bleeker]]></ags:creatorPersonal>
		<ags:creatorPersonal><![CDATA[C.M. Howard]]></ags:creatorPersonal>
		<ags:creatorPersonal><![CDATA[M. Bekunda]]></ags:creatorPersonal>
		<ags:creatorPersonal><![CDATA[B. Grizzetti]]></ags:creatorPersonal>
		<ags:creatorPersonal><![CDATA[W. de Vries]]></ags:creatorPersonal>
		<ags:creatorPersonal><![CDATA[H.J.M. van Grinsven]]></ags:creatorPersonal>
		<ags:creatorPersonal><![CDATA[Y.P. Abrol]]></ags:creatorPersonal>
		<ags:creatorPersonal><![CDATA[T.K. Adhya]]></ags:creatorPersonal>
		<ags:creatorPersonal><![CDATA[G. Billen]]></ags:creatorPersonal>
		<ags:creatorPersonal><![CDATA[E.A. Davidson]]></ags:creatorPersonal>
		<ags:creatorPersonal><![CDATA[A. Datta]]></ags:creatorPersonal>
		<ags:creatorPersonal><![CDATA[R. Diaz]]></ags:creatorPersonal>
		<ags:creatorPersonal><![CDATA[J.W. Erisman]]></ags:creatorPersonal>
		<ags:creatorPersonal><![CDATA[X.J. Liu]]></ags:creatorPersonal>
		<ags:creatorPersonal><![CDATA[O. Oenema]]></ags:creatorPersonal>
		<ags:creatorPersonal><![CDATA[C. Palm]]></ags:creatorPersonal>
		<ags:creatorPersonal><![CDATA[N. Raghuram]]></ags:creatorPersonal>
		<ags:creatorPersonal><![CDATA[S. Reis]]></ags:creatorPersonal>
		<ags:creatorPersonal><![CDATA[R.W. Scholz]]></ags:creatorPersonal>
		<ags:creatorPersonal><![CDATA[T. Sims]]></ags:creatorPersonal>
		<ags:creatorPersonal><![CDATA[H. Westhoek]]></ags:creatorPersonal>
		<ags:creatorPersonal><![CDATA[F.S. Zhang]]></ags:creatorPersonal>
	</dc:creator>
	<dc:identifier scheme="dcterms:URI"><![CDATA[oai:core.kmi.open.ac.uk:9703645]]></dc:identifier>
	<dc:identifier scheme="dcterms:URI"><![CDATA[http://core.kmi.open.ac.uk/download/pdf/9703645.pdf]]></dc:identifier>
	<dc:format><dcterms:medium><![CDATA[text]]></dcterms:medium></dc:format>
</ags:resource>
<ags:resource ags:ARN="GB2015404426">
	<dc:title><![CDATA[Comparison of Measurements of Ozone Dry Deposition to Crops and Grassland with the Dry Deposition Model Results]]></dc:title>
	<dc:creator>
		<ags:creatorPersonal><![CDATA[Mhairi Coyle]]></ags:creatorPersonal>
		<ags:creatorPersonal><![CDATA[David Fowler]]></ags:creatorPersonal>
		<ags:creatorPersonal><![CDATA[Ken Hargreaves]]></ags:creatorPersonal>
		<ags:creatorPersonal><![CDATA[Eiko Nemitz]]></ags:creatorPersonal>
		<ags:creatorPersonal><![CDATA[Robert Storeton-West]]></ags:creatorPersonal>
	</dc:creator>
	<dc:identifier scheme="dcterms:URI"><![CDATA[http://core.kmi.open.ac.uk/download/pdf/97733.pdf]]></dc:identifier>
	<dc:identifier scheme="dcterms:URI"><![CDATA[oai:core.kmi.open.ac.uk:97733]]></dc:identifier>
	<dc:format><dcterms:medium><![CDATA[text]]></dcterms:medium></dc:format>
</ags:resource>
<ags:resource ags:ARN="GB2015404427">
	<dc:title><![CDATA[SQID: Prioritising biological indicators of soil quality for deployment in a national-scale soil monitoring scheme. Summary report]]></dc:title>
	<dc:creator>
		<ags:creatorPersonal><![CDATA[John Whalley]]></ags:creatorPersonal>
	</dc:creator>
	<dc:identifier scheme="dcterms:URI"><![CDATA[http://core.kmi.open.ac.uk/download/pdf/97731.pdf]]></dc:identifier>
	<dc:identifier scheme="dcterms:URI"><![CDATA[oai:core.kmi.open.ac.uk:97731]]></dc:identifier>
	<dc:format><dcterms:medium><![CDATA[text]]></dcterms:medium></dc:format>
</ags:resource>
<ags:resource ags:ARN="GB2015404428">
	<dc:title><![CDATA[Critical loads mapping at the UK Critical Loads Mapping Centre - data requirements and preservation]]></dc:title>
	<dc:creator>
		<ags:creatorPersonal><![CDATA[K. Ingleby]]></ags:creatorPersonal>
		<ags:creatorPersonal><![CDATA[R.C. Munro]]></ags:creatorPersonal>
		<ags:creatorPersonal><![CDATA[J. Wilson]]></ags:creatorPersonal>
		<ags:creatorPersonal><![CDATA[A.L. Decorde]]></ags:creatorPersonal>
		<ags:creatorPersonal><![CDATA[D. Sidibe]]></ags:creatorPersonal>
		<ags:creatorPersonal><![CDATA[H. Yossi]]></ags:creatorPersonal>
		<ags:creatorPersonal><![CDATA[K. Traore]]></ags:creatorPersonal>
		<ags:creatorPersonal><![CDATA[B. Diassana]]></ags:creatorPersonal>
		<ags:creatorPersonal><![CDATA[B. Kone]]></ags:creatorPersonal>
		<ags:creatorPersonal><![CDATA[I.I. Yattara]]></ags:creatorPersonal>
		<ags:creatorPersonal><![CDATA[D. Cisse]]></ags:creatorPersonal>
		<ags:creatorPersonal><![CDATA[M. Lahbib]]></ags:creatorPersonal>
		<ags:creatorPersonal><![CDATA[F. Kante]]></ags:creatorPersonal>
		<ags:creatorPersonal><![CDATA[M.S. Maiga]]></ags:creatorPersonal>
		<ags:creatorPersonal><![CDATA[M.A.G. Akly]]></ags:creatorPersonal>
		<ags:creatorPersonal><![CDATA[H. Bathily]]></ags:creatorPersonal>
		<ags:creatorPersonal><![CDATA[M.A. Kamate]]></ags:creatorPersonal>
		<ags:creatorPersonal><![CDATA[Y. Cisse]]></ags:creatorPersonal>
		<ags:creatorPersonal><![CDATA[E.A.G. Hamaty]]></ags:creatorPersonal>
		<ags:creatorPersonal><![CDATA[M. Di]]></ags:creatorPersonal>
		<ags:creatorPersonal><![CDATA[K. Sanon]]></ags:creatorPersonal>
		<ags:creatorPersonal><![CDATA[J. Bayala]]></ags:creatorPersonal>
		<ags:creatorPersonal><![CDATA[S. Atta]]></ags:creatorPersonal>
		<ags:creatorPersonal><![CDATA[Z.M. Alzouma]]></ags:creatorPersonal>
		<ags:creatorPersonal><![CDATA[G. Ibro]]></ags:creatorPersonal>
		<ags:creatorPersonal><![CDATA[M.D. Ibrahim]]></ags:creatorPersonal>
		<ags:creatorPersonal><![CDATA[M.S. Laouali]]></ags:creatorPersonal>
		<ags:creatorPersonal><![CDATA[M. Saadou]]></ags:creatorPersonal>
		<ags:creatorPersonal><![CDATA[T. Krasova-Wade]]></ags:creatorPersonal>
		<ags:creatorPersonal><![CDATA[M. Neyra]]></ags:creatorPersonal>
		<ags:creatorPersonal><![CDATA[D. Lesueur]]></ags:creatorPersonal>
		<ags:creatorPersonal><![CDATA[F. Bouroulet]]></ags:creatorPersonal>
		<ags:creatorPersonal><![CDATA[M. Cadillon]]></ags:creatorPersonal>
	</dc:creator>
	<dc:identifier scheme="dcterms:URI"><![CDATA[oai:core.kmi.open.ac.uk:97665]]></dc:identifier>
	<dc:identifier scheme="dcterms:URI"><![CDATA[http://core.kmi.open.ac.uk/download/pdf/97665.pdf]]></dc:identifier>
	<dc:format><dcterms:medium><![CDATA[text]]></dcterms:medium></dc:format>
</ags:resource>
<ags:resource ags:ARN="GB2015404429">
	<dc:title><![CDATA[Soils - the last frontier]]></dc:title>
	<dc:creator>
		<ags:creatorPersonal><![CDATA[K. L. Bocock]]></ags:creatorPersonal>
		<ags:creatorPersonal><![CDATA[J. K. Adamson]]></ags:creatorPersonal>
	</dc:creator>
	<dc:identifier scheme="dcterms:URI"><![CDATA[oai:core.kmi.open.ac.uk:97838]]></dc:identifier>
	<dc:identifier scheme="dcterms:URI"><![CDATA[http://core.kmi.open.ac.uk/download/pdf/97838.pdf]]></dc:identifier>
	<dc:format><dcterms:medium><![CDATA[text]]></dcterms:medium></dc:format>
</ags:resource>
<ags:resource ags:ARN="GB2015404430">
	<dc:title><![CDATA[UK emissions by sources and removals by sinks due to land use, land use change and forestry activities. Report, June 2005]]></dc:title>
	<dc:creator>
		<ags:creatorPersonal><![CDATA[R. Milne]]></ags:creatorPersonal>
		<ags:creatorPersonal><![CDATA[D. C. Mobbs]]></ags:creatorPersonal>
		<ags:creatorPersonal><![CDATA[A. M. Thomson]]></ags:creatorPersonal>
		<ags:creatorPersonal><![CDATA[U. Skiba]]></ags:creatorPersonal>
		<ags:creatorPersonal><![CDATA[R. W. Matthews]]></ags:creatorPersonal>
		<ags:creatorPersonal><![CDATA[M. S. J. Broadmeadow]]></ags:creatorPersonal>
		<ags:creatorPersonal><![CDATA[E. Mackie]]></ags:creatorPersonal>
		<ags:creatorPersonal><![CDATA[M. Wilkinson]]></ags:creatorPersonal>
		<ags:creatorPersonal><![CDATA[S. Benham]]></ags:creatorPersonal>
		<ags:creatorPersonal><![CDATA[K. Harris]]></ags:creatorPersonal>
		<ags:creatorPersonal><![CDATA[J. Grace]]></ags:creatorPersonal>
		<ags:creatorPersonal><![CDATA[K. Coleman]]></ags:creatorPersonal>
		<ags:creatorPersonal><![CDATA[A. P. Whitmore]]></ags:creatorPersonal>
		<ags:creatorPersonal><![CDATA[C. Zhang]]></ags:creatorPersonal>
		<ags:creatorPersonal><![CDATA[M. Sozanska-Stanton]]></ags:creatorPersonal>
		<ags:creatorPersonal><![CDATA[P. Smith]]></ags:creatorPersonal>
		<ags:creatorPersonal><![CDATA[P. E. Levy]]></ags:creatorPersonal>
		<ags:creatorPersonal><![CDATA[N. Ostle]]></ags:creatorPersonal>
		<ags:creatorPersonal><![CDATA[T. D. Murray]]></ags:creatorPersonal>
		<ags:creatorPersonal><![CDATA[M. Van Oijen]]></ags:creatorPersonal>
		<ags:creatorPersonal><![CDATA[T. A. W. Brown]]></ags:creatorPersonal>
	</dc:creator>
	<dc:date><dcterms:dateIssued><![CDATA[June 2005]]></dcterms:dateIssued></dc:date>
	<dc:identifier scheme="dcterms:URI"><![CDATA[oai:core.kmi.open.ac.uk:97744]]></dc:identifier>
	<dc:identifier scheme="dcterms:URI"><![CDATA[http://core.kmi.open.ac.uk/download/pdf/97744.pdf]]></dc:identifier>
	<dc:format><dcterms:medium><![CDATA[text]]></dcterms:medium></dc:format>
</ags:resource>
<ags:resource ags:ARN="GB2015404431">
	<dc:title><![CDATA[Intermediary organisations for knowledge exchange: a comparative study of the agricultural biotechnology sector in the Netherlands and the UK]]></dc:title>
	<dc:creator>
		<ags:creatorPersonal><![CDATA[FERRIDA FERRIDA]]></ags:creatorPersonal>
	</dc:creator>
	<dc:identifier scheme="dcterms:URI"><![CDATA[oai:core.kmi.open.ac.uk:9836657]]></dc:identifier>
	<dc:identifier scheme="dcterms:URI"><![CDATA[http://core.kmi.open.ac.uk/download/pdf/9836657.pdf]]></dc:identifier>
	<dc:format><dcterms:medium><![CDATA[text]]></dcterms:medium></dc:format>
</ags:resource>
<ags:resource ags:ARN="GB2015404432">
	<dc:title><![CDATA[Sustainable use of water in baby leaf cropping system]]></dc:title>
	<dc:creator>
		<ags:creatorPersonal><![CDATA[Hazel Smith]]></ags:creatorPersonal>
		<ags:creatorPersonal><![CDATA[Maria Truco]]></ags:creatorPersonal>
		<ags:creatorPersonal><![CDATA[Richard Michelmore]]></ags:creatorPersonal>
		<ags:creatorPersonal><![CDATA[Graham Clarkson]]></ags:creatorPersonal>
		<ags:creatorPersonal><![CDATA[Gail Taylor]]></ags:creatorPersonal>
	</dc:creator>
	<dc:identifier scheme="dcterms:URI"><![CDATA[oai:core.kmi.open.ac.uk:9821]]></dc:identifier>
	<dc:identifier scheme="dcterms:URI"><![CDATA[http://core.kmi.open.ac.uk/download/pdf/9821.pdf]]></dc:identifier>
	<dc:format><dcterms:medium><![CDATA[text]]></dcterms:medium></dc:format>
</ags:resource>
<ags:resource ags:ARN="GB2015404433">
	<dc:title><![CDATA[Impacts of organic and conventional crop management on diversity and activity of free-living nitrogen fixing bacteria and total bacteria are subsidiary to temporal effects]]></dc:title>
	<dc:creator>
		<ags:creatorPersonal><![CDATA[Caroline Orr]]></ags:creatorPersonal>
		<ags:creatorPersonal><![CDATA[Julia Cooper]]></ags:creatorPersonal>
		<ags:creatorPersonal><![CDATA[Carlo Leifert]]></ags:creatorPersonal>
		<ags:creatorPersonal><![CDATA[Stephen Cummings]]></ags:creatorPersonal>
	</dc:creator>
	<dc:identifier scheme="dcterms:URI"><![CDATA[oai:core.kmi.open.ac.uk:9990686]]></dc:identifier>
	<dc:identifier scheme="dcterms:URI"><![CDATA[http://core.kmi.open.ac.uk/download/pdf/9990686.pdf]]></dc:identifier>
	<dc:format><dcterms:medium><![CDATA[text]]></dcterms:medium></dc:format>
</ags:resource>
<ags:resource ags:ARN="GB2015404434">
	<dc:title><![CDATA[Quantifying the effect of microbial diversity and plant roots on soil structural development]]></dc:title>
	<dc:creator>
		<ags:creatorPersonal><![CDATA[Sarah L. Martin]]></ags:creatorPersonal>
	</dc:creator>
	<dc:identifier scheme="dcterms:URI"><![CDATA[oai:core.kmi.open.ac.uk:99266]]></dc:identifier>
	<dc:identifier scheme="dcterms:URI"><![CDATA[http://core.kmi.open.ac.uk/download/pdf/99266.pdf]]></dc:identifier>
	<dc:format><dcterms:medium><![CDATA[text]]></dcterms:medium></dc:format>
</ags:resource>
</ags:resources>