<?xml version="1.0" encoding="UTF-8"?>
<!DOCTYPE ags:resources SYSTEM "http://purl.org/agmes/agrisap/dtd/">
<ags:resources xmlns:ags="http://purl.org/agmes/1.1/" xmlns:dc="http://purl.org/dc/elements/1.1/" xmlns:agls="http://www.naa.gov.au/recordkeeping/gov_online/agls/1.2" xmlns:dcterms="http://purl.org/dc/terms/">
<ags:resource ags:ARN="GB2015400600">
	<dc:title><![CDATA[ANALISIS KEUNTUNGAN USAHATANI TEMBAKAU RAKYAT DAN EFISIENSI EKONOMI RELATIF MENURUT SKALA LUAS LAHAN GARAPAN (Studi Kasus di Kecamatan Gemuh Kabupaten Kendal)]]></dc:title>
	<dc:creator>
		<ags:creatorPersonal><![CDATA[Sigit Larsito]]></ags:creatorPersonal>
	</dc:creator>
	<dc:identifier scheme="dcterms:URI"><![CDATA[oai:core.kmi.open.ac.uk:11710097]]></dc:identifier>
	<dc:identifier scheme="dcterms:URI"><![CDATA[http://core.kmi.open.ac.uk/download/pdf/11710097.pdf]]></dc:identifier>
	<dc:format><dcterms:medium><![CDATA[text]]></dcterms:medium></dc:format>
</ags:resource>
<ags:resource ags:ARN="GB2015400601">
	<dc:title><![CDATA[Pengaruh Aras Pemberian Tetes dan Lama Pemeraman yang Berbeda Terhadap Protein Kasar dan Serat Kasar Silase Hijauan Sorgum (Effect Of Different Level Of Molasses And Time Of Periode Fermentation On Crude Protein And Crude Fiber Of Sorgum Green Forage As Silage)]]></dc:title>
	<dc:creator>
		<ags:creatorPersonal><![CDATA[Sri Sumarsih]]></ags:creatorPersonal>
		<ags:creatorPersonal><![CDATA[Bambang Waluyo]]></ags:creatorPersonal>
	</dc:creator>
	<dc:identifier scheme="dcterms:URI"><![CDATA[http://core.kmi.open.ac.uk/download/pdf/11708458.pdf]]></dc:identifier>
	<dc:identifier scheme="dcterms:URI"><![CDATA[oai:core.kmi.open.ac.uk:11708458]]></dc:identifier>
	<dc:format><dcterms:medium><![CDATA[text]]></dcterms:medium></dc:format>
</ags:resource>
<ags:resource ags:ARN="GB2015400602">
	<dc:title><![CDATA[EFISIENSI EKONOMI RELATIF DAN ANALISIS PENDAPATAN USAHA TANI TEMBAKAU BERDASARKAN SISTEM PENGUASAAN LAHAN SAWAH DI KABUPATEN TEMANGGUNG]]></dc:title>
	<dc:creator>
		<ags:creatorPersonal><![CDATA[Dewi Kusuma Wardani]]></ags:creatorPersonal>
	</dc:creator>
	<dc:identifier scheme="dcterms:URI"><![CDATA[oai:core.kmi.open.ac.uk:11710317]]></dc:identifier>
	<dc:identifier scheme="dcterms:URI"><![CDATA[http://core.kmi.open.ac.uk/download/pdf/11710317.pdf]]></dc:identifier>
	<dc:format><dcterms:medium><![CDATA[text]]></dcterms:medium></dc:format>
</ags:resource>
<ags:resource ags:ARN="GB2015400603">
	<dc:title><![CDATA[OPTIMASI PENGGUNAAN SUMBERDAYA PERTANIAN PADA LAHAN SAWAH BERIRIGASI TEKNIS DENGAN BERBAGAI POLA TANAM DI KABUPATEN DEMAK (Studi Kasus di Kecamatan Gajah Kabupaten Demak)]]></dc:title>
	<dc:creator>
		<ags:creatorPersonal><![CDATA[Fins Ulya Hidayati]]></ags:creatorPersonal>
	</dc:creator>
	<dc:identifier scheme="dcterms:URI"><![CDATA[oai:core.kmi.open.ac.uk:11710318]]></dc:identifier>
	<dc:identifier scheme="dcterms:URI"><![CDATA[http://core.kmi.open.ac.uk/download/pdf/11710318.pdf]]></dc:identifier>
	<dc:format><dcterms:medium><![CDATA[text]]></dcterms:medium></dc:format>
</ags:resource>
<ags:resource ags:ARN="GB2015400604">
	<dc:title><![CDATA[PENGEMBANGAN TERNAK KAMBING DENGAN SISTEM KANDANG PANGGUNG DI LAHAN KERING]]></dc:title>
	<dc:creator>
		<ags:creatorPersonal><![CDATA[A R  Setyawan]]></ags:creatorPersonal>
		<ags:creatorPersonal><![CDATA[E Rianto]]></ags:creatorPersonal>
		<ags:creatorPersonal><![CDATA[Sunarso Sunarso]]></ags:creatorPersonal>
		<ags:creatorPersonal><![CDATA[K Setyaningsih]]></ags:creatorPersonal>
		<ags:creatorPersonal><![CDATA[G Mahesti]]></ags:creatorPersonal>
	</dc:creator>
	<dc:identifier scheme="dcterms:URI"><![CDATA[http://core.kmi.open.ac.uk/download/pdf/11710896.pdf]]></dc:identifier>
	<dc:identifier scheme="dcterms:URI"><![CDATA[oai:core.kmi.open.ac.uk:11710896]]></dc:identifier>
	<dc:format><dcterms:medium><![CDATA[text]]></dcterms:medium></dc:format>
</ags:resource>
<ags:resource ags:ARN="GB2015400605">
	<dc:title><![CDATA[Evaluasi Ketersediaan Protein Pupa Ulat Sutera yang Dihidrolisis Menggunakan Enzim Papain sebagai Bahan Pakan Ayam Broiler (Evaluation of Silkworm Pupae Protein Avaibility Hydrolized with Papain Enzyme as Broiler Feedstuff)]]></dc:title>
	<dc:creator>
		<ags:creatorPersonal><![CDATA[ANDANG ANDIANI LISTYOWATI]]></ags:creatorPersonal>
	</dc:creator>
	<dc:identifier scheme="dcterms:URI"><![CDATA[http://core.kmi.open.ac.uk/download/pdf/11713307.pdf]]></dc:identifier>
	<dc:identifier scheme="dcterms:URI"><![CDATA[oai:core.kmi.open.ac.uk:11713307]]></dc:identifier>
	<dc:format><dcterms:medium><![CDATA[text]]></dcterms:medium></dc:format>
</ags:resource>
<ags:resource ags:ARN="GB2015400606">
	<dc:title><![CDATA[EVALUASI  MORFOLOGI,  ANATOMI,  FISIOLOGI DAN SITOLOGI TANAMAN RUMPUT PAKAN YANG MENDAPAT PERLAKUAN KOLKISIN]]></dc:title>
	<dc:creator>
		<ags:creatorPersonal><![CDATA[SRI SUHARNI]]></ags:creatorPersonal>
	</dc:creator>
	<dc:identifier scheme="dcterms:URI"><![CDATA[oai:core.kmi.open.ac.uk:11713171]]></dc:identifier>
	<dc:identifier scheme="dcterms:URI"><![CDATA[http://core.kmi.open.ac.uk/download/pdf/11713171.pdf]]></dc:identifier>
	<dc:format><dcterms:medium><![CDATA[text]]></dcterms:medium></dc:format>
</ags:resource>
<ags:resource ags:ARN="GB2015400607">
	<dc:title><![CDATA[Tampilan Konsumsi Pakan, Total VFA, NH3 Rumen dan Kandungan Protein Susu Sapi FIT yang Diberi Tepung Daun Katu (Souropus androgynes Men) (Feed intake, total of VFA, Antonia (N-Amonia) and Milk Protein content Performance on Dairy Fresian Holstein Were given powder of Souropus androgynus Men (Katu))]]></dc:title>
	<dc:creator>
		<ags:creatorPersonal><![CDATA[SUCIPTO SUCIPTO]]></ags:creatorPersonal>
	</dc:creator>
	<dc:identifier scheme="dcterms:URI"><![CDATA[oai:core.kmi.open.ac.uk:11713129]]></dc:identifier>
	<dc:identifier scheme="dcterms:URI"><![CDATA[http://core.kmi.open.ac.uk/download/pdf/11713129.pdf]]></dc:identifier>
	<dc:format><dcterms:medium><![CDATA[text]]></dcterms:medium></dc:format>
</ags:resource>
<ags:resource ags:ARN="GB2015400608">
	<dc:title><![CDATA[Penampilan Produksi Domba Lokal Jantan yang Diberi Produk Fermentasi Jerami Padi dengan Ragi Isi Rumen  (Production Performance ofLocal Sheer: Male their Feed with Formentated Rice Straw by Using of Rumen Content)]]></dc:title>
	<dc:creator>
		<ags:creatorPersonal><![CDATA[Nur Wardayanto]]></ags:creatorPersonal>
	</dc:creator>
	<dc:identifier scheme="dcterms:URI"><![CDATA[oai:core.kmi.open.ac.uk:11713310]]></dc:identifier>
	<dc:identifier scheme="dcterms:URI"><![CDATA[http://core.kmi.open.ac.uk/download/pdf/11713310.pdf]]></dc:identifier>
	<dc:format><dcterms:medium><![CDATA[text]]></dcterms:medium></dc:format>
</ags:resource>
<ags:resource ags:ARN="GB2015400609">
	<dc:title><![CDATA[Utilitas Ampas Teh yang Difermentasi dengan A. niger di dalam Rumen (Utility of Tea Waste Fermented with A. niger in the Rumen)]]></dc:title>
	<dc:creator>
		<ags:creatorPersonal><![CDATA[Eka Prasetianingtias Nurcahyani]]></ags:creatorPersonal>
	</dc:creator>
	<dc:identifier scheme="dcterms:URI"><![CDATA[oai:core.kmi.open.ac.uk:11714818]]></dc:identifier>
	<dc:identifier scheme="dcterms:URI"><![CDATA[http://core.kmi.open.ac.uk/download/pdf/11714818.pdf]]></dc:identifier>
	<dc:format><dcterms:medium><![CDATA[text]]></dcterms:medium></dc:format>
</ags:resource>
<ags:resource ags:ARN="GB2015400610">
	<dc:title><![CDATA[Pengaruh Penggunaan Berbagai Macam Bahan Litter Untuk Pemeliharaan Ayam Broiler Terhadap Performans dan Kaitannya Dengan Status Darah dan Kondisi Litter (The Effect of Various Litter Materials on Broiler Performance and its Relation to Blood Status and Litter Condition )]]></dc:title>
	<dc:creator>
		<ags:creatorPersonal><![CDATA[Yudha Prasetyawan PRASETYAWAN]]></ags:creatorPersonal>
		<ags:creatorPersonal><![CDATA[Nugroho SBM NUGROHO SBM]]></ags:creatorPersonal>
	</dc:creator>
	<dc:identifier scheme="dcterms:URI"><![CDATA[oai:core.kmi.open.ac.uk:11713308]]></dc:identifier>
	<dc:identifier scheme="dcterms:URI"><![CDATA[http://core.kmi.open.ac.uk/download/pdf/11713308.pdf]]></dc:identifier>
	<dc:format><dcterms:medium><![CDATA[text]]></dcterms:medium></dc:format>
</ags:resource>
<ags:resource ags:ARN="GB2015400611">
	<dc:title><![CDATA[Respon Fisiologis dan Tingkah Laku Ayam Broiler Periode Starter Akibat Cekaman Temneratur dan Awal Pemberian Pakan Yang Berbeda (Physiological and Behavior Response of Broiler Chick at Starter Period Due Temperature Stress and Different Initial Feeding)]]></dc:title>
	<dc:creator>
		<ags:creatorPersonal><![CDATA[Salmaliza Salleh]]></ags:creatorPersonal>
		<ags:creatorPersonal><![CDATA[Nurul Huda Suliman]]></ags:creatorPersonal>
		<ags:creatorPersonal><![CDATA[Azmi Ibrahim]]></ags:creatorPersonal>
	</dc:creator>
	<dc:identifier scheme="dcterms:URI"><![CDATA[http://core.kmi.open.ac.uk/download/pdf/11713312.pdf]]></dc:identifier>
	<dc:identifier scheme="dcterms:URI"><![CDATA[oai:core.kmi.open.ac.uk:11713312]]></dc:identifier>
	<dc:format><dcterms:medium><![CDATA[text]]></dcterms:medium></dc:format>
</ags:resource>
<ags:resource ags:ARN="GB2015400612">
	<dc:title><![CDATA[Tampilan Produksi Susu dan Fisiologis TOM) akibat Perbedaan Tinggi Tempat dan Bulan Laktasi pada Sapi Perth Friesian Holstein]]></dc:title>
	<dc:creator>
		<ags:creatorPersonal><![CDATA[Habibah Habibah]]></ags:creatorPersonal>
	</dc:creator>
	<dc:identifier scheme="dcterms:URI"><![CDATA[oai:core.kmi.open.ac.uk:11713314]]></dc:identifier>
	<dc:identifier scheme="dcterms:URI"><![CDATA[http://core.kmi.open.ac.uk/download/pdf/11713314.pdf]]></dc:identifier>
	<dc:format><dcterms:medium><![CDATA[text]]></dcterms:medium></dc:format>
</ags:resource>
<ags:resource ags:ARN="GB2015400613">
	<dc:title><![CDATA[Produksi dan Kecernaan Rumput Unggul Hasil Poliploidasi Akibat Pemupukan Fosfor Pada Kondisi Tercekam Aluminium (The Effect of Phosphorous Fertilizer on the Production Levels and Digestibility of Aluminium-Stressed Polyploidated Grasses)]]></dc:title>
	<dc:creator>
		<ags:creatorPersonal><![CDATA[S. K. Cook]]></ags:creatorPersonal>
		<ags:creatorPersonal><![CDATA[Rosemary Collier]]></ags:creatorPersonal>
		<ags:creatorPersonal><![CDATA[James (James H.) Clarke]]></ags:creatorPersonal>
		<ags:creatorPersonal><![CDATA[Robert Lillywhite]]></ags:creatorPersonal>
	</dc:creator>
	<dc:identifier scheme="dcterms:URI"><![CDATA[http://core.kmi.open.ac.uk/download/pdf/11714820.pdf]]></dc:identifier>
	<dc:identifier scheme="dcterms:URI"><![CDATA[oai:core.kmi.open.ac.uk:11714820]]></dc:identifier>
	<dc:format><dcterms:medium><![CDATA[text]]></dcterms:medium></dc:format>
</ags:resource>
<ags:resource ags:ARN="GB2015400614">
	<dc:title><![CDATA[Utillity of Tea Waste Fermented with A. niger in the Rumen]]></dc:title>
	<dc:creator>
		<ags:creatorPersonal><![CDATA[Eka Prasetyaningtyas Nurcahyani]]></ags:creatorPersonal>
	</dc:creator>
	<dc:identifier scheme="dcterms:URI"><![CDATA[oai:core.kmi.open.ac.uk:11715011]]></dc:identifier>
	<dc:identifier scheme="dcterms:URI"><![CDATA[http://core.kmi.open.ac.uk/download/pdf/11715011.pdf]]></dc:identifier>
	<dc:format><dcterms:medium><![CDATA[text]]></dcterms:medium></dc:format>
</ags:resource>
<ags:resource ags:ARN="GB2015400615">
	<dc:title><![CDATA[The Effect of Phosphorous Fertilizer on the Production Levels and Digestibility of  Alumunium-Stressed Polyploidated Grasses]]></dc:title>
	<dc:creator>
		<ags:creatorPersonal><![CDATA[Damaryanto Widharto]]></ags:creatorPersonal>
	</dc:creator>
	<dc:identifier scheme="dcterms:URI"><![CDATA[http://core.kmi.open.ac.uk/download/pdf/11715015.pdf]]></dc:identifier>
	<dc:identifier scheme="dcterms:URI"><![CDATA[oai:core.kmi.open.ac.uk:11715015]]></dc:identifier>
	<dc:format><dcterms:medium><![CDATA[text]]></dcterms:medium></dc:format>
</ags:resource>
<ags:resource ags:ARN="GB2015400616">
	<dc:title><![CDATA[The Effect of Sperm Number Per Insemination Dose to Frozen Semen Quality and Fertility Performance on Ettawah Grade Goat]]></dc:title>
	<dc:creator>
		<ags:creatorPersonal><![CDATA[Daud Samsudewa]]></ags:creatorPersonal>
	</dc:creator>
	<dc:identifier scheme="dcterms:URI"><![CDATA[oai:core.kmi.open.ac.uk:11715010]]></dc:identifier>
	<dc:identifier scheme="dcterms:URI"><![CDATA[http://core.kmi.open.ac.uk/download/pdf/11715010.pdf]]></dc:identifier>
	<dc:format><dcterms:medium><![CDATA[text]]></dcterms:medium></dc:format>
</ags:resource>
<ags:resource ags:ARN="GB2015400617">
	<dc:title><![CDATA[PERAN SERTA PEMBUDIDAYA TAMBAK DALAM PERBAIKAN JARINGAN IRIGASI TAMBAK DI KABUPATEN PATI]]></dc:title>
	<dc:creator>
		<ags:creatorPersonal><![CDATA[RACHMAT ABUBAKAR]]></ags:creatorPersonal>
	</dc:creator>
	<dc:identifier scheme="dcterms:URI"><![CDATA[oai:core.kmi.open.ac.uk:11715160]]></dc:identifier>
	<dc:identifier scheme="dcterms:URI"><![CDATA[http://core.kmi.open.ac.uk/download/pdf/11715160.pdf]]></dc:identifier>
	<dc:format><dcterms:medium><![CDATA[text]]></dcterms:medium></dc:format>
</ags:resource>
<ags:resource ags:ARN="GB2015400618">
	<dc:title><![CDATA[Determinant Factor of Dairy Cattle Farm Development Potency in Semarang Residence]]></dc:title>
	<dc:creator>
		<ags:creatorPersonal><![CDATA[Farida Sulma]]></ags:creatorPersonal>
	</dc:creator>
	<dc:identifier scheme="dcterms:URI"><![CDATA[http://core.kmi.open.ac.uk/download/pdf/11715013.pdf]]></dc:identifier>
	<dc:identifier scheme="dcterms:URI"><![CDATA[oai:core.kmi.open.ac.uk:11715013]]></dc:identifier>
	<dc:format><dcterms:medium><![CDATA[text]]></dcterms:medium></dc:format>
</ags:resource>
<ags:resource ags:ARN="GB2015400619">
	<dc:title><![CDATA[Performance of Indigenous Sheep Fed on Diet Consisting of alcohol industrial Sludge as Concentrate Components]]></dc:title>
	<dc:creator>
		<ags:creatorPersonal><![CDATA[Y.B. Pramono]]></ags:creatorPersonal>
		<ags:creatorPersonal><![CDATA[E.S Rahayu]]></ags:creatorPersonal>
		<ags:creatorPersonal><![CDATA[Suparmo Suparmo]]></ags:creatorPersonal>
		<ags:creatorPersonal><![CDATA[T Utami]]></ags:creatorPersonal>
	</dc:creator>
	<dc:identifier scheme="dcterms:URI"><![CDATA[oai:core.kmi.open.ac.uk:11715008]]></dc:identifier>
	<dc:identifier scheme="dcterms:URI"><![CDATA[http://core.kmi.open.ac.uk/download/pdf/11715008.pdf]]></dc:identifier>
	<dc:format><dcterms:medium><![CDATA[text]]></dcterms:medium></dc:format>
</ags:resource>
<ags:resource ags:ARN="GB2015400620">
	<dc:title><![CDATA[The used of Saccharomyces cereviceae as an Antibiotic Alternative on the Nutrient Utilization and Broiler Performance]]></dc:title>
	<dc:creator>
		<ags:creatorPersonal><![CDATA[M Mulyono]]></ags:creatorPersonal>
	</dc:creator>
	<dc:identifier scheme="dcterms:URI"><![CDATA[oai:core.kmi.open.ac.uk:11715264]]></dc:identifier>
	<dc:identifier scheme="dcterms:URI"><![CDATA[http://core.kmi.open.ac.uk/download/pdf/11715264.pdf]]></dc:identifier>
	<dc:format><dcterms:medium><![CDATA[text]]></dcterms:medium></dc:format>
</ags:resource>
<ags:resource ags:ARN="GB2015400621">
	<dc:title><![CDATA[Tampilan Konsumsi Serat Kasar Pakan, Total VFA Rumen, Glukosa Darah, Laktosa dan Kandungan Air dalam Susu Akibat Suplementasi Sauropus androgynus (L) Merr (Katu) pada Ransum Sapi Perah (The Consumption Appearance of Crude Fiber, Total VFA Rumen, Blood Glucose, Lactose and Water Content in Milk due to Suplementation of Sauropus androgynus (L) Merr (katu) in Rations of Dairy Cow)]]></dc:title>
	<dc:creator>
		<ags:creatorPersonal><![CDATA[Cupita Asri Wul]]></ags:creatorPersonal>
		<ags:creatorPersonal><![CDATA[ari]]></ags:creatorPersonal>
	</dc:creator>
	<dc:identifier scheme="dcterms:URI"><![CDATA[http://core.kmi.open.ac.uk/download/pdf/11715201.pdf]]></dc:identifier>
	<dc:identifier scheme="dcterms:URI"><![CDATA[oai:core.kmi.open.ac.uk:11715201]]></dc:identifier>
	<dc:format><dcterms:medium><![CDATA[text]]></dcterms:medium></dc:format>
</ags:resource>
<ags:resource ags:ARN="GB2015400622">
	<dc:title><![CDATA[Feed Intake Total of VFA Amonia (N-Amonia) and Milk Protein Content Performance on Dairy Frisien Holsten Were Given Powder of Souropus androgynus Merr (katu) in]]></dc:title>
	<dc:creator>
		<ags:creatorPersonal><![CDATA[S Sucipto]]></ags:creatorPersonal>
	</dc:creator>
	<dc:identifier scheme="dcterms:URI"><![CDATA[http://core.kmi.open.ac.uk/download/pdf/11715270.pdf]]></dc:identifier>
	<dc:identifier scheme="dcterms:URI"><![CDATA[oai:core.kmi.open.ac.uk:11715270]]></dc:identifier>
	<dc:format><dcterms:medium><![CDATA[text]]></dcterms:medium></dc:format>
</ags:resource>
<ags:resource ags:ARN="GB2015400623">
	<dc:title><![CDATA[Quality of The Timor Deer Frozen Semen Use Tris Diluter with Various Carbohydrate]]></dc:title>
	<dc:creator>
		<ags:creatorPersonal><![CDATA[Natarina Sukaningsih]]></ags:creatorPersonal>
	</dc:creator>
	<dc:identifier scheme="dcterms:URI"><![CDATA[http://core.kmi.open.ac.uk/download/pdf/11715268.pdf]]></dc:identifier>
	<dc:identifier scheme="dcterms:URI"><![CDATA[oai:core.kmi.open.ac.uk:11715268]]></dc:identifier>
	<dc:format><dcterms:medium><![CDATA[text]]></dcterms:medium></dc:format>
</ags:resource>
<ags:resource ags:ARN="GB2015400624">
	<dc:title><![CDATA[The effect of Using Semen Diluter to Egg Fertility and Hatchability on Artificial Insemination to Produce Bekisar chicken (Crossbreed) Mentor]]></dc:title>
	<dc:creator>
		<ags:creatorPersonal><![CDATA[Harum Sitepu]]></ags:creatorPersonal>
	</dc:creator>
	<dc:identifier scheme="dcterms:URI"><![CDATA[oai:core.kmi.open.ac.uk:11715272]]></dc:identifier>
	<dc:identifier scheme="dcterms:URI"><![CDATA[http://core.kmi.open.ac.uk/download/pdf/11715272.pdf]]></dc:identifier>
	<dc:format><dcterms:medium><![CDATA[text]]></dcterms:medium></dc:format>
</ags:resource>
<ags:resource ags:ARN="GB2015400625">
	<dc:title><![CDATA[The Effect of Potential Human Resourcs Farmers on the Beef Cattle Development at Blora Regency, Central Java]]></dc:title>
	<dc:creator>
		<ags:creatorPersonal><![CDATA[Wasis Sarjono]]></ags:creatorPersonal>
	</dc:creator>
	<dc:identifier scheme="dcterms:URI"><![CDATA[http://core.kmi.open.ac.uk/download/pdf/11715277.pdf]]></dc:identifier>
	<dc:identifier scheme="dcterms:URI"><![CDATA[oai:core.kmi.open.ac.uk:11715277]]></dc:identifier>
	<dc:format><dcterms:medium><![CDATA[text]]></dcterms:medium></dc:format>
</ags:resource>
<ags:resource ags:ARN="GB2015400626">
	<dc:title><![CDATA[Pengaruh Penggunaan Tepung Roti Afkir Sebagai Pengganti Jagung dalam Ransum terhadap Performans Ayam Broiler Jantan (The Effect of the Use of Unsold Bread as Corn Substitution in the Diet on Male Broiler’s Performance)]]></dc:title>
	<dc:creator>
		<ags:creatorPersonal><![CDATA[Rizki Salaamun]]></ags:creatorPersonal>
	</dc:creator>
	<dc:identifier scheme="dcterms:URI"><![CDATA[oai:core.kmi.open.ac.uk:11715482]]></dc:identifier>
	<dc:identifier scheme="dcterms:URI"><![CDATA[http://core.kmi.open.ac.uk/download/pdf/11715482.pdf]]></dc:identifier>
	<dc:format><dcterms:medium><![CDATA[text]]></dcterms:medium></dc:format>
</ags:resource>
<ags:resource ags:ARN="GB2015400627">
	<dc:title><![CDATA[ANALISIS EFISIENSI EKONOMIS PENGGUNAAN FAKTOR-FAKTOR PRODUKSI PADA ANGGOTA KELOMPOK TANI TERNAK SAPI PERAH DI KECAMATAN CEPOGO KABUPATEN BOYOLALI]]></dc:title>
	<dc:creator>
		<ags:creatorPersonal><![CDATA[AHMAD BUDI SANTOSO]]></ags:creatorPersonal>
	</dc:creator>
	<dc:identifier scheme="dcterms:URI"><![CDATA[http://core.kmi.open.ac.uk/download/pdf/11715565.pdf]]></dc:identifier>
	<dc:identifier scheme="dcterms:URI"><![CDATA[oai:core.kmi.open.ac.uk:11715565]]></dc:identifier>
	<dc:format><dcterms:medium><![CDATA[text]]></dcterms:medium></dc:format>
</ags:resource>
<ags:resource ags:ARN="GB2015400628">
	<dc:title><![CDATA[KARAKTERISTIK FISIK DAGING KARKAS PADA DOMBA YANG MENDAPAT PAKAN KOMPLIT DENGAN KOMPOSISI BAHAN PAKAN YANG BERBE]]></dc:title>
	<dc:creator>
		<ags:creatorPersonal><![CDATA[RIFQI PAHLEVIE]]></ags:creatorPersonal>
	</dc:creator>
	<dc:identifier scheme="dcterms:URI"><![CDATA[http://core.kmi.open.ac.uk/download/pdf/11715608.pdf]]></dc:identifier>
	<dc:identifier scheme="dcterms:URI"><![CDATA[oai:core.kmi.open.ac.uk:11715608]]></dc:identifier>
	<dc:format><dcterms:medium><![CDATA[text]]></dcterms:medium></dc:format>
</ags:resource>
<ags:resource ags:ARN="GB2015400629">
	<dc:title><![CDATA[Pengaruh Penggunaan Tepung Daun Sambiloto dalam Ransum terhadap Bobot badan Akhir, persentase lemak abdominal dan Persentase lemak Karkas Ayam Broiler Jantan (The Effect of Sambiloto (Androgaphis paniculata Nees) in the Diet on Body Weight, Carcass Weight, Abdominal Fat and Carcass Percentage of Male Broiler Chicken)]]></dc:title>
	<dc:creator>
		<ags:creatorPersonal><![CDATA[M. Islam]]></ags:creatorPersonal>
		<ags:creatorPersonal><![CDATA[Osamu Enishi]]></ags:creatorPersonal>
		<ags:creatorPersonal><![CDATA[Agung Purnomoadi]]></ags:creatorPersonal>
		<ags:creatorPersonal><![CDATA[Kouji Higuchi]]></ags:creatorPersonal>
		<ags:creatorPersonal><![CDATA[N Takusari]]></ags:creatorPersonal>
		<ags:creatorPersonal><![CDATA[Fuminori Terada]]></ags:creatorPersonal>
	</dc:creator>
	<dc:identifier scheme="dcterms:URI"><![CDATA[http://core.kmi.open.ac.uk/download/pdf/11715567.pdf]]></dc:identifier>
	<dc:identifier scheme="dcterms:URI"><![CDATA[oai:core.kmi.open.ac.uk:11715567]]></dc:identifier>
	<dc:format><dcterms:medium><![CDATA[text]]></dcterms:medium></dc:format>
</ags:resource>
<ags:resource ags:ARN="GB2015400630">
	<dc:title><![CDATA[Studies of Near Infrared Spectroscopy for P!'edicting Forage Quality of Tropical Grasses]]></dc:title>
	<dc:creator>
		<ags:creatorPersonal><![CDATA[Suprih Ariana Fatmawati]]></ags:creatorPersonal>
	</dc:creator>
	<dc:identifier scheme="dcterms:URI"><![CDATA[http://core.kmi.open.ac.uk/download/pdf/11715636.pdf]]></dc:identifier>
	<dc:identifier scheme="dcterms:URI"><![CDATA[oai:core.kmi.open.ac.uk:11715636]]></dc:identifier>
	<dc:format><dcterms:medium><![CDATA[text]]></dcterms:medium></dc:format>
</ags:resource>
<ags:resource ags:ARN="GB2015400631">
	<dc:title><![CDATA[BEBERAPA KARAKTERISTIK FISIKO-KIMIA NIKUMI KUDA DAN SAPI PADA BEBERAPA FREKUENSI PENCUCIAN (LEACHING) [The Effect of Leaching Frequency on Physical and Chemical Characteristics of Horse and Beef Nikumi]]]></dc:title>
	<dc:creator>
		<ags:creatorPersonal><![CDATA[O Mega]]></ags:creatorPersonal>
	</dc:creator>
	<dc:identifier scheme="dcterms:URI"><![CDATA[http://core.kmi.open.ac.uk/download/pdf/11715646.pdf]]></dc:identifier>
	<dc:identifier scheme="dcterms:URI"><![CDATA[oai:core.kmi.open.ac.uk:11715646]]></dc:identifier>
	<dc:format><dcterms:medium><![CDATA[text]]></dcterms:medium></dc:format>
</ags:resource>
<ags:resource ags:ARN="GB2015400632">
	<dc:title><![CDATA[PENGARUH PENAMBAHAN ZEOLIT DALAM RANSUM TERHADAP KUALITAS TELUR BURUNG PUYUH [The Effect of Zeolit Addition in the Ration on Egg Quality of Quail (Coturnix coturnix japonica)]]]></dc:title>
	<dc:creator>
		<ags:creatorPersonal><![CDATA[G Sihombing]]></ags:creatorPersonal>
		<ags:creatorPersonal><![CDATA[Avivah Avivah]]></ags:creatorPersonal>
		<ags:creatorPersonal><![CDATA[S Prastowo]]></ags:creatorPersonal>
	</dc:creator>
	<dc:identifier scheme="dcterms:URI"><![CDATA[http://core.kmi.open.ac.uk/download/pdf/11715648.pdf]]></dc:identifier>
	<dc:identifier scheme="dcterms:URI"><![CDATA[oai:core.kmi.open.ac.uk:11715648]]></dc:identifier>
	<dc:format><dcterms:medium><![CDATA[text]]></dcterms:medium></dc:format>
</ags:resource>
<ags:resource ags:ARN="GB2015400633">
	<dc:title><![CDATA[PENGARUH SUMBER ENERGI DAN ASAM LEMAK RANSUM TERHADAP PERLEMAKAN TUBUH ITIK JANTAN DI DAERAH TROPIK [The Influence of Dietary Energy Sources and Fatty Acid Types on Body Fats of Male Ducks in a Tropical Area]]]></dc:title>
	<dc:creator>
		<ags:creatorPersonal><![CDATA[M Sobri]]></ags:creatorPersonal>
		<ags:creatorPersonal><![CDATA[Supadmo Supadmo]]></ags:creatorPersonal>
		<ags:creatorPersonal><![CDATA[Ali Wibowo]]></ags:creatorPersonal>
	</dc:creator>
	<dc:identifier scheme="dcterms:URI"><![CDATA[oai:core.kmi.open.ac.uk:11715655]]></dc:identifier>
	<dc:identifier scheme="dcterms:URI"><![CDATA[http://core.kmi.open.ac.uk/download/pdf/11715655.pdf]]></dc:identifier>
	<dc:format><dcterms:medium><![CDATA[text]]></dcterms:medium></dc:format>
</ags:resource>
<ags:resource ags:ARN="GB2015400634">
	<dc:title><![CDATA[The Relationship of MspI Growth Hormone Gene Polymorphism and Body Weight and Body Measurements of West Sumatera Pesisir Cattle]]></dc:title>
	<dc:creator>
		<ags:creatorPersonal><![CDATA[Ariyanto Nugroho]]></ags:creatorPersonal>
	</dc:creator>
	<dc:identifier scheme="dcterms:URI"><![CDATA[http://core.kmi.open.ac.uk/download/pdf/11715566.pdf]]></dc:identifier>
	<dc:identifier scheme="dcterms:URI"><![CDATA[oai:core.kmi.open.ac.uk:11715566]]></dc:identifier>
	<dc:format><dcterms:medium><![CDATA[text]]></dcterms:medium></dc:format>
</ags:resource>
<ags:resource ags:ARN="GB2015400635">
	<dc:title><![CDATA[PRODUKSI PANAS DAN RETENSI ENERGI PADA KERBAU PACUAN YANG MENDAPATKAN LAMA LATIHAN BERBEDA [Heat Production and Energy Retention of Racing Buffaloes Subjected to Different Length of Exercise]]]></dc:title>
	<dc:creator>
		<ags:creatorPersonal><![CDATA[I.K Sumadi]]></ags:creatorPersonal>
	</dc:creator>
	<dc:identifier scheme="dcterms:URI"><![CDATA[http://core.kmi.open.ac.uk/download/pdf/11715657.pdf]]></dc:identifier>
	<dc:identifier scheme="dcterms:URI"><![CDATA[oai:core.kmi.open.ac.uk:11715657]]></dc:identifier>
	<dc:format><dcterms:medium><![CDATA[text]]></dcterms:medium></dc:format>
</ags:resource>
<ags:resource ags:ARN="GB2015400636">
	<dc:title><![CDATA[PENGARUH PENAMBAHAN ZEOLIT DALAM RANSUM TERHADAP KUALITAS TELUR AYAM RAS FASE PRODUKSI DUA [The Effect of Zeolite Addition in a Layer Ration on Egg Quality in the Second Phase of Production]]]></dc:title>
	<dc:creator>
		<ags:creatorPersonal><![CDATA[T Kurtini]]></ags:creatorPersonal>
	</dc:creator>
	<dc:identifier scheme="dcterms:URI"><![CDATA[oai:core.kmi.open.ac.uk:11715659]]></dc:identifier>
	<dc:identifier scheme="dcterms:URI"><![CDATA[http://core.kmi.open.ac.uk/download/pdf/11715659.pdf]]></dc:identifier>
	<dc:format><dcterms:medium><![CDATA[text]]></dcterms:medium></dc:format>
</ags:resource>
<ags:resource ags:ARN="GB2015400637">
	<dc:title><![CDATA[KRIOPRESERVASI SPERMATOZOA EPIDIDIMIS DOMBA MENGGUNAKAN PENGENCER BERBASIS LESITIN [Cryopreservation of Ram Epididymal Spermatozoa Using Lecithin-Based Extender]]]></dc:title>
	<dc:creator>
		<ags:creatorPersonal><![CDATA[M Surachman]]></ags:creatorPersonal>
		<ags:creatorPersonal><![CDATA[Herdis Herdis]]></ags:creatorPersonal>
		<ags:creatorPersonal><![CDATA[M.A. Setiadi]]></ags:creatorPersonal>
		<ags:creatorPersonal><![CDATA[M. Rizal]]></ags:creatorPersonal>
	</dc:creator>
	<dc:identifier scheme="dcterms:URI"><![CDATA[http://core.kmi.open.ac.uk/download/pdf/11715660.pdf]]></dc:identifier>
	<dc:identifier scheme="dcterms:URI"><![CDATA[oai:core.kmi.open.ac.uk:11715660]]></dc:identifier>
	<dc:format><dcterms:medium><![CDATA[text]]></dcterms:medium></dc:format>
</ags:resource>
<ags:resource ags:ARN="GB2015400638">
	<dc:title><![CDATA[USAHA TERNAK KAMBING SEBAGAI ALTERNATIF SUMBER PENDAPATAN DAN PENYERAPAN TENAGA KERJA KELUARGA : STUDI DI DESA TAMANSARI KECAMATAN AMPELGADING KABUPATEN MALANG JAWA TIMUR [Goat Raising as Source of the Houshold‘s Farming Income and Absorption of the Family‘s Labor Alternativ: Study at Tamansari Ampelgading Malang Regency East Java]]]></dc:title>
	<dc:creator>
		<ags:creatorPersonal><![CDATA[B. Hartono]]></ags:creatorPersonal>
		<ags:creatorPersonal><![CDATA[M.B. Hariyono]]></ags:creatorPersonal>
		<ags:creatorPersonal><![CDATA[F. Rochman]]></ags:creatorPersonal>
	</dc:creator>
	<dc:identifier scheme="dcterms:URI"><![CDATA[oai:core.kmi.open.ac.uk:11715662]]></dc:identifier>
	<dc:identifier scheme="dcterms:URI"><![CDATA[http://core.kmi.open.ac.uk/download/pdf/11715662.pdf]]></dc:identifier>
	<dc:format><dcterms:medium><![CDATA[text]]></dcterms:medium></dc:format>
</ags:resource>
<ags:resource ags:ARN="GB2015400639">
	<dc:title><![CDATA[PENGARUH BERBAGAI PROPORSI DEDAK GANDUM DALAM FERMENTASI TERHADAP KADAR PROTEIN DAN KECERNAAN SECARA IN VITRO PADA BAGAS TEBU TERAMONIASI [The Effect of Pollard Level in the Fermentation on Crude Protein Content and In Vitro Digestibility of Ammoniated Bagasse]]]></dc:title>
	<dc:creator>
		<ags:creatorPersonal><![CDATA[M Prayuwidayati]]></ags:creatorPersonal>
		<ags:creatorPersonal><![CDATA[Muhtarudin Muhtarudin]]></ags:creatorPersonal>
	</dc:creator>
	<dc:identifier scheme="dcterms:URI"><![CDATA[http://core.kmi.open.ac.uk/download/pdf/11715664.pdf]]></dc:identifier>
	<dc:identifier scheme="dcterms:URI"><![CDATA[oai:core.kmi.open.ac.uk:11715664]]></dc:identifier>
	<dc:format><dcterms:medium><![CDATA[text]]></dcterms:medium></dc:format>
</ags:resource>
<ags:resource ags:ARN="GB2015400640">
	<dc:title><![CDATA[PENGARUH PEMBATASAN RANSUM DAN IMPLIKASINYA TERHADAP PERFORMA PUYUH PETELUR PADA FASE PRODUKSI PERTAMA [The Effect of Restricted Feeding and Its Implication on the Performance of Coturnix-coturnix japonica at the First Production Phase]]]></dc:title>
	<dc:creator>
		<ags:creatorPersonal><![CDATA[Akhmad Baroha]]></ags:creatorPersonal>
	</dc:creator>
	<dc:identifier scheme="dcterms:URI"><![CDATA[http://core.kmi.open.ac.uk/download/pdf/11715667.pdf]]></dc:identifier>
	<dc:identifier scheme="dcterms:URI"><![CDATA[oai:core.kmi.open.ac.uk:11715667]]></dc:identifier>
	<dc:format><dcterms:medium><![CDATA[text]]></dcterms:medium></dc:format>
</ags:resource>
<ags:resource ags:ARN="GB2015400641">
	<dc:title><![CDATA[PENGARUH PENGGUNAAN HEMIKALSIUM DALAM MEDIUM FERTILISASI IN VITRO TERHADAP VIABILITAS DAN AGLUTINASI SPERMATOZOA SAPI [The Usage effect of Hemicalcium in a Medium of In Vitro Fertilization on Viability and Agglutination of Cattle Sperm]]]></dc:title>
	<dc:creator>
		<ags:creatorPersonal><![CDATA[Z Udin]]></ags:creatorPersonal>
		<ags:creatorPersonal><![CDATA[Jasw]]></ags:creatorPersonal>
		<ags:creatorPersonal><![CDATA[i Jasw]]></ags:creatorPersonal>
		<ags:creatorPersonal><![CDATA[i]]></ags:creatorPersonal>
		<ags:creatorPersonal><![CDATA[M Hiliyati]]></ags:creatorPersonal>
	</dc:creator>
	<dc:identifier scheme="dcterms:URI"><![CDATA[oai:core.kmi.open.ac.uk:11715666]]></dc:identifier>
	<dc:identifier scheme="dcterms:URI"><![CDATA[http://core.kmi.open.ac.uk/download/pdf/11715666.pdf]]></dc:identifier>
	<dc:format><dcterms:medium><![CDATA[text]]></dcterms:medium></dc:format>
</ags:resource>
<ags:resource ags:ARN="GB2015400642">
	<dc:title><![CDATA[MICROBIAL PROTEIN PRODUCTION IN THE RUMEN OF STEERS FED LOW QUALITY FORAGE SUPPLEMENTED WITH VARIOUS LEVELS OF BARLEY GRAIN OR BARLEY GRAIN PLUS PROTEIN]]></dc:title>
	<dc:creator>
		<ags:creatorPersonal><![CDATA[Marsetyo Marsetyo]]></ags:creatorPersonal>
		<ags:creatorPersonal><![CDATA[D.P. Poppy]]></ags:creatorPersonal>
		<ags:creatorPersonal><![CDATA[S.R McLennan]]></ags:creatorPersonal>
	</dc:creator>
	<dc:identifier scheme="dcterms:URI"><![CDATA[oai:core.kmi.open.ac.uk:11715635]]></dc:identifier>
	<dc:identifier scheme="dcterms:URI"><![CDATA[http://core.kmi.open.ac.uk/download/pdf/11715635.pdf]]></dc:identifier>
	<dc:format><dcterms:medium><![CDATA[text]]></dcterms:medium></dc:format>
</ags:resource>
<ags:resource ags:ARN="GB2015400643">
	<dc:title><![CDATA[PRODUKSI TELUR PUYUH (Coturnix Coturnix Japonica) DENGAN PEMBERIAN PAKAN SECARA TERBATAS PADA SAAT PERTUMBUHAN SAMPAI DEWASA KELAMIN [The Egg Production of Laying Quail (Coturnix Coturnix Japonica) Raised on Restricted Feeding During Growing Period]]]></dc:title>
	<dc:creator>
		<ags:creatorPersonal><![CDATA[R.T. Hertamawati]]></ags:creatorPersonal>
	</dc:creator>
	<dc:identifier scheme="dcterms:URI"><![CDATA[oai:core.kmi.open.ac.uk:11715668]]></dc:identifier>
	<dc:identifier scheme="dcterms:URI"><![CDATA[http://core.kmi.open.ac.uk/download/pdf/11715668.pdf]]></dc:identifier>
	<dc:format><dcterms:medium><![CDATA[text]]></dcterms:medium></dc:format>
</ags:resource>
<ags:resource ags:ARN="GB2015400644">
	<dc:title><![CDATA[KUALITAS NUTRISI CAMPURAN BUNGKIL INTI SAWIT DAN ONGGOK YANG DIFERMENTASI MENGGUNAKAN Aspergillus niger [The Nutritional Quality of Palm Kernel Cake and Tapioca Waste Mixture Fermented by Aspergillus niger]]]></dc:title>
	<dc:creator>
		<ags:creatorPersonal><![CDATA[Agung Purnomoadi]]></ags:creatorPersonal>
		<ags:creatorPersonal><![CDATA[Mitsunori Kurihara]]></ags:creatorPersonal>
		<ags:creatorPersonal><![CDATA[Takehiro Nishida]]></ags:creatorPersonal>
		<ags:creatorPersonal><![CDATA[Fuminori Terada]]></ags:creatorPersonal>
		<ags:creatorPersonal><![CDATA[Akira ABE]]></ags:creatorPersonal>
	</dc:creator>
	<dc:identifier scheme="dcterms:URI"><![CDATA[oai:core.kmi.open.ac.uk:11715669]]></dc:identifier>
	<dc:identifier scheme="dcterms:URI"><![CDATA[http://core.kmi.open.ac.uk/download/pdf/11715669.pdf]]></dc:identifier>
	<dc:format><dcterms:medium><![CDATA[text]]></dcterms:medium></dc:format>
</ags:resource>
<ags:resource ags:ARN="GB2015400645">
	<dc:title><![CDATA[PENDUGAAN FUNGSI BIAYA PAKAN PENGGEMUKAN DOMBA PERANAKAN GARUT DENGAN PEMELIHARAAN SISTEM KOLONI : STUDI KASUS DI KELOMPOK TANI TERNAK ALKADOM DI DESA PASAWAHAN, KECAMATAN CICURUG KABUPATEN SUKABUMI [An Estimation of Feed Cost Function on Fattening Garut Grade Sheep with Colony System Management : A Case Study at Alkadom Farmers Group in Pasawahan Village, Cicurug Sub-District Sukabumi Regency]]]></dc:title>
	<dc:creator>
		<ags:creatorPersonal><![CDATA[D.J. Setyono]]></ags:creatorPersonal>
	</dc:creator>
	<dc:identifier scheme="dcterms:URI"><![CDATA[http://core.kmi.open.ac.uk/download/pdf/11715671.pdf]]></dc:identifier>
	<dc:identifier scheme="dcterms:URI"><![CDATA[oai:core.kmi.open.ac.uk:11715671]]></dc:identifier>
	<dc:format><dcterms:medium><![CDATA[text]]></dcterms:medium></dc:format>
</ags:resource>
<ags:resource ags:ARN="GB2015400646">
	<dc:title><![CDATA[RESPONS SUPLEMENTASI SABUN MINERAL DAN MINERAL ORGANIK SERTA KACANG KEDELAI SANGRAI PADA KECERNAAN NUTRIEN PAKAN DAN LEMAK SERUM DOMBA [Responses of Mineral Soap, Organic Mineral and Roasted Soybean Supplementation on Nutrient Digestibility and Serum Fat of Sheep]]]></dc:title>
	<dc:creator>
		<ags:creatorPersonal><![CDATA[Adawiah Adawiah]]></ags:creatorPersonal>
		<ags:creatorPersonal><![CDATA[T Sutardi]]></ags:creatorPersonal>
		<ags:creatorPersonal><![CDATA[T Toharmat]]></ags:creatorPersonal>
		<ags:creatorPersonal><![CDATA[Wasmen Manalu]]></ags:creatorPersonal>
		<ags:creatorPersonal><![CDATA[N. Ramli]]></ags:creatorPersonal>
	</dc:creator>
	<dc:identifier scheme="dcterms:URI"><![CDATA[http://core.kmi.open.ac.uk/download/pdf/11715672.pdf]]></dc:identifier>
	<dc:identifier scheme="dcterms:URI"><![CDATA[oai:core.kmi.open.ac.uk:11715672]]></dc:identifier>
	<dc:format><dcterms:medium><![CDATA[text]]></dcterms:medium></dc:format>
</ags:resource>
<ags:resource ags:ARN="GB2015400647">
	<dc:title><![CDATA[HUBUNGAN ANTARA LINGKAR SKROTUM DENGAN KARAKTERISTIK CAIRAN DAN SPERMATOZOA DALAM CAUDA EPIDIDYMIS PADA SAPI BALI [The Correlation of Scrotal Circumference, Spermatozoa of Epididymis Caudalis and Dilution Characteristic in Bali Cattle]]]></dc:title>
	<dc:creator>
		<ags:creatorPersonal><![CDATA[Soeroso Soeroso]]></ags:creatorPersonal>
		<ags:creatorPersonal><![CDATA[Y Duma]]></ags:creatorPersonal>
	</dc:creator>
	<dc:identifier scheme="dcterms:URI"><![CDATA[oai:core.kmi.open.ac.uk:11715673]]></dc:identifier>
	<dc:identifier scheme="dcterms:URI"><![CDATA[http://core.kmi.open.ac.uk/download/pdf/11715673.pdf]]></dc:identifier>
	<dc:format><dcterms:medium><![CDATA[text]]></dcterms:medium></dc:format>
</ags:resource>
<ags:resource ags:ARN="GB2015400648">
	<dc:title><![CDATA[STUDI POTENSI EKONOMI PENGEMBANGAN USAHA TERNAK ITIK DI KABUPATEN TEGAL (Study of Economic Potency at Development of Duck Effort in Tegal Regency)]]></dc:title>
	<dc:creator>
		<ags:creatorPersonal><![CDATA[Kustopo Budiharjo]]></ags:creatorPersonal>
		<ags:creatorPersonal><![CDATA[Djoko Sumarjono]]></ags:creatorPersonal>
		<ags:creatorPersonal><![CDATA[Miggie H]]></ags:creatorPersonal>
		<ags:creatorPersonal><![CDATA[ayani]]></ags:creatorPersonal>
		<ags:creatorPersonal><![CDATA[Siwi Gayatri]]></ags:creatorPersonal>
	</dc:creator>
	<dc:identifier scheme="dcterms:URI"><![CDATA[http://core.kmi.open.ac.uk/download/pdf/11715724.pdf]]></dc:identifier>
	<dc:identifier scheme="dcterms:URI"><![CDATA[oai:core.kmi.open.ac.uk:11715724]]></dc:identifier>
	<dc:format><dcterms:medium><![CDATA[text]]></dcterms:medium></dc:format>
</ags:resource>
<ags:resource ags:ARN="GB2015400649">
	<dc:title><![CDATA[Analisis Efisiensi Ekonomis Penggunaan Faktor-Faktor Produksi pada Anggota Kelompok Tani Ternak Sapi Perah di Kecamatan Cepogo Kabupaten Boyolali (Economic Efficiency Analysis of Production Factors Allocation by Members of Dairy Cattle Farm Group in Cepogo Sub-district, Boyolali Regency).]]></dc:title>
	<dc:creator>
		<ags:creatorPersonal><![CDATA[F Kusmiyati]]></ags:creatorPersonal>
		<ags:creatorPersonal><![CDATA[E D Purbajanti]]></ags:creatorPersonal>
		<ags:creatorPersonal><![CDATA[B A Kristanto]]></ags:creatorPersonal>
	</dc:creator>
	<dc:identifier scheme="dcterms:URI"><![CDATA[http://core.kmi.open.ac.uk/download/pdf/11715738.pdf]]></dc:identifier>
	<dc:identifier scheme="dcterms:URI"><![CDATA[oai:core.kmi.open.ac.uk:11715738]]></dc:identifier>
	<dc:format><dcterms:medium><![CDATA[text]]></dcterms:medium></dc:format>
</ags:resource>
<ags:resource ags:ARN="GB2015400650">
	<dc:title><![CDATA[TINGKAH LAKU MAKAN DOMBA LOKAL JANTAN DENGAN PAKAN KOMPLIT DARI BERBAGAI LIMBAH PERTANIAN DAN AGROINDUSTRI]]></dc:title>
	<dc:creator>
		<ags:creatorPersonal><![CDATA[INDAH SRI WIDAYATI]]></ags:creatorPersonal>
	</dc:creator>
	<dc:identifier scheme="dcterms:URI"><![CDATA[http://core.kmi.open.ac.uk/download/pdf/11715747.pdf]]></dc:identifier>
	<dc:identifier scheme="dcterms:URI"><![CDATA[oai:core.kmi.open.ac.uk:11715747]]></dc:identifier>
	<dc:format><dcterms:medium><![CDATA[text]]></dcterms:medium></dc:format>
</ags:resource>
<ags:resource ags:ARN="GB2015400651">
	<dc:title><![CDATA[KARAKTERISTIK DAYA IKAT SERAT DARI BEBERAPA BAHAN PAKAN HASIL SAMPING AGROINDUSTRI TERHADAP KALSIUM (Characteristic of Binding Capacity of Fiber Sources from Some Agroindustry Byproduct)]]></dc:title>
	<dc:creator>
		<ags:creatorPersonal><![CDATA[Eko Pangestu]]></ags:creatorPersonal>
		<ags:creatorPersonal><![CDATA[Joelal Achmadi]]></ags:creatorPersonal>
		<ags:creatorPersonal><![CDATA[F Wahyono]]></ags:creatorPersonal>
		<ags:creatorPersonal><![CDATA[L.K Nuswantara]]></ags:creatorPersonal>
	</dc:creator>
	<dc:identifier scheme="dcterms:URI"><![CDATA[http://core.kmi.open.ac.uk/download/pdf/11715731.pdf]]></dc:identifier>
	<dc:identifier scheme="dcterms:URI"><![CDATA[oai:core.kmi.open.ac.uk:11715731]]></dc:identifier>
	<dc:format><dcterms:medium><![CDATA[text]]></dcterms:medium></dc:format>
</ags:resource>
<ags:resource ags:ARN="GB2015400652">
	<dc:title><![CDATA[Pengaruh Motivasi dan Aktivitas Anggota Kelompok terhadap Perilaku Zooteknis Beternak pada Kelompok Tani Ternak (KTT) Sapi Perah di Desa Jetak Kecamatan Getasan Kabupaten Semarang (Influence of Motivation and Activity of Members on Raising Zootechnical Behavior at Dairy Cattle Farmer Groups in Jetak Village Getasan District Semarang Regency)]]></dc:title>
	<dc:creator>
		<ags:creatorPersonal><![CDATA[Astri Puspita Sari]]></ags:creatorPersonal>
	</dc:creator>
	<dc:identifier scheme="dcterms:URI"><![CDATA[oai:core.kmi.open.ac.uk:11715750]]></dc:identifier>
	<dc:identifier scheme="dcterms:URI"><![CDATA[http://core.kmi.open.ac.uk/download/pdf/11715750.pdf]]></dc:identifier>
	<dc:format><dcterms:medium><![CDATA[text]]></dcterms:medium></dc:format>
</ags:resource>
<ags:resource ags:ARN="GB2015400653">
	<dc:title><![CDATA[EFFICIENCY OF ENERGY UTILIZATION OF VOLATILE FATTY ACIDS BY MATURE CATILE GIVEN A HAY OR HIGH-CONCENTRATE DIET]]></dc:title>
	<dc:creator>
		<ags:creatorPersonal><![CDATA[M Shibata]]></ags:creatorPersonal>
		<ags:creatorPersonal><![CDATA[M Kurihara]]></ags:creatorPersonal>
		<ags:creatorPersonal><![CDATA[T Nishida]]></ags:creatorPersonal>
		<ags:creatorPersonal><![CDATA[F Terada]]></ags:creatorPersonal>
		<ags:creatorPersonal><![CDATA[Agung Purnomoadi]]></ags:creatorPersonal>
		<ags:creatorPersonal><![CDATA[J. C. Ku Vera]]></ags:creatorPersonal>
	</dc:creator>
	<dc:identifier scheme="dcterms:URI"><![CDATA[http://core.kmi.open.ac.uk/download/pdf/11715751.pdf]]></dc:identifier>
	<dc:identifier scheme="dcterms:URI"><![CDATA[oai:core.kmi.open.ac.uk:11715751]]></dc:identifier>
	<dc:format><dcterms:medium><![CDATA[text]]></dcterms:medium></dc:format>
</ags:resource>
<ags:resource ags:ARN="GB2015400654">
	<dc:title><![CDATA[Pengaruh Penggunaan Tepung Daun Kumis Kucing (Orthosiponin stamineus) Dalam Ransum Terhadap Performans Ayam Broiler Jantan (The Effect of Orthosiponin stamineus in the Diet on Performance of Male Broiler Chicken)]]></dc:title>
	<dc:creator>
		<ags:creatorPersonal><![CDATA[Febru Maya Sari]]></ags:creatorPersonal>
	</dc:creator>
	<dc:identifier scheme="dcterms:URI"><![CDATA[oai:core.kmi.open.ac.uk:11715741]]></dc:identifier>
	<dc:identifier scheme="dcterms:URI"><![CDATA[http://core.kmi.open.ac.uk/download/pdf/11715741.pdf]]></dc:identifier>
	<dc:format><dcterms:medium><![CDATA[text]]></dcterms:medium></dc:format>
</ags:resource>
<ags:resource ags:ARN="GB2015400655">
	<dc:title><![CDATA[Analisis Faktor-Faktor yang Mempengaruhi Tingkat Pembelian Susu Bubuk Balita di Pasar Swalayan di Kota Semarang (Analysis of Factors Influencing Purchasing Level of Milk Powder for Children Under 5 Years Old at the Supermarkets in Semarang City).]]></dc:title>
	<dc:creator>
		<ags:creatorPersonal><![CDATA[Allani Noor Iffah]]></ags:creatorPersonal>
	</dc:creator>
	<dc:identifier scheme="dcterms:URI"><![CDATA[http://core.kmi.open.ac.uk/download/pdf/11715749.pdf]]></dc:identifier>
	<dc:identifier scheme="dcterms:URI"><![CDATA[oai:core.kmi.open.ac.uk:11715749]]></dc:identifier>
	<dc:format><dcterms:medium><![CDATA[text]]></dcterms:medium></dc:format>
</ags:resource>
<ags:resource ags:ARN="GB2015400656">
	<dc:title><![CDATA[TINGKAH LAKU MAKAN PADA SAPI PERANAKAN ONGOLE (PO) YANG MENDAPAT PAKAN JERAMI DAN KONSENTRAT DENGAN IMBANGAN YANG BERBEDA]]></dc:title>
	<dc:creator>
		<ags:creatorPersonal><![CDATA[NURUL KAMILIA]]></ags:creatorPersonal>
		<ags:creatorPersonal><![CDATA[Samsul Ma'rif]]></ags:creatorPersonal>
		<ags:creatorPersonal><![CDATA[H]]></ags:creatorPersonal>
		<ags:creatorPersonal><![CDATA[ayani Wiw]]></ags:creatorPersonal>
		<ags:creatorPersonal><![CDATA[ari]]></ags:creatorPersonal>
	</dc:creator>
	<dc:identifier scheme="dcterms:URI"><![CDATA[oai:core.kmi.open.ac.uk:11715745]]></dc:identifier>
	<dc:identifier scheme="dcterms:URI"><![CDATA[http://core.kmi.open.ac.uk/download/pdf/11715745.pdf]]></dc:identifier>
	<dc:format><dcterms:medium><![CDATA[text]]></dcterms:medium></dc:format>
</ags:resource>
<ags:resource ags:ARN="GB2015400657">
	<dc:title><![CDATA[Pengaruh Penggunaan Berbagai Macam Diluter terhadap pH Semen, Motilitas, Persentase Hidup dan Viabilitas Spermatozoa Ayam Kedu. (The Effect of Diluter on pH, Motility, Life Percentage and Viability Sperm of Kedu Chickens)]]></dc:title>
	<dc:creator>
		<ags:creatorPersonal><![CDATA[FANIS NOVIANI]]></ags:creatorPersonal>
	</dc:creator>
	<dc:identifier scheme="dcterms:URI"><![CDATA[http://core.kmi.open.ac.uk/download/pdf/11715777.pdf]]></dc:identifier>
	<dc:identifier scheme="dcterms:URI"><![CDATA[oai:core.kmi.open.ac.uk:11715777]]></dc:identifier>
	<dc:format><dcterms:medium><![CDATA[text]]></dcterms:medium></dc:format>
</ags:resource>
<ags:resource ags:ARN="GB2015400658">
	<dc:title><![CDATA[PERBANDINGAN LOKUS PLASMA PRE-ALBUMIN (Pa) DAN ALBUMIN(Alb) PADA DOMBA BERANAK TUNGGAL DAN BERANAK KEMBAR DI KABUPATEN SEMARANG]]></dc:title>
	<dc:creator>
		<ags:creatorPersonal><![CDATA[Rida Hanifa]]></ags:creatorPersonal>
	</dc:creator>
	<dc:identifier scheme="dcterms:URI"><![CDATA[oai:core.kmi.open.ac.uk:11715753]]></dc:identifier>
	<dc:identifier scheme="dcterms:URI"><![CDATA[http://core.kmi.open.ac.uk/download/pdf/11715753.pdf]]></dc:identifier>
	<dc:format><dcterms:medium><![CDATA[text]]></dcterms:medium></dc:format>
</ags:resource>
<ags:resource ags:ARN="GB2015400659">
	<dc:title><![CDATA[Pengaruh Jenis Diluter dan Lama Penyimpanan Semen terhadap Fertilitas Telur, Mortalitas Embrio dan Daya Tetas Telur Ayam Kedu. (The Effect of Diluents and Storage Time of Semen on the Fertility, Embryo Mortality and Hatchability of Kedu Chicken Eggs)]]></dc:title>
	<dc:creator>
		<ags:creatorPersonal><![CDATA[Januar Mukti Wibowo]]></ags:creatorPersonal>
	</dc:creator>
	<dc:identifier scheme="dcterms:URI"><![CDATA[http://core.kmi.open.ac.uk/download/pdf/11715780.pdf]]></dc:identifier>
	<dc:identifier scheme="dcterms:URI"><![CDATA[oai:core.kmi.open.ac.uk:11715780]]></dc:identifier>
	<dc:format><dcterms:medium><![CDATA[text]]></dcterms:medium></dc:format>
</ags:resource>
<ags:resource ags:ARN="GB2015400660">
	<dc:title><![CDATA[Pengaruh Penggunaan Tepung Roti Afkir Sebagai Pengganti Jagung dalam Ransum terhadap Produksi Karkas Ayam Broiler Jantan (The Effect of the Use of Unsold Bread as Corn Substitution in the Diet on Male Broiler’s Carcass Production)]]></dc:title>
	<dc:creator>
		<ags:creatorPersonal><![CDATA[M. Fauzan Alfi]]></ags:creatorPersonal>
	</dc:creator>
	<dc:identifier scheme="dcterms:URI"><![CDATA[oai:core.kmi.open.ac.uk:11715783]]></dc:identifier>
	<dc:identifier scheme="dcterms:URI"><![CDATA[http://core.kmi.open.ac.uk/download/pdf/11715783.pdf]]></dc:identifier>
	<dc:format><dcterms:medium><![CDATA[text]]></dcterms:medium></dc:format>
</ags:resource>
<ags:resource ags:ARN="GB2015400661">
	<dc:title><![CDATA[Pengaruh Lama Periode Indukan dan Kadar Protein Ransum terhadap Persentase Karkas Broiler Jantan (The Effects of Brooding Period and Dietary Protein Level on Broiler Carcas Percentage)]]></dc:title>
	<dc:creator>
		<ags:creatorPersonal><![CDATA[Muhammad Khaerudin]]></ags:creatorPersonal>
	</dc:creator>
	<dc:identifier scheme="dcterms:URI"><![CDATA[http://core.kmi.open.ac.uk/download/pdf/11715786.pdf]]></dc:identifier>
	<dc:identifier scheme="dcterms:URI"><![CDATA[oai:core.kmi.open.ac.uk:11715786]]></dc:identifier>
	<dc:format><dcterms:medium><![CDATA[text]]></dcterms:medium></dc:format>
</ags:resource>
<ags:resource ags:ARN="GB2015400662">
	<dc:title><![CDATA[ANALISIS KEUNTUNGAN USAHATANI TEMBAKAU RAKYAT DAN EFISIENSI EKONOMI RELATIF MENURUT SKALA LUAS LAHAN GARAPAN (Studi Kasus di Kecamatan Gemuh Kabupaten Kendal)]]></dc:title>
	<dc:creator>
		<ags:creatorPersonal><![CDATA[Sigit Larsito]]></ags:creatorPersonal>
	</dc:creator>
	<dc:identifier scheme="dcterms:URI"><![CDATA[http://core.kmi.open.ac.uk/download/pdf/11715785.pdf]]></dc:identifier>
	<dc:identifier scheme="dcterms:URI"><![CDATA[oai:core.kmi.open.ac.uk:11715785]]></dc:identifier>
	<dc:format><dcterms:medium><![CDATA[text]]></dcterms:medium></dc:format>
</ags:resource>
<ags:resource ags:ARN="GB2015400663">
	<dc:title><![CDATA[Pengaruh Jenis Diluter dan Jumlah Spermatozoa terhadap pH Semen, Motilitas, Persentase Hidup dan Viabilitas Spermatozoa Ayam Kedu (The Effects of Diluter and Number of Spermatozoa on Semen pH, Motility, Life Percentage and Viability of Spermatozoa of Kedu Chickens)]]></dc:title>
	<dc:creator>
		<ags:creatorPersonal><![CDATA[Banu N]]></ags:creatorPersonal>
		<ags:creatorPersonal><![CDATA[atama]]></ags:creatorPersonal>
	</dc:creator>
	<dc:identifier scheme="dcterms:URI"><![CDATA[http://core.kmi.open.ac.uk/download/pdf/11715791.pdf]]></dc:identifier>
	<dc:identifier scheme="dcterms:URI"><![CDATA[oai:core.kmi.open.ac.uk:11715791]]></dc:identifier>
	<dc:format><dcterms:medium><![CDATA[text]]></dcterms:medium></dc:format>
</ags:resource>
<ags:resource ags:ARN="GB2015400664">
	<dc:title><![CDATA[Pengaruh Lama Periode Indukan dan Kadar Protein Ransum Periode Starter Terhadap Produksi Dressed pada Ayam Broiler. (The Effect of Brooding Period and Dietary Protein Level in Starter Period on the Dressed of Broiler Chickens).]]></dc:title>
	<dc:creator>
		<ags:creatorPersonal><![CDATA[Robby Hervan]]></ags:creatorPersonal>
	</dc:creator>
	<dc:identifier scheme="dcterms:URI"><![CDATA[http://core.kmi.open.ac.uk/download/pdf/11715806.pdf]]></dc:identifier>
	<dc:identifier scheme="dcterms:URI"><![CDATA[oai:core.kmi.open.ac.uk:11715806]]></dc:identifier>
	<dc:format><dcterms:medium><![CDATA[text]]></dcterms:medium></dc:format>
</ags:resource>
<ags:resource ags:ARN="GB2015400665">
	<dc:title><![CDATA[EFEK PERSILANGAN RESIPROK TERHADAP PENAMPILAN KETURUNAN AYAM KEDU DI UPT MARON KABUPATEN TEMANGGUNG]]></dc:title>
	<dc:creator>
		<ags:creatorPersonal><![CDATA[AVAN VALIAN ADITYA]]></ags:creatorPersonal>
	</dc:creator>
	<dc:identifier scheme="dcterms:URI"><![CDATA[oai:core.kmi.open.ac.uk:11715823]]></dc:identifier>
	<dc:identifier scheme="dcterms:URI"><![CDATA[http://core.kmi.open.ac.uk/download/pdf/11715823.pdf]]></dc:identifier>
	<dc:format><dcterms:medium><![CDATA[text]]></dcterms:medium></dc:format>
</ags:resource>
<ags:resource ags:ARN="GB2015400666">
	<dc:title><![CDATA[Pengaruh Macam Diluter terhadap Fertilitas, Mortalitas Embrio dan Daya Tetas pada Ayam Kedu Hitam yang Diinseminasikan menggunakan Semen Ayam Kedu Hitam dan Putih (Effect of Extender Type on Fertility, Embryo Mortality and Hatchability in Black Kedu Chicken Inseminated with Semen of Black Kedu Chicken and White Kedu Chicken)]]></dc:title>
	<dc:creator>
		<ags:creatorPersonal><![CDATA[Sentot Danu Perkasa]]></ags:creatorPersonal>
	</dc:creator>
	<dc:identifier scheme="dcterms:URI"><![CDATA[http://core.kmi.open.ac.uk/download/pdf/11715813.pdf]]></dc:identifier>
	<dc:identifier scheme="dcterms:URI"><![CDATA[oai:core.kmi.open.ac.uk:11715813]]></dc:identifier>
	<dc:format><dcterms:medium><![CDATA[text]]></dcterms:medium></dc:format>
</ags:resource>
<ags:resource ags:ARN="GB2015400667">
	<dc:title><![CDATA[Performans Ayam Broiler Jantan Akibat Perberian Air Minum yang Mengandung Suspensi Teh Fermentasi “Kombucha” dan Antibiotik. (The Performance of Male Broiler Chickens as the Effect of Allowance of Dringking Water Containing Fermented “Kombucha” Tea Suspense and Antibiotic)]]></dc:title>
	<dc:creator>
		<ags:creatorPersonal><![CDATA[Siti Nuraini]]></ags:creatorPersonal>
	</dc:creator>
	<dc:identifier scheme="dcterms:URI"><![CDATA[http://core.kmi.open.ac.uk/download/pdf/11715817.pdf]]></dc:identifier>
	<dc:identifier scheme="dcterms:URI"><![CDATA[oai:core.kmi.open.ac.uk:11715817]]></dc:identifier>
	<dc:format><dcterms:medium><![CDATA[text]]></dcterms:medium></dc:format>
</ags:resource>
<ags:resource ags:ARN="GB2015400668">
	<dc:title><![CDATA[Pengaruh Penambahan Tepung Kunyit dalam Ransum terhadap Status Hematologis Domba Lokal Jantan Lepas Sapih. (The Influence of Curcuma domestica Flour on Hematology Status of Male Indigenous Lambs)]]></dc:title>
	<dc:creator>
		<ags:creatorPersonal><![CDATA[Steven Dale Turner]]></ags:creatorPersonal>
	</dc:creator>
	<dc:identifier scheme="dcterms:URI"><![CDATA[oai:core.kmi.open.ac.uk:11715830]]></dc:identifier>
	<dc:identifier scheme="dcterms:URI"><![CDATA[http://core.kmi.open.ac.uk/download/pdf/11715830.pdf]]></dc:identifier>
	<dc:format><dcterms:medium><![CDATA[text]]></dcterms:medium></dc:format>
</ags:resource>
<ags:resource ags:ARN="GB2015400669">
	<dc:title><![CDATA[PENGARUH PEMBATASAN WAKTU PEMBERIAN PAKAN PADA SIANG HARI TERHADAP PERBANDINGAN DAGING DAN TULANG KARKAS AYAM BROILER]]></dc:title>
	<dc:creator>
		<ags:creatorPersonal><![CDATA[BUDIYATMO BUDIYATMO]]></ags:creatorPersonal>
	</dc:creator>
	<dc:identifier scheme="dcterms:URI"><![CDATA[http://core.kmi.open.ac.uk/download/pdf/11715838.pdf]]></dc:identifier>
	<dc:identifier scheme="dcterms:URI"><![CDATA[oai:core.kmi.open.ac.uk:11715838]]></dc:identifier>
	<dc:format><dcterms:medium><![CDATA[text]]></dcterms:medium></dc:format>
</ags:resource>
<ags:resource ags:ARN="GB2015400670">
	<dc:title><![CDATA[PENGARUH JENIS KELAMIN DAN WARNA BULU TERHADAP STATUS HEMATOLOGIS ( JUMLAH ERITROSIT, KADAR HEMOGLOBIN DAN HEMATOKRIT ) AYAM KEDU AKHIR PERIODE STARTER SAMPAI AWAL GROWER]]></dc:title>
	<dc:creator>
		<ags:creatorPersonal><![CDATA[Nurhayati Nurhayati]]></ags:creatorPersonal>
		<ags:creatorPersonal><![CDATA[O Sjofjan]]></ags:creatorPersonal>
		<ags:creatorPersonal><![CDATA[Koentjoko Koentjoko]]></ags:creatorPersonal>
	</dc:creator>
	<dc:identifier scheme="dcterms:URI"><![CDATA[oai:core.kmi.open.ac.uk:11715847]]></dc:identifier>
	<dc:identifier scheme="dcterms:URI"><![CDATA[http://core.kmi.open.ac.uk/download/pdf/11715847.pdf]]></dc:identifier>
	<dc:format><dcterms:medium><![CDATA[text]]></dcterms:medium></dc:format>
</ags:resource>
<ags:resource ags:ARN="GB2015400671">
	<dc:title><![CDATA[TINGKAH LAKU MAKAN PADA SAPI PERANAKAN ONGOLE (PO) YANG MENDAPATKAN PAKAN JERAMI PADI AMONIASI DAN KONSENTRAT DENGAN LEVEL YANG BERBEDA]]></dc:title>
	<dc:creator>
		<ags:creatorPersonal><![CDATA[FARUQ ISKANDAR]]></ags:creatorPersonal>
	</dc:creator>
	<dc:identifier scheme="dcterms:URI"><![CDATA[http://core.kmi.open.ac.uk/download/pdf/11715850.pdf]]></dc:identifier>
	<dc:identifier scheme="dcterms:URI"><![CDATA[oai:core.kmi.open.ac.uk:11715850]]></dc:identifier>
	<dc:format><dcterms:medium><![CDATA[text]]></dcterms:medium></dc:format>
</ags:resource>
<ags:resource ags:ARN="GB2015400672">
	<dc:title><![CDATA[Comparison of Near Infrared Reflectance Spectroscopy-Book Value System with Conyentional Laboratory System for Feeding l'vlanagement of Dairy Cattle]]></dc:title>
	<dc:creator>
		<ags:creatorPersonal><![CDATA[Agung Purnomoadi]]></ags:creatorPersonal>
		<ags:creatorPersonal><![CDATA[Masahiro Amari]]></ags:creatorPersonal>
		<ags:creatorPersonal><![CDATA[Akira ABE]]></ags:creatorPersonal>
	</dc:creator>
	<dc:identifier scheme="dcterms:URI"><![CDATA[http://core.kmi.open.ac.uk/download/pdf/11715885.pdf]]></dc:identifier>
	<dc:identifier scheme="dcterms:URI"><![CDATA[oai:core.kmi.open.ac.uk:11715885]]></dc:identifier>
	<dc:format><dcterms:medium><![CDATA[text]]></dcterms:medium></dc:format>
</ags:resource>
<ags:resource ags:ARN="GB2015400673">
	<dc:title><![CDATA[Pengantar Akuabisnis]]></dc:title>
	<dc:creator>
		<ags:creatorPersonal><![CDATA[Joelal Achmadi]]></ags:creatorPersonal>
	</dc:creator>
	<dc:identifier scheme="dcterms:URI"><![CDATA[oai:core.kmi.open.ac.uk:11715972]]></dc:identifier>
	<dc:identifier scheme="dcterms:URI"><![CDATA[http://core.kmi.open.ac.uk/download/pdf/11715972.pdf]]></dc:identifier>
	<dc:format><dcterms:medium><![CDATA[text]]></dcterms:medium></dc:format>
</ags:resource>
<ags:resource ags:ARN="GB2015400674">
	<dc:title><![CDATA[Kecernaan Pakan dan Protein, serta Retensi Nitrogen Ayam Broiler Jantan Akibat Pemberian Teh Kombucha dan Antibiotik dalam Air Minum. (The Digestibility of Feed and Protein, and Nitrogen Retention in Broiler Chicken Given Kombucha Tea and Antibiotic in Drinking Water).]]></dc:title>
	<dc:creator>
		<ags:creatorPersonal><![CDATA[I.N.S. Miwada]]></ags:creatorPersonal>
		<ags:creatorPersonal><![CDATA[S.A. Lindawati]]></ags:creatorPersonal>
		<ags:creatorPersonal><![CDATA[W Tatang]]></ags:creatorPersonal>
	</dc:creator>
	<dc:identifier scheme="dcterms:URI"><![CDATA[http://core.kmi.open.ac.uk/download/pdf/11715854.pdf]]></dc:identifier>
	<dc:identifier scheme="dcterms:URI"><![CDATA[oai:core.kmi.open.ac.uk:11715854]]></dc:identifier>
	<dc:format><dcterms:medium><![CDATA[text]]></dcterms:medium></dc:format>
</ags:resource>
<ags:resource ags:ARN="GB2015400675">
	<dc:title><![CDATA[Status Oksalat Serum Darah, Feses dan Urin Domba Lokal Jantan Silase Rumput Setaria sphacelata dalam Ransumnya.]]></dc:title>
	<dc:creator>
		<ags:creatorPersonal><![CDATA[Marry Christiyanto]]></ags:creatorPersonal>
	</dc:creator>
	<dc:identifier scheme="dcterms:URI"><![CDATA[oai:core.kmi.open.ac.uk:11715976]]></dc:identifier>
	<dc:identifier scheme="dcterms:URI"><![CDATA[http://core.kmi.open.ac.uk/download/pdf/11715976.pdf]]></dc:identifier>
	<dc:format><dcterms:medium><![CDATA[text]]></dcterms:medium></dc:format>
</ags:resource>
<ags:resource ags:ARN="GB2015400676">
	<dc:title><![CDATA[PENGARUH PEMBERIAN YODIUM DI DALAM AIR MINUM TERHADAP LAJU METABOLISME DAN KONSUMSI OKSIGEN PUYUH BETINA (Coturnix coturnix japonica)]]></dc:title>
	<dc:creator>
		<ags:creatorPersonal><![CDATA[MUHAMAD NUR WAHID]]></ags:creatorPersonal>
	</dc:creator>
	<dc:identifier scheme="dcterms:URI"><![CDATA[oai:core.kmi.open.ac.uk:11715999]]></dc:identifier>
	<dc:identifier scheme="dcterms:URI"><![CDATA[http://core.kmi.open.ac.uk/download/pdf/11715999.pdf]]></dc:identifier>
	<dc:format><dcterms:medium><![CDATA[text]]></dcterms:medium></dc:format>
</ags:resource>
<ags:resource ags:ARN="GB2015400677">
	<dc:title><![CDATA[Pengaruh Berbagai Konsentrasi Desinfektan untuk Dipping pada Puting Susu Sapi Perah terhadap Total Bakteri dan pH Susu (The Influence of Desinfectant Concentration for Nipples Dipping on Total Plate Count and pH of Milk)]]></dc:title>
	<dc:creator>
		<ags:creatorPersonal><![CDATA[IMAMATUN KHASANAH]]></ags:creatorPersonal>
	</dc:creator>
	<dc:identifier scheme="dcterms:URI"><![CDATA[oai:core.kmi.open.ac.uk:11715993]]></dc:identifier>
	<dc:identifier scheme="dcterms:URI"><![CDATA[http://core.kmi.open.ac.uk/download/pdf/11715993.pdf]]></dc:identifier>
	<dc:format><dcterms:medium><![CDATA[text]]></dcterms:medium></dc:format>
</ags:resource>
<ags:resource ags:ARN="GB2015400678">
	<dc:title><![CDATA[Pengaruh Frekuensi Pemberian Tepung Temulawak (Curcuma xanthorrhiza roxb) dalam Ransum terhadap Karkas Ayam Broiler Betina (The Effect of Curcuma xanthorrhiza roxb Meal on Carcass of Female Broiler)]]></dc:title>
	<dc:creator>
		<ags:creatorPersonal><![CDATA[Samsul Hadi]]></ags:creatorPersonal>
	</dc:creator>
	<dc:identifier scheme="dcterms:URI"><![CDATA[http://core.kmi.open.ac.uk/download/pdf/11716001.pdf]]></dc:identifier>
	<dc:identifier scheme="dcterms:URI"><![CDATA[oai:core.kmi.open.ac.uk:11716001]]></dc:identifier>
	<dc:format><dcterms:medium><![CDATA[text]]></dcterms:medium></dc:format>
</ags:resource>
<ags:resource ags:ARN="GB2015400679">
	<dc:title><![CDATA[Pengaruh Pemberian Pakan dengan Kandungan Protein dan Total Digestible Nutrients yang Berbeda terhadap Meat-bone Ratio dan Yield Grade Domba Lokal Jantan (The Effect of Feeding with Different Protein and Total Digestible Nutrients on Meat-bone Ratio and Yield Grade of Local Rams)]]></dc:title>
	<dc:creator>
		<ags:creatorPersonal><![CDATA[Firman Mulia]]></ags:creatorPersonal>
	</dc:creator>
	<dc:identifier scheme="dcterms:URI"><![CDATA[http://core.kmi.open.ac.uk/download/pdf/11715986.pdf]]></dc:identifier>
	<dc:identifier scheme="dcterms:URI"><![CDATA[oai:core.kmi.open.ac.uk:11715986]]></dc:identifier>
	<dc:format><dcterms:medium><![CDATA[text]]></dcterms:medium></dc:format>
</ags:resource>
<ags:resource ags:ARN="GB2015400680">
	<dc:title><![CDATA[Pengaruh Lama Waktu Dipping Puting Sapi Laktasi terhadap Total Bakteri dan pH Susu (Effect of Teat Dipping Duration of Dairy Lactation Cow on Total Plate Count and pH of Milk)]]></dc:title>
	<dc:creator>
		<ags:creatorPersonal><![CDATA[Laily Ayu Muniroh]]></ags:creatorPersonal>
	</dc:creator>
	<dc:identifier scheme="dcterms:URI"><![CDATA[oai:core.kmi.open.ac.uk:11715995]]></dc:identifier>
	<dc:identifier scheme="dcterms:URI"><![CDATA[http://core.kmi.open.ac.uk/download/pdf/11715995.pdf]]></dc:identifier>
	<dc:format><dcterms:medium><![CDATA[text]]></dcterms:medium></dc:format>
</ags:resource>
<ags:resource ags:ARN="GB2015400681">
	<dc:title><![CDATA[PERSENTASE KARKAS DAN NON-KARKAS, YIELD GRADE DAN MEAT-BONE RATIO SAPI PERANAKAN ONGOLE YANG DIBERI PAKAN JERAMI TERURINASI DAN KONSENTRAT DENGAN LEVEL YANG BERBEDA]]></dc:title>
	<dc:creator>
		<ags:creatorPersonal><![CDATA[WIDITA ROSALINA WIDYANINGRUM]]></ags:creatorPersonal>
	</dc:creator>
	<dc:identifier scheme="dcterms:URI"><![CDATA[http://core.kmi.open.ac.uk/download/pdf/11716006.pdf]]></dc:identifier>
	<dc:identifier scheme="dcterms:URI"><![CDATA[oai:core.kmi.open.ac.uk:11716006]]></dc:identifier>
	<dc:format><dcterms:medium><![CDATA[text]]></dcterms:medium></dc:format>
</ags:resource>
<ags:resource ags:ARN="GB2015400682">
	<dc:title><![CDATA[STATUS HEMATOLOGIS (JUMLAH ERITROSIT, KADAR HEMOGLOBIN DAN KADAR HEMATOKRIT) AYAM KEDU PERIODE STARTER-GROWER PADA JENIS KELAMIN DAN WARNA BULU YANG BERBEDA]]></dc:title>
	<dc:creator>
		<ags:creatorPersonal><![CDATA[Heri Kusmanto]]></ags:creatorPersonal>
	</dc:creator>
	<dc:identifier scheme="dcterms:URI"><![CDATA[http://core.kmi.open.ac.uk/download/pdf/11716004.pdf]]></dc:identifier>
	<dc:identifier scheme="dcterms:URI"><![CDATA[oai:core.kmi.open.ac.uk:11716004]]></dc:identifier>
	<dc:format><dcterms:medium><![CDATA[text]]></dcterms:medium></dc:format>
</ags:resource>
<ags:resource ags:ARN="GB2015400683">
	<dc:title><![CDATA[KANDUNGAN SERAT KASAR, TINGKAT KEKENYALAN, DAN RASA BAKSO SAPI DENGAN SUBTITUSI TEPUNG UBI JALAR UNGU (Ipomoea batatas L.)]]></dc:title>
	<dc:creator>
		<ags:creatorPersonal><![CDATA[AFRIDA FATKHIATUL MUSFIROH]]></ags:creatorPersonal>
	</dc:creator>
	<dc:identifier scheme="dcterms:URI"><![CDATA[http://core.kmi.open.ac.uk/download/pdf/11716043.pdf]]></dc:identifier>
	<dc:identifier scheme="dcterms:URI"><![CDATA[oai:core.kmi.open.ac.uk:11716043]]></dc:identifier>
	<dc:format><dcterms:medium><![CDATA[text]]></dcterms:medium></dc:format>
</ags:resource>
<ags:resource ags:ARN="GB2015400684">
	<dc:title><![CDATA[TOTAL BAKTERI ASAM LAKTAT, KEASAMAN DAN TOTAL BAHAN PADAT ES KRIM PROBIOTIK DENGAN PENAMBAHAN DAGING BUAH NANGKA]]></dc:title>
	<dc:creator>
		<ags:creatorPersonal><![CDATA[ARINA KURNIATI]]></ags:creatorPersonal>
	</dc:creator>
	<dc:identifier scheme="dcterms:URI"><![CDATA[http://core.kmi.open.ac.uk/download/pdf/11716047.pdf]]></dc:identifier>
	<dc:identifier scheme="dcterms:URI"><![CDATA[oai:core.kmi.open.ac.uk:11716047]]></dc:identifier>
	<dc:format><dcterms:medium><![CDATA[text]]></dcterms:medium></dc:format>
</ags:resource>
<ags:resource ags:ARN="GB2015400685">
	<dc:title><![CDATA[Total Bakteri Asam Laktat, Total Asam, pH dan Kesukaan Sosis Fermentasi dengan Starter Lactobacillus casei pada Lama Pemeraman yang Berbeda ( Total of Lactic Acid Bacteria, Total Acid, pH and Preference of Fermentation Sausage under Different Ripening Periods)]]></dc:title>
	<dc:creator>
		<ags:creatorPersonal><![CDATA[Aris Prasetyo]]></ags:creatorPersonal>
	</dc:creator>
	<dc:identifier scheme="dcterms:URI"><![CDATA[http://core.kmi.open.ac.uk/download/pdf/11716054.pdf]]></dc:identifier>
	<dc:identifier scheme="dcterms:URI"><![CDATA[oai:core.kmi.open.ac.uk:11716054]]></dc:identifier>
	<dc:format><dcterms:medium><![CDATA[text]]></dcterms:medium></dc:format>
</ags:resource>
<ags:resource ags:ARN="GB2015400686">
	<dc:title><![CDATA[Pengaruh Perendaman dalam Daun Kumis Kucing (Orthosiphon stamineus, Benth) dan Perebusan terhadap Kandungan Cd dan Pb pada Usus dan Giblet Ayam Broiler yang Diberi Pakan Komersial Merk ”X”. (The Effect of Soaking in Orthosiphon stamineus, Benth. and Boiling on Cd and Pb Content of Intestine and Giblet of Broilers Given Commercial Feed of “X” Trade Mark)]]></dc:title>
	<dc:creator>
		<ags:creatorPersonal><![CDATA[Pál Tomcsányi]]></ags:creatorPersonal>
	</dc:creator>
	<dc:identifier scheme="dcterms:URI"><![CDATA[http://core.kmi.open.ac.uk/download/pdf/11716061.pdf]]></dc:identifier>
	<dc:identifier scheme="dcterms:URI"><![CDATA[oai:core.kmi.open.ac.uk:11716061]]></dc:identifier>
	<dc:format><dcterms:medium><![CDATA[text]]></dcterms:medium></dc:format>
</ags:resource>
<ags:resource ags:ARN="GB2015400687">
	<dc:title><![CDATA[KARAKTERISTIK HASIL EKSTRAKSI CANGKANG TELUR DENGAN PELARUT ASAM ASETAT (CH3COOH)]]></dc:title>
	<dc:creator>
		<ags:creatorPersonal><![CDATA[Ika Puspitasari]]></ags:creatorPersonal>
	</dc:creator>
	<dc:identifier scheme="dcterms:URI"><![CDATA[http://core.kmi.open.ac.uk/download/pdf/11716068.pdf]]></dc:identifier>
	<dc:identifier scheme="dcterms:URI"><![CDATA[oai:core.kmi.open.ac.uk:11716068]]></dc:identifier>
	<dc:format><dcterms:medium><![CDATA[text]]></dcterms:medium></dc:format>
</ags:resource>
<ags:resource ags:ARN="GB2015400688">
	<dc:title><![CDATA[Gula Total, Rasa dan Warna Es Krim dengan Krim yang Disubstitusi Berbagai Jenis Ubi Jalar (Total Sugar, Flavour and Calour of Ice Cream with Cream Subtituted by the Various Kind of Ipomoea batatas)]]></dc:title>
	<dc:creator>
		<ags:creatorPersonal><![CDATA[SURYANI WIJAYANTI]]></ags:creatorPersonal>
	</dc:creator>
	<dc:identifier scheme="dcterms:URI"><![CDATA[http://core.kmi.open.ac.uk/download/pdf/11716087.pdf]]></dc:identifier>
	<dc:identifier scheme="dcterms:URI"><![CDATA[oai:core.kmi.open.ac.uk:11716087]]></dc:identifier>
	<dc:format><dcterms:medium><![CDATA[text]]></dcterms:medium></dc:format>
</ags:resource>
<ags:resource ags:ARN="GB2015400689">
	<dc:title><![CDATA[Profil Kolesterol, Kadar Protein, Tekstur dan Kesukaan Keju Menggunakan Mucor miehei Sebagai Sumber Koagulan (The Profile of Cholesterol, Protein Content, Texture and Preference of Cheese Using Mucor miehei as a Coagulant Source)]]></dc:title>
	<dc:creator>
		<ags:creatorPersonal><![CDATA[Afny Azizah]]></ags:creatorPersonal>
	</dc:creator>
	<dc:identifier scheme="dcterms:URI"><![CDATA[oai:core.kmi.open.ac.uk:11716037]]></dc:identifier>
	<dc:identifier scheme="dcterms:URI"><![CDATA[http://core.kmi.open.ac.uk/download/pdf/11716037.pdf]]></dc:identifier>
	<dc:format><dcterms:medium><![CDATA[text]]></dcterms:medium></dc:format>
</ags:resource>
<ags:resource ags:ARN="GB2015400690">
	<dc:title><![CDATA[Kualitas Fisik (Waktu Pelelehan, Overrun) dan Kesukaan pada Es Krim Probiotik dengan Penambahan Daging Buah Nangka (Physical Quality: Melting Resistance, Overrun and Preference of Probiotic Ice Cream with Jackfruit Addition)]]></dc:title>
	<dc:creator>
		<ags:creatorPersonal><![CDATA[E Kurnianto]]></ags:creatorPersonal>
		<ags:creatorPersonal><![CDATA[S Johari]]></ags:creatorPersonal>
		<ags:creatorPersonal><![CDATA[H Kurniawan]]></ags:creatorPersonal>
	</dc:creator>
	<dc:identifier scheme="dcterms:URI"><![CDATA[http://core.kmi.open.ac.uk/download/pdf/11716083.pdf]]></dc:identifier>
	<dc:identifier scheme="dcterms:URI"><![CDATA[oai:core.kmi.open.ac.uk:11716083]]></dc:identifier>
	<dc:format><dcterms:medium><![CDATA[text]]></dcterms:medium></dc:format>
</ags:resource>
<ags:resource ags:ARN="GB2015400691">
	<dc:title><![CDATA[VIABILITAS BAKTERI ASAM LAKTAT, pH, DAN KADAR ASAM LAKTAT ES KRIM FERMENTASI SELAMA 4 MINGGU PENYIMPANAN BEKU]]></dc:title>
	<dc:creator>
		<ags:creatorPersonal><![CDATA[TOMMY JEVIEZA EFRAYIM TAMARA PONTOH]]></ags:creatorPersonal>
	</dc:creator>
	<dc:identifier scheme="dcterms:URI"><![CDATA[http://core.kmi.open.ac.uk/download/pdf/11716089.pdf]]></dc:identifier>
	<dc:identifier scheme="dcterms:URI"><![CDATA[oai:core.kmi.open.ac.uk:11716089]]></dc:identifier>
	<dc:format><dcterms:medium><![CDATA[text]]></dcterms:medium></dc:format>
</ags:resource>
<ags:resource ags:ARN="GB2015400692">
	<dc:title><![CDATA[PENGARUH PERENDAMAN EKSTRAK BELIMBING WULUH (Averrhoa bilimbi L) TERHADAP SUSUT MASAK, KEEMPUKAN, DAN AROMA DAGING AYAM PETELUR AFKIR]]></dc:title>
	<dc:creator>
		<ags:creatorPersonal><![CDATA[Heby RAKASIWI]]></ags:creatorPersonal>
		<ags:creatorPersonal><![CDATA[Bitta PIGAWATI]]></ags:creatorPersonal>
	</dc:creator>
	<dc:identifier scheme="dcterms:URI"><![CDATA[http://core.kmi.open.ac.uk/download/pdf/11716096.pdf]]></dc:identifier>
	<dc:identifier scheme="dcterms:URI"><![CDATA[oai:core.kmi.open.ac.uk:11716096]]></dc:identifier>
	<dc:format><dcterms:medium><![CDATA[text]]></dcterms:medium></dc:format>
</ags:resource>
<ags:resource ags:ARN="GB2015400693">
	<dc:title><![CDATA[Pengaruh Penggunaan Kapang (Mucor miehei) sebagai Sumber Enzim Koagulan terhadap Kadar Lemak, Bahan Kering serta Mutu Hedonik Keju dengan Lama Pemeraman Berbeda. (The Effects of Kapang (Mucor miehei) as a Source of Coagulant Enzyme on Fat Content, Total Solids, and Hedonic Quality of Cheese with Different Incubation Period)]]></dc:title>
	<dc:creator>
		<ags:creatorPersonal><![CDATA[PUTRI WIDYANTI HARLINA]]></ags:creatorPersonal>
	</dc:creator>
	<dc:identifier scheme="dcterms:URI"><![CDATA[http://core.kmi.open.ac.uk/download/pdf/11716078.pdf]]></dc:identifier>
	<dc:identifier scheme="dcterms:URI"><![CDATA[oai:core.kmi.open.ac.uk:11716078]]></dc:identifier>
	<dc:format><dcterms:medium><![CDATA[text]]></dcterms:medium></dc:format>
</ags:resource>
<ags:resource ags:ARN="GB2015400694">
	<dc:title><![CDATA[PENGARUH PENAMBAHAN BEKATUL PADA PEMBUATAN YOGHURT TERHADAP TOTAL BAKTERI ASAM LAKTAT, KADAR LAKTOSA DAN KEASAMAN]]></dc:title>
	<dc:creator>
		<ags:creatorPersonal><![CDATA[ABI SURYA WIRANATA]]></ags:creatorPersonal>
	</dc:creator>
	<dc:identifier scheme="dcterms:URI"><![CDATA[oai:core.kmi.open.ac.uk:11716100]]></dc:identifier>
	<dc:identifier scheme="dcterms:URI"><![CDATA[http://core.kmi.open.ac.uk/download/pdf/11716100.pdf]]></dc:identifier>
	<dc:format><dcterms:medium><![CDATA[text]]></dcterms:medium></dc:format>
</ags:resource>
<ags:resource ags:ARN="GB2015400695">
	<dc:title><![CDATA[KADAR LEMAK, WARNA, KESUKAAN DAN UJI PEMBEDA BAKSO DAGING SAPI YANG DISUBSTITUSI DENGAN DAGING AYAM PETELUR AFKIR]]></dc:title>
	<dc:creator>
		<ags:creatorPersonal><![CDATA[Edy Rianto]]></ags:creatorPersonal>
		<ags:creatorPersonal><![CDATA[Ninik Muryanti]]></ags:creatorPersonal>
		<ags:creatorPersonal><![CDATA[Endang Purbowati]]></ags:creatorPersonal>
	</dc:creator>
	<dc:identifier scheme="dcterms:URI"><![CDATA[http://core.kmi.open.ac.uk/download/pdf/11716111.pdf]]></dc:identifier>
	<dc:identifier scheme="dcterms:URI"><![CDATA[oai:core.kmi.open.ac.uk:11716111]]></dc:identifier>
	<dc:format><dcterms:medium><![CDATA[text]]></dcterms:medium></dc:format>
</ags:resource>
<ags:resource ags:ARN="GB2015400696">
	<dc:title><![CDATA[Pengaruh Perendaman dalam Larutan Na2EDTA terhadap Kandungan Pb dan Cd pada Hati dan Daging Ayam Broiler yang Diberi Pakan Komersial. (The Influence of Soaking in Na2EDTA Solution on Pb and Cd Content in Liver and Carcass of Broiler Fed Commercial Feed)]]></dc:title>
	<dc:creator>
		<ags:creatorPersonal><![CDATA[Gordeyase Mas I Ketut]]></ags:creatorPersonal>
	</dc:creator>
	<dc:identifier scheme="dcterms:URI"><![CDATA[oai:core.kmi.open.ac.uk:11716066]]></dc:identifier>
	<dc:identifier scheme="dcterms:URI"><![CDATA[http://core.kmi.open.ac.uk/download/pdf/11716066.pdf]]></dc:identifier>
	<dc:format><dcterms:medium><![CDATA[text]]></dcterms:medium></dc:format>
</ags:resource>
<ags:resource ags:ARN="GB2015400697">
	<dc:title><![CDATA[Sifat Organoleptik, Total Asam dan Total Mikroba Kefir Susu Kambing dengan Kombinasi Starter Lactobacillus acidophilus dan Saccharomyces cerevisiae (Sensory Characteristics, Total Acid, and Total Microbes of Goat Milk Kefyr with Combinations of Lactobacillus acidophilus and Saccharomyces cerevisiae as Starters)]]></dc:title>
	<dc:creator>
		<ags:creatorPersonal><![CDATA[AMANDA LIANA ARISTYA]]></ags:creatorPersonal>
	</dc:creator>
	<dc:identifier scheme="dcterms:URI"><![CDATA[http://core.kmi.open.ac.uk/download/pdf/11716108.pdf]]></dc:identifier>
	<dc:identifier scheme="dcterms:URI"><![CDATA[oai:core.kmi.open.ac.uk:11716108]]></dc:identifier>
	<dc:format><dcterms:medium><![CDATA[text]]></dcterms:medium></dc:format>
</ags:resource>
<ags:resource ags:ARN="GB2015400698">
	<dc:title><![CDATA[PENGARUH LAMA PEMERAMAN DAGING KAMBING PRA CURING DENGAN KULIT NANAS TERHADAP KEEMPUKAN, WARNA DAN KESUKAAN DENDENG KAMBING]]></dc:title>
	<dc:creator>
		<ags:creatorPersonal><![CDATA[DIAN FITRIANA MEINDRAYANI]]></ags:creatorPersonal>
	</dc:creator>
	<dc:identifier scheme="dcterms:URI"><![CDATA[oai:core.kmi.open.ac.uk:11716122]]></dc:identifier>
	<dc:identifier scheme="dcterms:URI"><![CDATA[http://core.kmi.open.ac.uk/download/pdf/11716122.pdf]]></dc:identifier>
	<dc:format><dcterms:medium><![CDATA[text]]></dcterms:medium></dc:format>
</ags:resource>
<ags:resource ags:ARN="GB2015400699">
	<dc:title><![CDATA[Pengaruh Penambahan Tepung Kacang Tanah pada Proses Pembuatan Yogurt terhadap Keasaman, Kekentalan, Bahan Kering, dan Kesukaan Konsumen. (The Influence of Peanut Flour Addition in Making of Yoghurt on Acidity, Viscosity, Total Solid, and Consumer Preference)]]></dc:title>
	<dc:creator>
		<ags:creatorPersonal><![CDATA[Mahmad Nor Jaafar]]></ags:creatorPersonal>
		<ags:creatorPersonal><![CDATA[Puteh Saad]]></ags:creatorPersonal>
		<ags:creatorPersonal><![CDATA[Satya N]]></ags:creatorPersonal>
		<ags:creatorPersonal><![CDATA[a V. Arjunan]]></ags:creatorPersonal>
	</dc:creator>
	<dc:identifier scheme="dcterms:URI"><![CDATA[http://core.kmi.open.ac.uk/download/pdf/11716112.pdf]]></dc:identifier>
	<dc:identifier scheme="dcterms:URI"><![CDATA[oai:core.kmi.open.ac.uk:11716112]]></dc:identifier>
	<dc:format><dcterms:medium><![CDATA[text]]></dcterms:medium></dc:format>
</ags:resource>
</ags:resources>