<?xml version="1.0" encoding="UTF-8"?>
<!DOCTYPE ags:resources SYSTEM "http://purl.org/agmes/agrisap/dtd/">
<ags:resources xmlns:ags="http://purl.org/agmes/1.1/" xmlns:dc="http://purl.org/dc/elements/1.1/" xmlns:agls="http://www.naa.gov.au/recordkeeping/gov_online/agls/1.2" xmlns:dcterms="http://purl.org/dc/terms/">
<ags:resource ags:ARN="GB2015403000">
	<dc:title><![CDATA[EFEKTIFITAS PENGHAMBATAN NITRIFIKASI MELALUI PENAMBAHAN SERESAH PAITAN  ( Tithonia diversifolia ) dan KENCUR  ( Kaempferia galanga ) DI TANAMAN UJI  JAGUNG  ( Zea mays L. ) DI TANAH ALFISOL]]></dc:title>
	<dc:creator>
		<ags:creatorPersonal><![CDATA[Erik Wulansari]]></ags:creatorPersonal>
	</dc:creator>
	<dc:identifier scheme="dcterms:URI"><![CDATA[http://core.kmi.open.ac.uk/download/pdf/12349145.pdf]]></dc:identifier>
	<dc:identifier scheme="dcterms:URI"><![CDATA[oai:core.kmi.open.ac.uk:12349145]]></dc:identifier>
	<dc:format><dcterms:medium><![CDATA[text]]></dcterms:medium></dc:format>
</ags:resource>
<ags:resource ags:ARN="GB2015403001">
	<dc:title><![CDATA[LAPORAN MAGANG DI PERUSAHAAN JENANG MUBAROKFOOD CIPTA DELICIA KUDUS ( PENGUJIAN KUALITAS JENANG HALUS)]]></dc:title>
	<dc:creator>
		<ags:creatorPersonal><![CDATA[WIDYA PUSPITA RINI]]></ags:creatorPersonal>
	</dc:creator>
	<dc:identifier scheme="dcterms:URI"><![CDATA[http://core.kmi.open.ac.uk/download/pdf/12349140.pdf]]></dc:identifier>
	<dc:identifier scheme="dcterms:URI"><![CDATA[oai:core.kmi.open.ac.uk:12349140]]></dc:identifier>
	<dc:format><dcterms:medium><![CDATA[text]]></dcterms:medium></dc:format>
</ags:resource>
<ags:resource ags:ARN="GB2015403002">
	<dc:title><![CDATA[LAPORAN MAGANG DI PT. PUNDI KENCANA Flour Mills Cilegon “Mempelajari Pengendalian Mutu (Quality Control) Pengolahan Tepung Terigu”]]></dc:title>
	<dc:creator>
		<ags:creatorPersonal><![CDATA[MUKLAS]]></ags:creatorPersonal>
	</dc:creator>
	<dc:identifier scheme="dcterms:URI"><![CDATA[http://core.kmi.open.ac.uk/download/pdf/12349137.pdf]]></dc:identifier>
	<dc:identifier scheme="dcterms:URI"><![CDATA[oai:core.kmi.open.ac.uk:12349137]]></dc:identifier>
	<dc:format><dcterms:medium><![CDATA[text]]></dcterms:medium></dc:format>
</ags:resource>
<ags:resource ags:ARN="GB2015403003">
	<dc:title><![CDATA[PENGARUH DOSIS PUPUK KANDANG SAPI DAN JENIS CM ( CENDAWAN MIKORIZA ARBUSKULAR) TERHADAP PERTUMBUHAN TANAMAN PURWOCENG  ( Pimpinella pruatjan Molkenb ) DI KECAMATAN SELO, BOYOLALI]]></dc:title>
	<dc:creator>
		<ags:creatorPersonal><![CDATA[Yosep Setyo Nugroho]]></ags:creatorPersonal>
	</dc:creator>
	<dc:identifier scheme="dcterms:URI"><![CDATA[oai:core.kmi.open.ac.uk:12349147]]></dc:identifier>
	<dc:identifier scheme="dcterms:URI"><![CDATA[http://core.kmi.open.ac.uk/download/pdf/12349147.pdf]]></dc:identifier>
	<dc:format><dcterms:medium><![CDATA[text]]></dcterms:medium></dc:format>
</ags:resource>
<ags:resource ags:ARN="GB2015403004">
	<dc:title><![CDATA[ANALISIS EFISIENSI PENGELOLAAN PERSEDIAAN BAHAN BAKU  KEDELAI PADA PERUSAHAAN KECAP PT. LOMBOK GANDARIA  FOOD INDUSTRY PALUR KARANGANYAR]]></dc:title>
	<dc:creator>
		<ags:creatorPersonal><![CDATA[TUNJUNG]]></ags:creatorPersonal>
	</dc:creator>
	<dc:identifier scheme="dcterms:URI"><![CDATA[http://core.kmi.open.ac.uk/download/pdf/12349153.pdf]]></dc:identifier>
	<dc:identifier scheme="dcterms:URI"><![CDATA[oai:core.kmi.open.ac.uk:12349153]]></dc:identifier>
	<dc:format><dcterms:medium><![CDATA[text]]></dcterms:medium></dc:format>
</ags:resource>
<ags:resource ags:ARN="GB2015403005">
	<dc:title><![CDATA[KAJIAN KARAKTERISTIK FISIKOKIMIA DAN SENSORI BERAS ORGANIK MENTIK SUSU DAN IR64; PECAH KULIT DAN GILING SELAMA PENYIMPANAN]]></dc:title>
	<dc:creator>
		<ags:creatorPersonal><![CDATA[Resita Wahyu Dianti]]></ags:creatorPersonal>
	</dc:creator>
	<dc:identifier scheme="dcterms:URI"><![CDATA[http://core.kmi.open.ac.uk/download/pdf/12349254.pdf]]></dc:identifier>
	<dc:identifier scheme="dcterms:URI"><![CDATA[oai:core.kmi.open.ac.uk:12349254]]></dc:identifier>
	<dc:format><dcterms:medium><![CDATA[text]]></dcterms:medium></dc:format>
</ags:resource>
<ags:resource ags:ARN="GB2015403006">
	<dc:title><![CDATA[PERANAN PENYULUH PERTANIAN DALAM PENGEMBANGAN  GABUNGAN KELOMPOK TANI (GAPOKTAN) DI DESA TEMPURAN  KECAMATAN PARON KABUPATEN NGAWI PERANAN PENYULUH PERTANIAN DALAM PENGEMBANGAN  GABUNGAN KELOMPOK TANI (GAPOKTAN) DI DESA TEMPURAN  KECAMATAN PARON KABUPATEN NGAWI  PERANAN PENYULUH PERTANIAN DALAM PENGEMBANGAN  GABUNGAN KELOMPOK TANI (GAPOKTAN) DI DESA TEMPURAN KECAMATAN PARON KABUPATEN NGAWI]]></dc:title>
	<dc:creator>
		<ags:creatorPersonal><![CDATA[AGINIA REVIKASARI]]></ags:creatorPersonal>
	</dc:creator>
	<dc:identifier scheme="dcterms:URI"><![CDATA[http://core.kmi.open.ac.uk/download/pdf/12349246.pdf]]></dc:identifier>
	<dc:identifier scheme="dcterms:URI"><![CDATA[oai:core.kmi.open.ac.uk:12349246]]></dc:identifier>
	<dc:format><dcterms:medium><![CDATA[text]]></dcterms:medium></dc:format>
</ags:resource>
<ags:resource ags:ARN="GB2015403007">
	<dc:title><![CDATA[KAJIAN APLIKASI MACAM PUPUK KANDANG DAN START  VITAMIN B1 TERHADAP PERTUMBUHAN, HASIL DAN  KANDUNGAN β-KAROTEN KELOPAK MERAH   TANAMAN ROSELA (Hibiscus sabdariffa Linn.)]]></dc:title>
	<dc:creator>
		<ags:creatorPersonal><![CDATA[SUWANDI]]></ags:creatorPersonal>
	</dc:creator>
	<dc:identifier scheme="dcterms:URI"><![CDATA[http://core.kmi.open.ac.uk/download/pdf/12349280.pdf]]></dc:identifier>
	<dc:identifier scheme="dcterms:URI"><![CDATA[oai:core.kmi.open.ac.uk:12349280]]></dc:identifier>
	<dc:format><dcterms:medium><![CDATA[text]]></dcterms:medium></dc:format>
</ags:resource>
<ags:resource ags:ARN="GB2015403008">
	<dc:title><![CDATA[BUDIDAYA TANAMAN HIAS AGLAONEMA DI DENI NURSERY AND GARDENING]]></dc:title>
	<dc:creator>
		<ags:creatorPersonal><![CDATA[Anita Tri Puspitasari]]></ags:creatorPersonal>
	</dc:creator>
	<dc:identifier scheme="dcterms:URI"><![CDATA[http://core.kmi.open.ac.uk/download/pdf/12349185.pdf]]></dc:identifier>
	<dc:identifier scheme="dcterms:URI"><![CDATA[oai:core.kmi.open.ac.uk:12349185]]></dc:identifier>
	<dc:format><dcterms:medium><![CDATA[text]]></dcterms:medium></dc:format>
</ags:resource>
<ags:resource ags:ARN="GB2015403009">
	<dc:title><![CDATA[KAJIAN APLIKASI MACAM PUPUK KANDANG DAN START  VITAMIN B1 TERHADAP PERTUMBUHAN, HASIL DAN  KANDUNGAN β-KAROTEN KELOPAK MERAH   TANAMAN ROSELA (Hibiscus sabdariffa Linn.)]]></dc:title>
	<dc:creator>
		<ags:creatorPersonal><![CDATA[Suw]]></ags:creatorPersonal>
		<ags:creatorPersonal><![CDATA[i]]></ags:creatorPersonal>
	</dc:creator>
	<dc:identifier scheme="dcterms:URI"><![CDATA[http://core.kmi.open.ac.uk/download/pdf/12349290.pdf]]></dc:identifier>
	<dc:identifier scheme="dcterms:URI"><![CDATA[oai:core.kmi.open.ac.uk:12349290]]></dc:identifier>
	<dc:format><dcterms:medium><![CDATA[text]]></dcterms:medium></dc:format>
</ags:resource>
<ags:resource ags:ARN="GB2015403010">
	<dc:title><![CDATA[STUDI TINGKAT KEKRITISAN LAHAN BUDIDAYA SALAK (Salacca zalacca Gaertn. Voss) DI DESA WONOREJO, JATIYOSO,  KARANGANYAR]]></dc:title>
	<dc:creator>
		<ags:creatorPersonal><![CDATA[Soleh Ferri Setyawan]]></ags:creatorPersonal>
	</dc:creator>
	<dc:identifier scheme="dcterms:URI"><![CDATA[oai:core.kmi.open.ac.uk:12349376]]></dc:identifier>
	<dc:identifier scheme="dcterms:URI"><![CDATA[http://core.kmi.open.ac.uk/download/pdf/12349376.pdf]]></dc:identifier>
	<dc:format><dcterms:medium><![CDATA[text]]></dcterms:medium></dc:format>
</ags:resource>
<ags:resource ags:ARN="GB2015403011">
	<dc:title><![CDATA[ANALISIS HUBUNGAN PROPORSI PENGELUARAN DAN KONSUMSI PANGAN DENGAN KETAHANAN PANGAN RUMAH TANGGA PETANI DI KABUPATEN KULON PROGO]]></dc:title>
	<dc:creator>
		<ags:creatorPersonal><![CDATA[AGNES YUDANINGRUM W]]></ags:creatorPersonal>
	</dc:creator>
	<dc:identifier scheme="dcterms:URI"><![CDATA[http://core.kmi.open.ac.uk/download/pdf/12349398.pdf]]></dc:identifier>
	<dc:identifier scheme="dcterms:URI"><![CDATA[oai:core.kmi.open.ac.uk:12349398]]></dc:identifier>
	<dc:format><dcterms:medium><![CDATA[text]]></dcterms:medium></dc:format>
</ags:resource>
<ags:resource ags:ARN="GB2015403012">
	<dc:title><![CDATA[SIKAP PETANI WORTEL (Daucus Carota L) TERHADAP PENGEMBANGAN  KAWASAN AGROPOLITAN DI KECAMATAN TAWANGMANGU  KABUPATEN KARANGANYAR]]></dc:title>
	<dc:creator>
		<ags:creatorPersonal><![CDATA[SRI SULARMI]]></ags:creatorPersonal>
	</dc:creator>
	<dc:identifier scheme="dcterms:URI"><![CDATA[oai:core.kmi.open.ac.uk:12349404]]></dc:identifier>
	<dc:identifier scheme="dcterms:URI"><![CDATA[http://core.kmi.open.ac.uk/download/pdf/12349404.pdf]]></dc:identifier>
	<dc:format><dcterms:medium><![CDATA[text]]></dcterms:medium></dc:format>
</ags:resource>
<ags:resource ags:ARN="GB2015403013">
	<dc:title><![CDATA[ANALISIS KETAHANAN PANGAN RUMAH TANGGA MISKIN PADA DAERAH RAWAN BANJIR DI KECAMATAN JEBRES KOTA SURAKARTA]]></dc:title>
	<dc:creator>
		<ags:creatorPersonal><![CDATA[Reny Oktarika Ermawati]]></ags:creatorPersonal>
	</dc:creator>
	<dc:identifier scheme="dcterms:URI"><![CDATA[oai:core.kmi.open.ac.uk:12349427]]></dc:identifier>
	<dc:identifier scheme="dcterms:URI"><![CDATA[http://core.kmi.open.ac.uk/download/pdf/12349427.pdf]]></dc:identifier>
	<dc:format><dcterms:medium><![CDATA[text]]></dcterms:medium></dc:format>
</ags:resource>
<ags:resource ags:ARN="GB2015403014">
	<dc:title><![CDATA[PENGARUH PENGAYAAN PUPUK ORGANIK DAN SERESAH PAITAN TERHADAP KETERSEDIAAN UNSUR S, SERAPAN S DAN KUALITAS HASIL PADI PADA DUA SISTEM BUDIDAYA]]></dc:title>
	<dc:creator>
		<ags:creatorPersonal><![CDATA[O. W. Heal]]></ags:creatorPersonal>
	</dc:creator>
	<dc:identifier scheme="dcterms:URI"><![CDATA[http://core.kmi.open.ac.uk/download/pdf/12349443.pdf]]></dc:identifier>
	<dc:identifier scheme="dcterms:URI"><![CDATA[oai:core.kmi.open.ac.uk:12349443]]></dc:identifier>
	<dc:format><dcterms:medium><![CDATA[text]]></dcterms:medium></dc:format>
</ags:resource>
<ags:resource ags:ARN="GB2015403015">
	<dc:title><![CDATA[PENGARUH IMBANGAN HIJAUAN DENGAN KONSENTRAT BERBAHAN BAKU LIMBAH PENGOLAHAN HASIL PERTANIAN DALAM RANSUM TERHADAP PENAMPILAN SAPI PFH JANTAN]]></dc:title>
	<dc:creator>
		<ags:creatorPersonal><![CDATA[A.R.C. BAENA]]></ags:creatorPersonal>
	</dc:creator>
	<dc:identifier scheme="dcterms:URI"><![CDATA[http://core.kmi.open.ac.uk/download/pdf/12349462.pdf]]></dc:identifier>
	<dc:identifier scheme="dcterms:URI"><![CDATA[oai:core.kmi.open.ac.uk:12349462]]></dc:identifier>
	<dc:format><dcterms:medium><![CDATA[text]]></dcterms:medium></dc:format>
</ags:resource>
<ags:resource ags:ARN="GB2015403016">
	<dc:title><![CDATA[PENGARUH TINGKAT PROTEIN RANSUM PADA AKHIR MASA KEBUNTINGAN PERTAMA TERHADAP PERFORMAN DAN BERAT LAHIR PEDET SAPI PERAH PERANAKAN FRIESIAN HOLSTEIN (PFH)]]></dc:title>
	<dc:creator>
		<ags:creatorPersonal><![CDATA[Triyono]]></ags:creatorPersonal>
	</dc:creator>
	<dc:identifier scheme="dcterms:URI"><![CDATA[http://core.kmi.open.ac.uk/download/pdf/12349464.pdf]]></dc:identifier>
	<dc:identifier scheme="dcterms:URI"><![CDATA[oai:core.kmi.open.ac.uk:12349464]]></dc:identifier>
	<dc:format><dcterms:medium><![CDATA[text]]></dcterms:medium></dc:format>
</ags:resource>
<ags:resource ags:ARN="GB2015403017">
	<dc:title><![CDATA[PENGARUH SUPLEMENTASI GETAH PEPAYA (Carica papaya) DALAM RANSUM TERHADAP PERFORMAN KELINCI NEW ZEALAND WHITE JANTAN]]></dc:title>
	<dc:creator>
		<ags:creatorPersonal><![CDATA[Pramuwidhi Pekik W]]></ags:creatorPersonal>
	</dc:creator>
	<dc:identifier scheme="dcterms:URI"><![CDATA[oai:core.kmi.open.ac.uk:12349465]]></dc:identifier>
	<dc:identifier scheme="dcterms:URI"><![CDATA[http://core.kmi.open.ac.uk/download/pdf/12349465.pdf]]></dc:identifier>
	<dc:format><dcterms:medium><![CDATA[text]]></dcterms:medium></dc:format>
</ags:resource>
<ags:resource ags:ARN="GB2015403018">
	<dc:title><![CDATA[PROSES PRODUKSI MANISAN CARICA DI UD. YUASAFOOD BERKAH MAKMUR Desa Krasak, Mojotengah, Kab. Wonosobo]]></dc:title>
	<dc:creator>
		<ags:creatorPersonal><![CDATA[USWATUN NUR HASANAH]]></ags:creatorPersonal>
	</dc:creator>
	<dc:identifier scheme="dcterms:URI"><![CDATA[oai:core.kmi.open.ac.uk:12349455]]></dc:identifier>
	<dc:identifier scheme="dcterms:URI"><![CDATA[http://core.kmi.open.ac.uk/download/pdf/12349455.pdf]]></dc:identifier>
	<dc:format><dcterms:medium><![CDATA[text]]></dcterms:medium></dc:format>
</ags:resource>
<ags:resource ags:ARN="GB2015403019">
	<dc:title><![CDATA[Pengaruh suplementasi ampas tahu, ampas tempe dan ampas kecap terhadap kecernaan bahan kering dan bahan organik pada domba lokal jantan]]></dc:title>
	<dc:creator>
		<ags:creatorPersonal><![CDATA[Marie-Joëlle Fluet]]></ags:creatorPersonal>
	</dc:creator>
	<dc:identifier scheme="dcterms:URI"><![CDATA[oai:core.kmi.open.ac.uk:12349466]]></dc:identifier>
	<dc:identifier scheme="dcterms:URI"><![CDATA[http://core.kmi.open.ac.uk/download/pdf/12349466.pdf]]></dc:identifier>
	<dc:format><dcterms:medium><![CDATA[text]]></dcterms:medium></dc:format>
</ags:resource>
<ags:resource ags:ARN="GB2015403020">
	<dc:title><![CDATA[Pengaruh penambahan tepung lempuyang (Zingiber aromaticum.Val) dalam ransum terhadap produksi karkas kelinci New Zealand White jantan]]></dc:title>
	<dc:creator>
		<ags:creatorPersonal><![CDATA[P. A. Stevens]]></ags:creatorPersonal>
		<ags:creatorPersonal><![CDATA[B. A. Emmett]]></ags:creatorPersonal>
		<ags:creatorPersonal><![CDATA[B. Reynolds]]></ags:creatorPersonal>
		<ags:creatorPersonal><![CDATA[D. A. Norris]]></ags:creatorPersonal>
	</dc:creator>
	<dc:identifier scheme="dcterms:URI"><![CDATA[http://core.kmi.open.ac.uk/download/pdf/12349467.pdf]]></dc:identifier>
	<dc:identifier scheme="dcterms:URI"><![CDATA[oai:core.kmi.open.ac.uk:12349467]]></dc:identifier>
	<dc:format><dcterms:medium><![CDATA[text]]></dcterms:medium></dc:format>
</ags:resource>
<ags:resource ags:ARN="GB2015403021">
	<dc:title><![CDATA[PENGARUH PEMANFAATAN BAKTERI PENGHASIL FITASE (Pantoea agglomerans) DALAM RANSUM TERHADAP KUALITAS KARKAS AYAM BROILER]]></dc:title>
	<dc:creator>
		<ags:creatorPersonal><![CDATA[ALEX YULIYANTO]]></ags:creatorPersonal>
	</dc:creator>
	<dc:identifier scheme="dcterms:URI"><![CDATA[oai:core.kmi.open.ac.uk:12349468]]></dc:identifier>
	<dc:identifier scheme="dcterms:URI"><![CDATA[http://core.kmi.open.ac.uk/download/pdf/12349468.pdf]]></dc:identifier>
	<dc:format><dcterms:medium><![CDATA[text]]></dcterms:medium></dc:format>
</ags:resource>
<ags:resource ags:ARN="GB2015403022">
	<dc:title><![CDATA[PENGARUH PENGGGUNAAN RAGI ROTI TERHADAP KECERNAAN RANSUM KELINCI NEW ZEALAND WHITE JANTAN]]></dc:title>
	<dc:creator>
		<ags:creatorPersonal><![CDATA[HELMI MUHTAROM]]></ags:creatorPersonal>
	</dc:creator>
	<dc:identifier scheme="dcterms:URI"><![CDATA[oai:core.kmi.open.ac.uk:12349471]]></dc:identifier>
	<dc:identifier scheme="dcterms:URI"><![CDATA[http://core.kmi.open.ac.uk/download/pdf/12349471.pdf]]></dc:identifier>
	<dc:format><dcterms:medium><![CDATA[text]]></dcterms:medium></dc:format>
</ags:resource>
<ags:resource ags:ARN="GB2015403023">
	<dc:title><![CDATA[PENGARUH PENGGANTIAN KONSENTRAT DENGAN TEPUNG SAMPAH ORGANIK DALAM RANSUM TERHADAP KECERNAAN BAHAN KERING DAN BAHAN ORGANIK PADA DOMBA LOKAL JANTAN]]></dc:title>
	<dc:creator>
		<ags:creatorPersonal><![CDATA[TOPAN NUR HARYANTO]]></ags:creatorPersonal>
	</dc:creator>
	<dc:identifier scheme="dcterms:URI"><![CDATA[oai:core.kmi.open.ac.uk:12349470]]></dc:identifier>
	<dc:identifier scheme="dcterms:URI"><![CDATA[http://core.kmi.open.ac.uk/download/pdf/12349470.pdf]]></dc:identifier>
	<dc:format><dcterms:medium><![CDATA[text]]></dcterms:medium></dc:format>
</ags:resource>
<ags:resource ags:ARN="GB2015403024">
	<dc:title><![CDATA[PENGARUH PENGGUNAAN PUPUK SIPRAMIN TERHADAP KANDUNGAN CD TANAH VERTISOL DENGAN INDIKATOR TANAMAN PADI PADA MUSIM TANAM II]]></dc:title>
	<dc:creator>
		<ags:creatorPersonal><![CDATA[C. J. Barr]]></ags:creatorPersonal>
		<ags:creatorPersonal><![CDATA[J. W. Watkins]]></ags:creatorPersonal>
	</dc:creator>
	<dc:identifier scheme="dcterms:URI"><![CDATA[oai:core.kmi.open.ac.uk:12349474]]></dc:identifier>
	<dc:identifier scheme="dcterms:URI"><![CDATA[http://core.kmi.open.ac.uk/download/pdf/12349474.pdf]]></dc:identifier>
	<dc:format><dcterms:medium><![CDATA[text]]></dcterms:medium></dc:format>
</ags:resource>
<ags:resource ags:ARN="GB2015403025">
	<dc:title><![CDATA[PENGARUH PENGGUNAAN CAMPURAN AMPAS BIR DAN ONGGOK DALAM KONSENTRAT TERHADAP KECERNAAN BAHAN KERING DAN BAHAN ORGANIK DOMBA LOKAL JANTAN]]></dc:title>
	<dc:creator>
		<ags:creatorPersonal><![CDATA[Sri Wahyuni]]></ags:creatorPersonal>
	</dc:creator>
	<dc:identifier scheme="dcterms:URI"><![CDATA[oai:core.kmi.open.ac.uk:12349478]]></dc:identifier>
	<dc:identifier scheme="dcterms:URI"><![CDATA[http://core.kmi.open.ac.uk/download/pdf/12349478.pdf]]></dc:identifier>
	<dc:format><dcterms:medium><![CDATA[text]]></dcterms:medium></dc:format>
</ags:resource>
<ags:resource ags:ARN="GB2015403026">
	<dc:title><![CDATA[PENGARUH ASAL BAHAN SETEK DAN DOSIS PUPUK KANDANG SAPI  TERHADAP PERTUMBUHAN BIBIT NILAM (Pogostemon cablin Benth)]]></dc:title>
	<dc:creator>
		<ags:creatorPersonal><![CDATA[NOEKE KORSISKA DEWI]]></ags:creatorPersonal>
	</dc:creator>
	<dc:identifier scheme="dcterms:URI"><![CDATA[oai:core.kmi.open.ac.uk:12349479]]></dc:identifier>
	<dc:identifier scheme="dcterms:URI"><![CDATA[http://core.kmi.open.ac.uk/download/pdf/12349479.pdf]]></dc:identifier>
	<dc:format><dcterms:medium><![CDATA[text]]></dcterms:medium></dc:format>
</ags:resource>
<ags:resource ags:ARN="GB2015403027">
	<dc:title><![CDATA[ANALISIS PERTUMBUHAN UBI JALAR (Ipomoea batatas L.) DAN TANAMAN NANAS (Ananas comosus (L.) Merr) DALAM SISTEM TUMPANGSARI]]></dc:title>
	<dc:creator>
		<ags:creatorPersonal><![CDATA[FEVI CATUR WULAN SARI]]></ags:creatorPersonal>
	</dc:creator>
	<dc:identifier scheme="dcterms:URI"><![CDATA[http://core.kmi.open.ac.uk/download/pdf/12349492.pdf]]></dc:identifier>
	<dc:identifier scheme="dcterms:URI"><![CDATA[oai:core.kmi.open.ac.uk:12349492]]></dc:identifier>
	<dc:format><dcterms:medium><![CDATA[text]]></dcterms:medium></dc:format>
</ags:resource>
<ags:resource ags:ARN="GB2015403028">
	<dc:title><![CDATA[KORELASI JENIS DAN DOSIS PUPUK DENGAN PRODUKTIFITAS PADI (Oryza sativa L.) DI KECAMATAN JATISRONO KABUPATEN WONOGIRI]]></dc:title>
	<dc:creator>
		<ags:creatorPersonal><![CDATA[Hilda Ayuningtyastuty]]></ags:creatorPersonal>
	</dc:creator>
	<dc:identifier scheme="dcterms:URI"><![CDATA[oai:core.kmi.open.ac.uk:12349493]]></dc:identifier>
	<dc:identifier scheme="dcterms:URI"><![CDATA[http://core.kmi.open.ac.uk/download/pdf/12349493.pdf]]></dc:identifier>
	<dc:format><dcterms:medium><![CDATA[text]]></dcterms:medium></dc:format>
</ags:resource>
<ags:resource ags:ARN="GB2015403029">
	<dc:title><![CDATA[PARTISIPASI WANITA TANI DALAM KEGIATAN USAHA PENINGKATAN PENDAPATAN KELUARGA SEJAHTERA (UPPKS) DI DESA SEPAT KECAMATAN MASARAN KABUPATEN SRAGEN]]></dc:title>
	<dc:creator>
		<ags:creatorPersonal><![CDATA[Ayuningtyas Nilasari]]></ags:creatorPersonal>
	</dc:creator>
	<dc:identifier scheme="dcterms:URI"><![CDATA[http://core.kmi.open.ac.uk/download/pdf/12349512.pdf]]></dc:identifier>
	<dc:identifier scheme="dcterms:URI"><![CDATA[oai:core.kmi.open.ac.uk:12349512]]></dc:identifier>
	<dc:format><dcterms:medium><![CDATA[text]]></dcterms:medium></dc:format>
</ags:resource>
<ags:resource ags:ARN="GB2015403030">
	<dc:title><![CDATA[Kajian benzyl amino purine dan jenis pupuk organik terhadap pertumbuhan, hasil, dan kandungan vitamin c pada kubis putih (brassica oleraceae l)]]></dc:title>
	<dc:creator>
		<ags:creatorPersonal><![CDATA[Wawan Riyanto Sulistiono]]></ags:creatorPersonal>
	</dc:creator>
	<dc:identifier scheme="dcterms:URI"><![CDATA[oai:core.kmi.open.ac.uk:12349504]]></dc:identifier>
	<dc:identifier scheme="dcterms:URI"><![CDATA[http://core.kmi.open.ac.uk/download/pdf/12349504.pdf]]></dc:identifier>
	<dc:format><dcterms:medium><![CDATA[text]]></dcterms:medium></dc:format>
</ags:resource>
<ags:resource ags:ARN="GB2015403031">
	<dc:title><![CDATA[KAJIAN RESISTENSI BEBERAPA VARIETAS PADI GOGO (ORYZA SATIVA L.) TERHADAP CEKAMAN KEKERINGAN]]></dc:title>
	<dc:creator>
		<ags:creatorPersonal><![CDATA[DYAH ANA PRAMUGARI]]></ags:creatorPersonal>
	</dc:creator>
	<dc:identifier scheme="dcterms:URI"><![CDATA[oai:core.kmi.open.ac.uk:12349561]]></dc:identifier>
	<dc:identifier scheme="dcterms:URI"><![CDATA[http://core.kmi.open.ac.uk/download/pdf/12349561.pdf]]></dc:identifier>
	<dc:format><dcterms:medium><![CDATA[text]]></dcterms:medium></dc:format>
</ags:resource>
<ags:resource ags:ARN="GB2015403032">
	<dc:title><![CDATA[Kajian pemakaian mulsa dan konsentrasi benzyl amino purine (bap) terhadap hasil dan kualitas cabai merah besar (capsicum annuum l.)]]></dc:title>
	<dc:creator>
		<ags:creatorPersonal><![CDATA[Diana Dina Rachmawati]]></ags:creatorPersonal>
	</dc:creator>
	<dc:identifier scheme="dcterms:URI"><![CDATA[oai:core.kmi.open.ac.uk:12349519]]></dc:identifier>
	<dc:identifier scheme="dcterms:URI"><![CDATA[http://core.kmi.open.ac.uk/download/pdf/12349519.pdf]]></dc:identifier>
	<dc:format><dcterms:medium><![CDATA[text]]></dcterms:medium></dc:format>
</ags:resource>
<ags:resource ags:ARN="GB2015403033">
	<dc:title><![CDATA[KAJIAN DOSIS PUPUK UREA DAN MACAM MEDIA TANAM TERHADAP HASIL KANDUNGAN ANDROGRAPHOLIDE TANAMAN SAMBILOTO]]></dc:title>
	<dc:creator>
		<ags:creatorPersonal><![CDATA[Rumantiningsih Ambarwati]]></ags:creatorPersonal>
	</dc:creator>
	<dc:identifier scheme="dcterms:URI"><![CDATA[http://core.kmi.open.ac.uk/download/pdf/12349564.pdf]]></dc:identifier>
	<dc:identifier scheme="dcterms:URI"><![CDATA[oai:core.kmi.open.ac.uk:12349564]]></dc:identifier>
	<dc:format><dcterms:medium><![CDATA[text]]></dcterms:medium></dc:format>
</ags:resource>
<ags:resource ags:ARN="GB2015403034">
	<dc:title><![CDATA[APLIKASI EDIBLE COATING CHITOSAN-EKSTRAK DAUN JATI PADA SOSIS DAGING SAPI UNTUK MENGHAMBAT KERUSAKAN MIKROBIOLOGIS DAN OKSIDATIF]]></dc:title>
	<dc:creator>
		<ags:creatorPersonal><![CDATA[Yogie Reza Pahlevi]]></ags:creatorPersonal>
	</dc:creator>
	<dc:identifier scheme="dcterms:URI"><![CDATA[oai:core.kmi.open.ac.uk:12349555]]></dc:identifier>
	<dc:identifier scheme="dcterms:URI"><![CDATA[http://core.kmi.open.ac.uk/download/pdf/12349555.pdf]]></dc:identifier>
	<dc:format><dcterms:medium><![CDATA[text]]></dcterms:medium></dc:format>
</ags:resource>
<ags:resource ags:ARN="GB2015403035">
	<dc:title><![CDATA[PENGARUH MACAM ENTRES DAN KONSENTRASI BAP PADA PERTUMBUHAN OKULASI KARET (Hevea brasiliensis Muell Arg)]]></dc:title>
	<dc:creator>
		<ags:creatorPersonal><![CDATA[Karintus]]></ags:creatorPersonal>
	</dc:creator>
	<dc:identifier scheme="dcterms:URI"><![CDATA[http://core.kmi.open.ac.uk/download/pdf/12349589.pdf]]></dc:identifier>
	<dc:identifier scheme="dcterms:URI"><![CDATA[oai:core.kmi.open.ac.uk:12349589]]></dc:identifier>
	<dc:format><dcterms:medium><![CDATA[text]]></dcterms:medium></dc:format>
</ags:resource>
<ags:resource ags:ARN="GB2015403036">
	<dc:title><![CDATA[PERLAKUAN BIOLOGIS DENGAN KONSORSIUM BAKTERI PENGOKSIDASI Mn2+ DAN Fe2+ DARI LAHAN ALFISOLS JUMANTONO UNTUK PEMURNIAN AIR TANAH]]></dc:title>
	<dc:creator>
		<ags:creatorPersonal><![CDATA[Ayu Indah Saputri]]></ags:creatorPersonal>
	</dc:creator>
	<dc:identifier scheme="dcterms:URI"><![CDATA[http://core.kmi.open.ac.uk/download/pdf/12349640.pdf]]></dc:identifier>
	<dc:identifier scheme="dcterms:URI"><![CDATA[oai:core.kmi.open.ac.uk:12349640]]></dc:identifier>
	<dc:format><dcterms:medium><![CDATA[text]]></dcterms:medium></dc:format>
</ags:resource>
<ags:resource ags:ARN="GB2015403037">
	<dc:title><![CDATA[PENGARUH PENAMBAHAN BUBUR BAYI AFKIR KUKUS DALAM RANSUM TERHADAP KUALITAS RANSUM DOMBA LOKAL JANTAN]]></dc:title>
	<dc:creator>
		<ags:creatorPersonal><![CDATA[Fransina S.]]></ags:creatorPersonal>
		<ags:creatorPersonal><![CDATA[Latumahina]]></ags:creatorPersonal>
		<ags:creatorPersonal><![CDATA[Agus Ismanto]]></ags:creatorPersonal>
	</dc:creator>
	<dc:identifier scheme="dcterms:URI"><![CDATA[http://core.kmi.open.ac.uk/download/pdf/12349671.pdf]]></dc:identifier>
	<dc:identifier scheme="dcterms:URI"><![CDATA[oai:core.kmi.open.ac.uk:12349671]]></dc:identifier>
	<dc:format><dcterms:medium><![CDATA[text]]></dcterms:medium></dc:format>
</ags:resource>
<ags:resource ags:ARN="GB2015403038">
	<dc:title><![CDATA[TINGKAT EFEKTIVITAS KOMUNIKASI DALAM KEGIATAN  PENGELOLAAN TANAMAN TERPADU PADI VARIETAS CIHERANG  DI KECAMATAN REMBANG KABUPATEN REMBANG]]></dc:title>
	<dc:creator>
		<ags:creatorPersonal><![CDATA[ENDANG SUYATI]]></ags:creatorPersonal>
	</dc:creator>
	<dc:identifier scheme="dcterms:URI"><![CDATA[http://core.kmi.open.ac.uk/download/pdf/12349628.pdf]]></dc:identifier>
	<dc:identifier scheme="dcterms:URI"><![CDATA[oai:core.kmi.open.ac.uk:12349628]]></dc:identifier>
	<dc:format><dcterms:medium><![CDATA[text]]></dcterms:medium></dc:format>
</ags:resource>
<ags:resource ags:ARN="GB2015403039">
	<dc:title><![CDATA[LAPORAN TUGAS AKHIR   PRAKTEK PRODUKSI   Kue Kering Kaya β-karoten dengan Penambahan Tepung Wortel (Daucus carota L.)]]></dc:title>
	<dc:creator>
		<ags:creatorPersonal><![CDATA[Ririn Dwi Hastuti]]></ags:creatorPersonal>
	</dc:creator>
	<dc:identifier scheme="dcterms:URI"><![CDATA[http://core.kmi.open.ac.uk/download/pdf/12349651.pdf]]></dc:identifier>
	<dc:identifier scheme="dcterms:URI"><![CDATA[oai:core.kmi.open.ac.uk:12349651]]></dc:identifier>
	<dc:format><dcterms:medium><![CDATA[text]]></dcterms:medium></dc:format>
</ags:resource>
<ags:resource ags:ARN="GB2015403040">
	<dc:title><![CDATA[KAJIAN BERBAGAI KONSENTRASI PUPUK ORGANIK CAIR DAN  EKSTRAK  RUMPUT MUTIARA TERHADAP PERTUMBUHAN TUNAS  PEGAGAN (Centella asiatica L.)  SECARA IN-VITRO]]></dc:title>
	<dc:creator>
		<ags:creatorPersonal><![CDATA[IRMA PUTRI HAYANTI]]></ags:creatorPersonal>
	</dc:creator>
	<dc:identifier scheme="dcterms:URI"><![CDATA[http://core.kmi.open.ac.uk/download/pdf/12349672.pdf]]></dc:identifier>
	<dc:identifier scheme="dcterms:URI"><![CDATA[oai:core.kmi.open.ac.uk:12349672]]></dc:identifier>
	<dc:format><dcterms:medium><![CDATA[text]]></dcterms:medium></dc:format>
</ags:resource>
<ags:resource ags:ARN="GB2015403041">
	<dc:title><![CDATA[Pengaruh komposisi media dan macam zat pengatur tumbuh terhadap pertumbuhan tanaman anthurium hookeri]]></dc:title>
	<dc:creator>
		<ags:creatorPersonal><![CDATA[Anggari C]]></ags:creatorPersonal>
		<ags:creatorPersonal><![CDATA[ra Puspitasari]]></ags:creatorPersonal>
	</dc:creator>
	<dc:identifier scheme="dcterms:URI"><![CDATA[oai:core.kmi.open.ac.uk:12349702]]></dc:identifier>
	<dc:identifier scheme="dcterms:URI"><![CDATA[http://core.kmi.open.ac.uk/download/pdf/12349702.pdf]]></dc:identifier>
	<dc:format><dcterms:medium><![CDATA[text]]></dcterms:medium></dc:format>
</ags:resource>
<ags:resource ags:ARN="GB2015403042">
	<dc:title><![CDATA[STRATEGI PENGEMBANGAN USAHA TERNAK SAPI PERAH (Studi Kasus di Desa Sukorejo, Kecamatan Musuk, Kabupaten Boyolali)]]></dc:title>
	<dc:creator>
		<ags:creatorPersonal><![CDATA[Sri Surani]]></ags:creatorPersonal>
	</dc:creator>
	<dc:identifier scheme="dcterms:URI"><![CDATA[http://core.kmi.open.ac.uk/download/pdf/12349673.pdf]]></dc:identifier>
	<dc:identifier scheme="dcterms:URI"><![CDATA[oai:core.kmi.open.ac.uk:12349673]]></dc:identifier>
	<dc:format><dcterms:medium><![CDATA[text]]></dcterms:medium></dc:format>
</ags:resource>
<ags:resource ags:ARN="GB2015403043">
	<dc:title><![CDATA[SERTIFIKASI BENIH PADI HIBRIDA DI BALAI PENGAWASAN DAN SERTIFIKASI BENIH JAWA TENGAH]]></dc:title>
	<dc:creator>
		<ags:creatorPersonal><![CDATA[DANIEL BAYU P]]></ags:creatorPersonal>
	</dc:creator>
	<dc:identifier scheme="dcterms:URI"><![CDATA[oai:core.kmi.open.ac.uk:12349681]]></dc:identifier>
	<dc:identifier scheme="dcterms:URI"><![CDATA[http://core.kmi.open.ac.uk/download/pdf/12349681.pdf]]></dc:identifier>
	<dc:format><dcterms:medium><![CDATA[text]]></dcterms:medium></dc:format>
</ags:resource>
<ags:resource ags:ARN="GB2015403044">
	<dc:title><![CDATA[Analisis identifikasi sektor pertanian Dalam perekonomian wilayah Di kabupaten temanggung]]></dc:title>
	<dc:creator>
		<ags:creatorPersonal><![CDATA[Agung Kurniawan]]></ags:creatorPersonal>
	</dc:creator>
	<dc:identifier scheme="dcterms:URI"><![CDATA[http://core.kmi.open.ac.uk/download/pdf/12349707.pdf]]></dc:identifier>
	<dc:identifier scheme="dcterms:URI"><![CDATA[oai:core.kmi.open.ac.uk:12349707]]></dc:identifier>
	<dc:format><dcterms:medium><![CDATA[text]]></dcterms:medium></dc:format>
</ags:resource>
<ags:resource ags:ARN="GB2015403045">
	<dc:title><![CDATA[KAJIAN SIFAT KIMIA DAN SIFAT SENSORIS PADA TEMPE KORO BABI (Vicia faba) DENGAN VARIASI PENGECILAN UKURAN DAN LAMA FERMENTASI]]></dc:title>
	<dc:creator>
		<ags:creatorPersonal><![CDATA[Pravita Mahardhany]]></ags:creatorPersonal>
	</dc:creator>
	<dc:identifier scheme="dcterms:URI"><![CDATA[http://core.kmi.open.ac.uk/download/pdf/12349712.pdf]]></dc:identifier>
	<dc:identifier scheme="dcterms:URI"><![CDATA[oai:core.kmi.open.ac.uk:12349712]]></dc:identifier>
	<dc:format><dcterms:medium><![CDATA[text]]></dcterms:medium></dc:format>
</ags:resource>
<ags:resource ags:ARN="GB2015403046">
	<dc:title><![CDATA[PENGARUH KONSENTRASI BAP DAN MACAM MEDIA TERHADAP PERTUMBUHAN AWAL Anthurium hookeri]]></dc:title>
	<dc:creator>
		<ags:creatorPersonal><![CDATA[Anggit Widia Sari Suhita]]></ags:creatorPersonal>
	</dc:creator>
	<dc:identifier scheme="dcterms:URI"><![CDATA[http://core.kmi.open.ac.uk/download/pdf/12349733.pdf]]></dc:identifier>
	<dc:identifier scheme="dcterms:URI"><![CDATA[oai:core.kmi.open.ac.uk:12349733]]></dc:identifier>
	<dc:format><dcterms:medium><![CDATA[text]]></dcterms:medium></dc:format>
</ags:resource>
<ags:resource ags:ARN="GB2015403047">
	<dc:title><![CDATA[Peranan sektor pertanian dalam Penyerapan tenaga kerja Di kabupaten temanggung]]></dc:title>
	<dc:creator>
		<ags:creatorPersonal><![CDATA[Arief Kurniawan]]></ags:creatorPersonal>
	</dc:creator>
	<dc:identifier scheme="dcterms:URI"><![CDATA[oai:core.kmi.open.ac.uk:12349714]]></dc:identifier>
	<dc:identifier scheme="dcterms:URI"><![CDATA[http://core.kmi.open.ac.uk/download/pdf/12349714.pdf]]></dc:identifier>
	<dc:format><dcterms:medium><![CDATA[text]]></dcterms:medium></dc:format>
</ags:resource>
<ags:resource ags:ARN="GB2015403048">
	<dc:title><![CDATA[PENINGKATAN KUALITAS Anthurium hookeri MELALUI PEMBERIAN PUPUK ORGANIK]]></dc:title>
	<dc:creator>
		<ags:creatorPersonal><![CDATA[Debora Krisinta Putri]]></ags:creatorPersonal>
	</dc:creator>
	<dc:identifier scheme="dcterms:URI"><![CDATA[oai:core.kmi.open.ac.uk:12349737]]></dc:identifier>
	<dc:identifier scheme="dcterms:URI"><![CDATA[http://core.kmi.open.ac.uk/download/pdf/12349737.pdf]]></dc:identifier>
	<dc:format><dcterms:medium><![CDATA[text]]></dcterms:medium></dc:format>
</ags:resource>
<ags:resource ags:ARN="GB2015403049">
	<dc:title><![CDATA[STRATEGI PENGEMBANGANUSAHA ABON DAGING SAPI DI KABUPATEN BOYOLALI( Kasus di Perusahaan “Diamond”, Kecamatan Ampel, Kabupaten Boyolali)]]></dc:title>
	<dc:creator>
		<ags:creatorPersonal><![CDATA[DWI PUTRI CHRISTIYANI]]></ags:creatorPersonal>
	</dc:creator>
	<dc:identifier scheme="dcterms:URI"><![CDATA[oai:core.kmi.open.ac.uk:12349719]]></dc:identifier>
	<dc:identifier scheme="dcterms:URI"><![CDATA[http://core.kmi.open.ac.uk/download/pdf/12349719.pdf]]></dc:identifier>
	<dc:format><dcterms:medium><![CDATA[text]]></dcterms:medium></dc:format>
</ags:resource>
<ags:resource ags:ARN="GB2015403050">
	<dc:title><![CDATA[ANALISIS PENAWARAN SALAK PONDOH (Sallaca edullis) DI KABUPATEN SLEMAN]]></dc:title>
	<dc:creator>
		<ags:creatorPersonal><![CDATA[Syafi’ah]]></ags:creatorPersonal>
	</dc:creator>
	<dc:identifier scheme="dcterms:URI"><![CDATA[http://core.kmi.open.ac.uk/download/pdf/12349742.pdf]]></dc:identifier>
	<dc:identifier scheme="dcterms:URI"><![CDATA[oai:core.kmi.open.ac.uk:12349742]]></dc:identifier>
	<dc:format><dcterms:medium><![CDATA[text]]></dcterms:medium></dc:format>
</ags:resource>
<ags:resource ags:ARN="GB2015403051">
	<dc:title><![CDATA[PERSEPSI PETANI TERHADAP BUDIDAYA WIJEN D KABUPATEN  SUKOHARJO]]></dc:title>
	<dc:creator>
		<ags:creatorPersonal><![CDATA[Widoretno Damayanti]]></ags:creatorPersonal>
	</dc:creator>
	<dc:identifier scheme="dcterms:URI"><![CDATA[http://core.kmi.open.ac.uk/download/pdf/12349752.pdf]]></dc:identifier>
	<dc:identifier scheme="dcterms:URI"><![CDATA[oai:core.kmi.open.ac.uk:12349752]]></dc:identifier>
	<dc:format><dcterms:medium><![CDATA[text]]></dcterms:medium></dc:format>
</ags:resource>
<ags:resource ags:ARN="GB2015403052">
	<dc:title><![CDATA[PENGARUH LAMA FERMENTASI  TERHADAP KADAR SERAT KASAR DAN AKTIVITAS ANTIOKSIDAN  TEMPE BEBERAPA VARIETAS KEDELAI (Glycine sp. )]]></dc:title>
	<dc:creator>
		<ags:creatorPersonal><![CDATA[SYLVITRIA WIDOYO]]></ags:creatorPersonal>
	</dc:creator>
	<dc:identifier scheme="dcterms:URI"><![CDATA[http://core.kmi.open.ac.uk/download/pdf/12349743.pdf]]></dc:identifier>
	<dc:identifier scheme="dcterms:URI"><![CDATA[oai:core.kmi.open.ac.uk:12349743]]></dc:identifier>
	<dc:format><dcterms:medium><![CDATA[text]]></dcterms:medium></dc:format>
</ags:resource>
<ags:resource ags:ARN="GB2015403053">
	<dc:title><![CDATA[KAJIAN SIFAT FISIKOKIMIA DAN SENSORI TEPUNG UBI JALAR  UNGU (Ipomoea batatasblackie) DENGAN VARIASI PROSES  PENGERINGAN]]></dc:title>
	<dc:creator>
		<ags:creatorPersonal><![CDATA[Tina Apriliyanti]]></ags:creatorPersonal>
	</dc:creator>
	<dc:identifier scheme="dcterms:URI"><![CDATA[oai:core.kmi.open.ac.uk:12349750]]></dc:identifier>
	<dc:identifier scheme="dcterms:URI"><![CDATA[http://core.kmi.open.ac.uk/download/pdf/12349750.pdf]]></dc:identifier>
	<dc:format><dcterms:medium><![CDATA[text]]></dcterms:medium></dc:format>
</ags:resource>
<ags:resource ags:ARN="GB2015403054">
	<dc:title><![CDATA[KAJIAN KINETIKA PADA FERMENTASI YOGHURT  DENGAN PENAMBAHAN EKSTRAK UBI JALAR  (Ipomoea batatas L.)]]></dc:title>
	<dc:creator>
		<ags:creatorPersonal><![CDATA[Zoraya A. Putri A.]]></ags:creatorPersonal>
	</dc:creator>
	<dc:identifier scheme="dcterms:URI"><![CDATA[oai:core.kmi.open.ac.uk:12349749]]></dc:identifier>
	<dc:identifier scheme="dcterms:URI"><![CDATA[http://core.kmi.open.ac.uk/download/pdf/12349749.pdf]]></dc:identifier>
	<dc:format><dcterms:medium><![CDATA[text]]></dcterms:medium></dc:format>
</ags:resource>
<ags:resource ags:ARN="GB2015403055">
	<dc:title><![CDATA[PROSES PRODUKSI KACANG ATOM, KACANG ATOM PEDAS KACANG BANDUNG, KACANG TELUR DAN PILUS DI UD. BINTANG WALET HANDIKA KLATEN JAWA TENGAH]]></dc:title>
	<dc:creator>
		<ags:creatorPersonal><![CDATA[INDAH NUR RAHMAWATI]]></ags:creatorPersonal>
	</dc:creator>
	<dc:identifier scheme="dcterms:URI"><![CDATA[oai:core.kmi.open.ac.uk:12349754]]></dc:identifier>
	<dc:identifier scheme="dcterms:URI"><![CDATA[http://core.kmi.open.ac.uk/download/pdf/12349754.pdf]]></dc:identifier>
	<dc:format><dcterms:medium><![CDATA[text]]></dcterms:medium></dc:format>
</ags:resource>
<ags:resource ags:ARN="GB2015403056">
	<dc:title><![CDATA[STUDI PENYELENGGARAAN PENYULUHAN PERTANIAN  DI KECAMATAN NGOMBOL KABUPATEN PURWOREJO]]></dc:title>
	<dc:creator>
		<ags:creatorPersonal><![CDATA[DYAH PUSPITA RIYANINGTYAS]]></ags:creatorPersonal>
	</dc:creator>
	<dc:identifier scheme="dcterms:URI"><![CDATA[http://core.kmi.open.ac.uk/download/pdf/12349757.pdf]]></dc:identifier>
	<dc:identifier scheme="dcterms:URI"><![CDATA[oai:core.kmi.open.ac.uk:12349757]]></dc:identifier>
	<dc:format><dcterms:medium><![CDATA[text]]></dcterms:medium></dc:format>
</ags:resource>
<ags:resource ags:ARN="GB2015403057">
	<dc:title><![CDATA[PENGARUH KONSENTRASI IAA DAN BAP TERHADAP PERTUMBUHAN DAN PERKEMBANGAN TANAMAN KUNIR PUTIH(Kaempferia rotunda L.) SECARA IN VITRO]]></dc:title>
	<dc:creator>
		<ags:creatorPersonal><![CDATA[Retna B]]></ags:creatorPersonal>
		<ags:creatorPersonal><![CDATA[riyati Arniputri]]></ags:creatorPersonal>
		<ags:creatorPersonal><![CDATA[Praswanto]]></ags:creatorPersonal>
		<ags:creatorPersonal><![CDATA[Dwi Purnomo]]></ags:creatorPersonal>
	</dc:creator>
	<dc:identifier scheme="dcterms:URI"><![CDATA[oai:core.kmi.open.ac.uk:12345649]]></dc:identifier>
	<dc:identifier scheme="dcterms:URI"><![CDATA[http://core.kmi.open.ac.uk/download/pdf/12345649.pdf]]></dc:identifier>
	<dc:format><dcterms:medium><![CDATA[text]]></dcterms:medium></dc:format>
</ags:resource>
<ags:resource ags:ARN="GB2015403058">
	<dc:title><![CDATA[ANALISIS EFEKTIVITAS KELOMPOK TANI  DI KECAMATAN GATAK KABUPATEN SUKOHARJO]]></dc:title>
	<dc:creator>
		<ags:creatorPersonal><![CDATA[AINI NUR ASTUTI]]></ags:creatorPersonal>
	</dc:creator>
	<dc:identifier scheme="dcterms:URI"><![CDATA[oai:core.kmi.open.ac.uk:12349772]]></dc:identifier>
	<dc:identifier scheme="dcterms:URI"><![CDATA[http://core.kmi.open.ac.uk/download/pdf/12349772.pdf]]></dc:identifier>
	<dc:format><dcterms:medium><![CDATA[text]]></dcterms:medium></dc:format>
</ags:resource>
<ags:resource ags:ARN="GB2015403059">
	<dc:title><![CDATA[KOMODITI  TANAMAN BAHAN MAKANAN DALAM PENGEMBANGANPEREKONOMIAN DAERAH KABUPATEN WONOGIRI]]></dc:title>
	<dc:creator>
		<ags:creatorPersonal><![CDATA[Setyawan Dwi Hartanto]]></ags:creatorPersonal>
	</dc:creator>
	<dc:identifier scheme="dcterms:URI"><![CDATA[http://core.kmi.open.ac.uk/download/pdf/12349767.pdf]]></dc:identifier>
	<dc:identifier scheme="dcterms:URI"><![CDATA[oai:core.kmi.open.ac.uk:12349767]]></dc:identifier>
	<dc:format><dcterms:medium><![CDATA[text]]></dcterms:medium></dc:format>
</ags:resource>
<ags:resource ags:ARN="GB2015403060">
	<dc:title><![CDATA[PENGARUH PENGGUNAAN PASTALABU KUNING (Cucurbita Moschata) UNTUK  SUBSTITUSI TEPUNG TERIGU DENGAN PENAMBAHAN TEPUNG ANGKAK  DALAM PEMBUATAN MIE KERING]]></dc:title>
	<dc:creator>
		<ags:creatorPersonal><![CDATA[Andri Nupia Respati]]></ags:creatorPersonal>
	</dc:creator>
	<dc:identifier scheme="dcterms:URI"><![CDATA[oai:core.kmi.open.ac.uk:12349771]]></dc:identifier>
	<dc:identifier scheme="dcterms:URI"><![CDATA[http://core.kmi.open.ac.uk/download/pdf/12349771.pdf]]></dc:identifier>
	<dc:format><dcterms:medium><![CDATA[text]]></dcterms:medium></dc:format>
</ags:resource>
<ags:resource ags:ARN="GB2015403061">
	<dc:title><![CDATA[STRATEGI PENGEMBANGAN KOMODITI PERTANIAN DI KECAMATAN BAURENO KABUPATEN BOJONEGORO (PENDEKATAN TIPOLOGI KLASSEN, SWOT, QSPM (Quantitative Strategic Planning Matrix))]]></dc:title>
	<dc:creator>
		<ags:creatorPersonal><![CDATA[Dini Kurnia Wardhani]]></ags:creatorPersonal>
	</dc:creator>
	<dc:identifier scheme="dcterms:URI"><![CDATA[oai:core.kmi.open.ac.uk:12349776]]></dc:identifier>
	<dc:identifier scheme="dcterms:URI"><![CDATA[http://core.kmi.open.ac.uk/download/pdf/12349776.pdf]]></dc:identifier>
	<dc:format><dcterms:medium><![CDATA[text]]></dcterms:medium></dc:format>
</ags:resource>
<ags:resource ags:ARN="GB2015403062">
	<dc:title><![CDATA[PERBANYAKAN BELIMBING MANIS (Averrhoa carambola L.) VARIETAS DEWI SECARA VEGETATIF DENGAN METODE CANGKOK PUCUK]]></dc:title>
	<dc:creator>
		<ags:creatorPersonal><![CDATA[Ratsio Wibisono]]></ags:creatorPersonal>
	</dc:creator>
	<dc:identifier scheme="dcterms:URI"><![CDATA[oai:core.kmi.open.ac.uk:12349785]]></dc:identifier>
	<dc:identifier scheme="dcterms:URI"><![CDATA[http://core.kmi.open.ac.uk/download/pdf/12349785.pdf]]></dc:identifier>
	<dc:format><dcterms:medium><![CDATA[text]]></dcterms:medium></dc:format>
</ags:resource>
<ags:resource ags:ARN="GB2015403063">
	<dc:title><![CDATA[IMBANGAN PUPUK ANORGANIK DAN PUPUK KANDANG SAPI YANG DIPERKAYA DENGAN SERESAH Gliricidia maculata TERHADAP SERAPAN FOSFAT DAN HASIL PADI SINTANUR DI ALFISOL]]></dc:title>
	<dc:creator>
		<ags:creatorPersonal><![CDATA[RATNA DEWI KUSUMANINGRUM]]></ags:creatorPersonal>
	</dc:creator>
	<dc:identifier scheme="dcterms:URI"><![CDATA[oai:core.kmi.open.ac.uk:12349820]]></dc:identifier>
	<dc:identifier scheme="dcterms:URI"><![CDATA[http://core.kmi.open.ac.uk/download/pdf/12349820.pdf]]></dc:identifier>
	<dc:format><dcterms:medium><![CDATA[text]]></dcterms:medium></dc:format>
</ags:resource>
<ags:resource ags:ARN="GB2015403064">
	<dc:title><![CDATA[SUPLEMENTASI MINYAK IKAN TERPROTEKSI DAN L-CARNITINE DALAM RANSUM ONGGOK TERFERMENTASI TERHADAP PERFORMAN DOMBA LOKAL JANTAN]]></dc:title>
	<dc:creator>
		<ags:creatorPersonal><![CDATA[SUCI HARWANTI]]></ags:creatorPersonal>
	</dc:creator>
	<dc:identifier scheme="dcterms:URI"><![CDATA[oai:core.kmi.open.ac.uk:12349823]]></dc:identifier>
	<dc:identifier scheme="dcterms:URI"><![CDATA[http://core.kmi.open.ac.uk/download/pdf/12349823.pdf]]></dc:identifier>
	<dc:format><dcterms:medium><![CDATA[text]]></dcterms:medium></dc:format>
</ags:resource>
<ags:resource ags:ARN="GB2015403065">
	<dc:title><![CDATA[KAJIAN MEDIA TANAM DAN KONSENTRASI BAP (Benzyl Amino Purin) TERHADAP PERTUMBUHAN SETEK TANAMAN BUAH NAGA DAGING PUTIH (Hylocereus undatus)]]></dc:title>
	<dc:creator>
		<ags:creatorPersonal><![CDATA[Anita Andri Yanti.]]></ags:creatorPersonal>
	</dc:creator>
	<dc:identifier scheme="dcterms:URI"><![CDATA[http://core.kmi.open.ac.uk/download/pdf/12349834.pdf]]></dc:identifier>
	<dc:identifier scheme="dcterms:URI"><![CDATA[oai:core.kmi.open.ac.uk:12349834]]></dc:identifier>
	<dc:format><dcterms:medium><![CDATA[text]]></dcterms:medium></dc:format>
</ags:resource>
<ags:resource ags:ARN="GB2015403066">
	<dc:title><![CDATA[KAJIAN KARAKTERISTIK KIMIA TEMPE KEDELAI HITAM ( MERAH (Phaseolus vulgaris BERKULIT FAKULTAS PERTANIAN UNIVERSITAS SEBELAS MARET i DAN SENSORIS SOSIS Glycine soja) DAN KACANG vulgaris) DENGAN BAHAN BIJI DAN TANPA KULIT]]></dc:title>
	<dc:creator>
		<ags:creatorPersonal><![CDATA[Susan Mayasari]]></ags:creatorPersonal>
	</dc:creator>
	<dc:identifier scheme="dcterms:URI"><![CDATA[oai:core.kmi.open.ac.uk:12349826]]></dc:identifier>
	<dc:identifier scheme="dcterms:URI"><![CDATA[http://core.kmi.open.ac.uk/download/pdf/12349826.pdf]]></dc:identifier>
	<dc:format><dcterms:medium><![CDATA[text]]></dcterms:medium></dc:format>
</ags:resource>
<ags:resource ags:ARN="GB2015403067">
	<dc:title><![CDATA[EFEKTIVITAS PENGHAMBATAN SERESAH Anacardium occidentale, Manihot esculenta DAN Curcuma domestica TERHADAP POTENSIAL NITRIFIKASI DAN BAKTERI NITRIFIKASI DI ALFISOLS JUMANTONO]]></dc:title>
	<dc:creator>
		<ags:creatorPersonal><![CDATA[Widaningsih]]></ags:creatorPersonal>
	</dc:creator>
	<dc:identifier scheme="dcterms:URI"><![CDATA[http://core.kmi.open.ac.uk/download/pdf/12349831.pdf]]></dc:identifier>
	<dc:identifier scheme="dcterms:URI"><![CDATA[oai:core.kmi.open.ac.uk:12349831]]></dc:identifier>
	<dc:format><dcterms:medium><![CDATA[text]]></dcterms:medium></dc:format>
</ags:resource>
<ags:resource ags:ARN="GB2015403068">
	<dc:title><![CDATA[KAJIAN TERHADAP MUTU DAN HACCP (Hazard Analysis Critical Control Point) PROSES PRODUKSI TORTILLA JAGUNG PADA INDUSTRI KELOMPOK USAHA WANITA TANI MAKMUR ASRI]]></dc:title>
	<dc:creator>
		<ags:creatorPersonal><![CDATA[Fanny Intan Cahyaningtyas]]></ags:creatorPersonal>
	</dc:creator>
	<dc:identifier scheme="dcterms:URI"><![CDATA[http://core.kmi.open.ac.uk/download/pdf/12349866.pdf]]></dc:identifier>
	<dc:identifier scheme="dcterms:URI"><![CDATA[oai:core.kmi.open.ac.uk:12349866]]></dc:identifier>
	<dc:format><dcterms:medium><![CDATA[text]]></dcterms:medium></dc:format>
</ags:resource>
<ags:resource ags:ARN="GB2015403069">
	<dc:title><![CDATA[PENGARUH PENGGUNAAN DEDAK GANDUM (WHEAT BRAN) FERMENTASI TERHADAP PERFORMAN DOMBA LOKAL JANTAN]]></dc:title>
	<dc:creator>
		<ags:creatorPersonal><![CDATA[FITRIYANTO]]></ags:creatorPersonal>
	</dc:creator>
	<dc:identifier scheme="dcterms:URI"><![CDATA[http://core.kmi.open.ac.uk/download/pdf/12349859.pdf]]></dc:identifier>
	<dc:identifier scheme="dcterms:URI"><![CDATA[oai:core.kmi.open.ac.uk:12349859]]></dc:identifier>
	<dc:format><dcterms:medium><![CDATA[text]]></dcterms:medium></dc:format>
</ags:resource>
<ags:resource ags:ARN="GB2015403070">
	<dc:title><![CDATA[ANALISIS EFISIENSI PENGGUNAAN FAKTOR – FAKTOR PRODUKSI PADA USAHA TANI PADI DI KECAMATAN PEKALONGAN SELATAN]]></dc:title>
	<dc:creator>
		<ags:creatorPersonal><![CDATA[Amat Muhyidin]]></ags:creatorPersonal>
	</dc:creator>
	<dc:identifier scheme="dcterms:URI"><![CDATA[http://core.kmi.open.ac.uk/download/pdf/12349845.pdf]]></dc:identifier>
	<dc:identifier scheme="dcterms:URI"><![CDATA[oai:core.kmi.open.ac.uk:12349845]]></dc:identifier>
	<dc:format><dcterms:medium><![CDATA[text]]></dcterms:medium></dc:format>
</ags:resource>
<ags:resource ags:ARN="GB2015403071">
	<dc:title><![CDATA[PROSES AKLIMATISASI PADA KULTUR JARINGAN ANGGREK DI LABORATORIUM KULTUR JARINGAN UNIT WONOCATUR, BANGUNTAPAN, BANTUL, YOGYAKARTA]]></dc:title>
	<dc:creator>
		<ags:creatorPersonal><![CDATA[RINECHA FITI HANDAYANI]]></ags:creatorPersonal>
	</dc:creator>
	<dc:identifier scheme="dcterms:URI"><![CDATA[http://core.kmi.open.ac.uk/download/pdf/12349936.pdf]]></dc:identifier>
	<dc:identifier scheme="dcterms:URI"><![CDATA[oai:core.kmi.open.ac.uk:12349936]]></dc:identifier>
	<dc:format><dcterms:medium><![CDATA[text]]></dcterms:medium></dc:format>
</ags:resource>
<ags:resource ags:ARN="GB2015403072">
	<dc:title><![CDATA[Strategi pengembangan agribisnis stroberi di kabupaten Purbalingga]]></dc:title>
	<dc:creator>
		<ags:creatorPersonal><![CDATA[Febriano Setyawan Nur. P. H]]></ags:creatorPersonal>
	</dc:creator>
	<dc:identifier scheme="dcterms:URI"><![CDATA[oai:core.kmi.open.ac.uk:12349938]]></dc:identifier>
	<dc:identifier scheme="dcterms:URI"><![CDATA[http://core.kmi.open.ac.uk/download/pdf/12349938.pdf]]></dc:identifier>
	<dc:format><dcterms:medium><![CDATA[text]]></dcterms:medium></dc:format>
</ags:resource>
<ags:resource ags:ARN="GB2015403073">
	<dc:title><![CDATA[BISCUIT CRACKERS DENGAN SUBSTITUSI JAMUR TIRAM (Pleurotus ostreatus) SEBAGAI ALTERNATIF MAKANAN KECIL BERPROTEIN TINGGI]]></dc:title>
	<dc:creator>
		<ags:creatorPersonal><![CDATA[DWI TRISYA RESTYAWATI]]></ags:creatorPersonal>
	</dc:creator>
	<dc:identifier scheme="dcterms:URI"><![CDATA[oai:core.kmi.open.ac.uk:12349884]]></dc:identifier>
	<dc:identifier scheme="dcterms:URI"><![CDATA[http://core.kmi.open.ac.uk/download/pdf/12349884.pdf]]></dc:identifier>
	<dc:format><dcterms:medium><![CDATA[text]]></dcterms:medium></dc:format>
</ags:resource>
<ags:resource ags:ARN="GB2015403074">
	<dc:title><![CDATA[PEMANFAATAN TEPUNG UBI KAYU DAN TEPUNG BIJI KECIPIR SEBAGAI SUBSTITUSI TERIGU DALAM PEMBUATAN COOKIES]]></dc:title>
	<dc:creator>
		<ags:creatorPersonal><![CDATA[ESTI SINTHOWATI PAMUNGKAS]]></ags:creatorPersonal>
	</dc:creator>
	<dc:identifier scheme="dcterms:URI"><![CDATA[http://core.kmi.open.ac.uk/download/pdf/12349968.pdf]]></dc:identifier>
	<dc:identifier scheme="dcterms:URI"><![CDATA[oai:core.kmi.open.ac.uk:12349968]]></dc:identifier>
	<dc:format><dcterms:medium><![CDATA[text]]></dcterms:medium></dc:format>
</ags:resource>
<ags:resource ags:ARN="GB2015403075">
	<dc:title><![CDATA[STUDI KEMUNDURAN MUTU POLONG PANILI KERING SELAMA PENYIMPANAN PADA BERBAGAI KEMASAN PLASTIK]]></dc:title>
	<dc:creator>
		<ags:creatorPersonal><![CDATA[Hatmiyarni Tri H]]></ags:creatorPersonal>
		<ags:creatorPersonal><![CDATA[ayani]]></ags:creatorPersonal>
	</dc:creator>
	<dc:identifier scheme="dcterms:URI"><![CDATA[oai:core.kmi.open.ac.uk:12349953]]></dc:identifier>
	<dc:identifier scheme="dcterms:URI"><![CDATA[http://core.kmi.open.ac.uk/download/pdf/12349953.pdf]]></dc:identifier>
	<dc:format><dcterms:medium><![CDATA[text]]></dcterms:medium></dc:format>
</ags:resource>
<ags:resource ags:ARN="GB2015403076">
	<dc:title><![CDATA[PERANAN SEKTOR PERTANIAN DALAM PENYERAPAN TENAGA KERJA DI KABUPATEN CILACAP]]></dc:title>
	<dc:creator>
		<ags:creatorPersonal><![CDATA[Fahmi Iqlima Safangatun]]></ags:creatorPersonal>
	</dc:creator>
	<dc:identifier scheme="dcterms:URI"><![CDATA[http://core.kmi.open.ac.uk/download/pdf/12350021.pdf]]></dc:identifier>
	<dc:identifier scheme="dcterms:URI"><![CDATA[oai:core.kmi.open.ac.uk:12350021]]></dc:identifier>
	<dc:format><dcterms:medium><![CDATA[text]]></dcterms:medium></dc:format>
</ags:resource>
<ags:resource ags:ARN="GB2015403077">
	<dc:title><![CDATA[ANALISIS EFISIENSI EKONOMI PENGGUNAAN FAKTOR-FAKTOR PRODUKSI PADA USAHATANI BAWANG MERAH VARIETAS BIMA DI KABUPATEN BREBES]]></dc:title>
	<dc:creator>
		<ags:creatorPersonal><![CDATA[Linda Riyanti]]></ags:creatorPersonal>
	</dc:creator>
	<dc:identifier scheme="dcterms:URI"><![CDATA[oai:core.kmi.open.ac.uk:12349974]]></dc:identifier>
	<dc:identifier scheme="dcterms:URI"><![CDATA[http://core.kmi.open.ac.uk/download/pdf/12349974.pdf]]></dc:identifier>
	<dc:format><dcterms:medium><![CDATA[text]]></dcterms:medium></dc:format>
</ags:resource>
<ags:resource ags:ARN="GB2015403078">
	<dc:title><![CDATA[ANALISIS USAHA AGROINDUSTRI KERIPIK BELUT SAWAH (Monopterus albus zuieuw) DI KABUPATEN KLATEN]]></dc:title>
	<dc:creator>
		<ags:creatorPersonal><![CDATA[Yenny Mailya Santi]]></ags:creatorPersonal>
	</dc:creator>
	<dc:identifier scheme="dcterms:URI"><![CDATA[oai:core.kmi.open.ac.uk:12350041]]></dc:identifier>
	<dc:identifier scheme="dcterms:URI"><![CDATA[http://core.kmi.open.ac.uk/download/pdf/12350041.pdf]]></dc:identifier>
	<dc:format><dcterms:medium><![CDATA[text]]></dcterms:medium></dc:format>
</ags:resource>
<ags:resource ags:ARN="GB2015403079">
	<dc:title><![CDATA[PEMBANGUNAN WILAYAH KECAMATAN BERBASIS KOMODITI PERTANIAN DI KABUPATEN SRAGEN]]></dc:title>
	<dc:creator>
		<ags:creatorPersonal><![CDATA[Yeni Hastutiningsih]]></ags:creatorPersonal>
	</dc:creator>
	<dc:identifier scheme="dcterms:URI"><![CDATA[http://core.kmi.open.ac.uk/download/pdf/12350065.pdf]]></dc:identifier>
	<dc:identifier scheme="dcterms:URI"><![CDATA[oai:core.kmi.open.ac.uk:12350065]]></dc:identifier>
	<dc:format><dcterms:medium><![CDATA[text]]></dcterms:medium></dc:format>
</ags:resource>
<ags:resource ags:ARN="GB2015403080">
	<dc:title><![CDATA[HUBUNGAN ANTARA IKLIM KOMUNIKASI ORGANISASI DENGAN SEMANGAT KERJA PENYULUH PERTANIAN DI KABUPATEN SUKOHARJO]]></dc:title>
	<dc:creator>
		<ags:creatorPersonal><![CDATA[SRI WIDATIK]]></ags:creatorPersonal>
	</dc:creator>
	<dc:identifier scheme="dcterms:URI"><![CDATA[oai:core.kmi.open.ac.uk:12350063]]></dc:identifier>
	<dc:identifier scheme="dcterms:URI"><![CDATA[http://core.kmi.open.ac.uk/download/pdf/12350063.pdf]]></dc:identifier>
	<dc:format><dcterms:medium><![CDATA[text]]></dcterms:medium></dc:format>
</ags:resource>
<ags:resource ags:ARN="GB2015403081">
	<dc:title><![CDATA[KEBUTUHAN INFORMASI PETANI TERONG KOPEK (Solanum melongena) DI KECAMATAN PURWODADI KABUPATEN GROBOGAN]]></dc:title>
	<dc:creator>
		<ags:creatorPersonal><![CDATA[RATIH NAWANGSARI]]></ags:creatorPersonal>
	</dc:creator>
	<dc:identifier scheme="dcterms:URI"><![CDATA[http://core.kmi.open.ac.uk/download/pdf/12350096.pdf]]></dc:identifier>
	<dc:identifier scheme="dcterms:URI"><![CDATA[oai:core.kmi.open.ac.uk:12350096]]></dc:identifier>
	<dc:format><dcterms:medium><![CDATA[text]]></dcterms:medium></dc:format>
</ags:resource>
<ags:resource ags:ARN="GB2015403082">
	<dc:title><![CDATA[KAPASITAS ANTIOKSIDAN DAN STABILITAS EKSTRAK PIGMEN ANTOSIANIN KULIT KACANG GUDE HITAM]]></dc:title>
	<dc:creator>
		<ags:creatorPersonal><![CDATA[K. Ingleby]]></ags:creatorPersonal>
		<ags:creatorPersonal><![CDATA[R.C. Munro]]></ags:creatorPersonal>
		<ags:creatorPersonal><![CDATA[J. Wilson]]></ags:creatorPersonal>
		<ags:creatorPersonal><![CDATA[D. Sidibe]]></ags:creatorPersonal>
		<ags:creatorPersonal><![CDATA[K. Traore]]></ags:creatorPersonal>
		<ags:creatorPersonal><![CDATA[B. Kone]]></ags:creatorPersonal>
		<ags:creatorPersonal><![CDATA[I.I. Yattara]]></ags:creatorPersonal>
		<ags:creatorPersonal><![CDATA[Y. Cisse]]></ags:creatorPersonal>
		<ags:creatorPersonal><![CDATA[D. Cisse]]></ags:creatorPersonal>
		<ags:creatorPersonal><![CDATA[M. Lahbib]]></ags:creatorPersonal>
		<ags:creatorPersonal><![CDATA[F. Kante]]></ags:creatorPersonal>
		<ags:creatorPersonal><![CDATA[M.S. Maiga]]></ags:creatorPersonal>
		<ags:creatorPersonal><![CDATA[S. Guindo]]></ags:creatorPersonal>
		<ags:creatorPersonal><![CDATA[B. Samake]]></ags:creatorPersonal>
		<ags:creatorPersonal><![CDATA[H. Bathily]]></ags:creatorPersonal>
		<ags:creatorPersonal><![CDATA[M. Di]]></ags:creatorPersonal>
		<ags:creatorPersonal><![CDATA[a]]></ags:creatorPersonal>
		<ags:creatorPersonal><![CDATA[K. Sanon]]></ags:creatorPersonal>
		<ags:creatorPersonal><![CDATA[J. Bayala]]></ags:creatorPersonal>
		<ags:creatorPersonal><![CDATA[S. Atta]]></ags:creatorPersonal>
		<ags:creatorPersonal><![CDATA[Z.M. Alzouma]]></ags:creatorPersonal>
		<ags:creatorPersonal><![CDATA[G. Ibro]]></ags:creatorPersonal>
		<ags:creatorPersonal><![CDATA[M.D. Ibrahim]]></ags:creatorPersonal>
		<ags:creatorPersonal><![CDATA[M.S. Laouali]]></ags:creatorPersonal>
		<ags:creatorPersonal><![CDATA[M. Saadou]]></ags:creatorPersonal>
		<ags:creatorPersonal><![CDATA[T. Krasova-Wade]]></ags:creatorPersonal>
		<ags:creatorPersonal><![CDATA[M. Neyra]]></ags:creatorPersonal>
	</dc:creator>
	<dc:identifier scheme="dcterms:URI"><![CDATA[http://core.kmi.open.ac.uk/download/pdf/12350104.pdf]]></dc:identifier>
	<dc:identifier scheme="dcterms:URI"><![CDATA[oai:core.kmi.open.ac.uk:12350104]]></dc:identifier>
	<dc:format><dcterms:medium><![CDATA[text]]></dcterms:medium></dc:format>
</ags:resource>
<ags:resource ags:ARN="GB2015403083">
	<dc:title><![CDATA[PENGARUH PENGAYAAN PUPUK ORGANIK DENGAN SERESAH PAITAN TERHADAP KETERSEDIAAN DAN SERAPAN K TANAMAN PADI]]></dc:title>
	<dc:creator>
		<ags:creatorPersonal><![CDATA[DENIS SETYAWAN]]></ags:creatorPersonal>
	</dc:creator>
	<dc:identifier scheme="dcterms:URI"><![CDATA[http://core.kmi.open.ac.uk/download/pdf/12350073.pdf]]></dc:identifier>
	<dc:identifier scheme="dcterms:URI"><![CDATA[oai:core.kmi.open.ac.uk:12350073]]></dc:identifier>
	<dc:format><dcterms:medium><![CDATA[text]]></dcterms:medium></dc:format>
</ags:resource>
<ags:resource ags:ARN="GB2015403084">
	<dc:title><![CDATA[FAKTOR-FAKTOR YANG MEMPENGARUHI KEPUTUSAN PETANI DALAM MENERAPKAN PESTISIDA ORGANIK DI DESA KARANGBANGUN KECAMATAN JUMAPOLO KABUPATEN KARANGANYAR]]></dc:title>
	<dc:creator>
		<ags:creatorPersonal><![CDATA[YAYUK SUSENO]]></ags:creatorPersonal>
	</dc:creator>
	<dc:identifier scheme="dcterms:URI"><![CDATA[http://core.kmi.open.ac.uk/download/pdf/12350115.pdf]]></dc:identifier>
	<dc:identifier scheme="dcterms:URI"><![CDATA[oai:core.kmi.open.ac.uk:12350115]]></dc:identifier>
	<dc:format><dcterms:medium><![CDATA[text]]></dcterms:medium></dc:format>
</ags:resource>
<ags:resource ags:ARN="GB2015403085">
	<dc:title><![CDATA[SIKAP PETANI TERHADAP PROGRAM PENGEMBANGAN USAHA AGRIBISNIS PERDESAAN (PUAP) DI KOTA SALATIGA]]></dc:title>
	<dc:creator>
		<ags:creatorPersonal><![CDATA[Darmawan Baskoro Wibisono]]></ags:creatorPersonal>
	</dc:creator>
	<dc:identifier scheme="dcterms:URI"><![CDATA[http://core.kmi.open.ac.uk/download/pdf/12350150.pdf]]></dc:identifier>
	<dc:identifier scheme="dcterms:URI"><![CDATA[oai:core.kmi.open.ac.uk:12350150]]></dc:identifier>
	<dc:format><dcterms:medium><![CDATA[text]]></dcterms:medium></dc:format>
</ags:resource>
<ags:resource ags:ARN="GB2015403086">
	<dc:title><![CDATA[ANALISIS PERMINTAAN BERAS DI KABUPATEN KLATEN]]></dc:title>
	<dc:creator>
		<ags:creatorPersonal><![CDATA[Hendrik Mulyo W]]></ags:creatorPersonal>
	</dc:creator>
	<dc:identifier scheme="dcterms:URI"><![CDATA[http://core.kmi.open.ac.uk/download/pdf/12350143.pdf]]></dc:identifier>
	<dc:identifier scheme="dcterms:URI"><![CDATA[oai:core.kmi.open.ac.uk:12350143]]></dc:identifier>
	<dc:format><dcterms:medium><![CDATA[text]]></dcterms:medium></dc:format>
</ags:resource>
<ags:resource ags:ARN="GB2015403087">
	<dc:title><![CDATA[ANALISIS KOMPARATIF USAHATANI TUMPANGSARI JAGUNG DAN KACANG TANAH DENGAN MONOKULTUR JAGUNG DI KABUPATEN WONOGIRI]]></dc:title>
	<dc:creator>
		<ags:creatorPersonal><![CDATA[Marlina Perdana Putri]]></ags:creatorPersonal>
	</dc:creator>
	<dc:identifier scheme="dcterms:URI"><![CDATA[oai:core.kmi.open.ac.uk:12350131]]></dc:identifier>
	<dc:identifier scheme="dcterms:URI"><![CDATA[http://core.kmi.open.ac.uk/download/pdf/12350131.pdf]]></dc:identifier>
	<dc:format><dcterms:medium><![CDATA[text]]></dcterms:medium></dc:format>
</ags:resource>
<ags:resource ags:ARN="GB2015403088">
	<dc:title><![CDATA[PENGARUH KONSENTRASI DAN FREKUENSI PEMBERIAN BAP (Benzyl Amino Purine) TERHADAP PERTUMBUHAN BIBIT KAKAO (Theobroma cacao L.)]]></dc:title>
	<dc:creator>
		<ags:creatorPersonal><![CDATA[Farid Fahruddin]]></ags:creatorPersonal>
	</dc:creator>
	<dc:identifier scheme="dcterms:URI"><![CDATA[oai:core.kmi.open.ac.uk:12350140]]></dc:identifier>
	<dc:identifier scheme="dcterms:URI"><![CDATA[http://core.kmi.open.ac.uk/download/pdf/12350140.pdf]]></dc:identifier>
	<dc:format><dcterms:medium><![CDATA[text]]></dcterms:medium></dc:format>
</ags:resource>
<ags:resource ags:ARN="GB2015403089">
	<dc:title><![CDATA[EFEKTIVITAS ORGANISASI KUD MUSUK DI KECAMATAN MUSUK KABUPATEN BOYOLALI]]></dc:title>
	<dc:creator>
		<ags:creatorPersonal><![CDATA[Farid Adi Widiyanto]]></ags:creatorPersonal>
	</dc:creator>
	<dc:identifier scheme="dcterms:URI"><![CDATA[oai:core.kmi.open.ac.uk:12350201]]></dc:identifier>
	<dc:identifier scheme="dcterms:URI"><![CDATA[http://core.kmi.open.ac.uk/download/pdf/12350201.pdf]]></dc:identifier>
	<dc:format><dcterms:medium><![CDATA[text]]></dcterms:medium></dc:format>
</ags:resource>
<ags:resource ags:ARN="GB2015403090">
	<dc:title><![CDATA[KARAKTERISTIK BISKUIT PREBIOTIK  BERSERAT TINGGI  DARI TEPUNG KOMPOSIT UBI KAYU DAN UBI JALAR  YANG DIPERKAYA KRIM YOGHURT BERPROBIOTIK]]></dc:title>
	<dc:creator>
		<ags:creatorPersonal><![CDATA[UMAR HAFIDZ ASY’ARI HASBULLAH]]></ags:creatorPersonal>
	</dc:creator>
	<dc:identifier scheme="dcterms:URI"><![CDATA[oai:core.kmi.open.ac.uk:12350166]]></dc:identifier>
	<dc:identifier scheme="dcterms:URI"><![CDATA[http://core.kmi.open.ac.uk/download/pdf/12350166.pdf]]></dc:identifier>
	<dc:format><dcterms:medium><![CDATA[text]]></dcterms:medium></dc:format>
</ags:resource>
<ags:resource ags:ARN="GB2015403091">
	<dc:title><![CDATA[ANALISIS PREFERENSI KONSUMEN  TERHADAP UBI JALAR (Ipomoea batatas L.)   DI KOTA SURAKARTA]]></dc:title>
	<dc:creator>
		<ags:creatorPersonal><![CDATA[ROMADHANI PRASETYANA]]></ags:creatorPersonal>
	</dc:creator>
	<dc:identifier scheme="dcterms:URI"><![CDATA[oai:core.kmi.open.ac.uk:12350274]]></dc:identifier>
	<dc:identifier scheme="dcterms:URI"><![CDATA[http://core.kmi.open.ac.uk/download/pdf/12350274.pdf]]></dc:identifier>
	<dc:format><dcterms:medium><![CDATA[text]]></dcterms:medium></dc:format>
</ags:resource>
<ags:resource ags:ARN="GB2015403092">
	<dc:title><![CDATA[PERTUMBUHAN TUNAS STEK KEPUH (Sterculia foetida L) PADA BERBAGAI MEDIA DAN PANJANG BAHAN STEK]]></dc:title>
	<dc:creator>
		<ags:creatorPersonal><![CDATA[Susanti Indriya Wati]]></ags:creatorPersonal>
	</dc:creator>
	<dc:identifier scheme="dcterms:URI"><![CDATA[oai:core.kmi.open.ac.uk:12350247]]></dc:identifier>
	<dc:identifier scheme="dcterms:URI"><![CDATA[http://core.kmi.open.ac.uk/download/pdf/12350247.pdf]]></dc:identifier>
	<dc:format><dcterms:medium><![CDATA[text]]></dcterms:medium></dc:format>
</ags:resource>
<ags:resource ags:ARN="GB2015403093">
	<dc:title><![CDATA[KERAGAMAN FENOTIPE BEBERAPA GALUR PADI HIBRIDA (Oryza sativa L.) DI DESA KARANGDUREN, SAWIT, BOYOLALI]]></dc:title>
	<dc:creator>
		<ags:creatorPersonal><![CDATA[LAZIM SOFI]]></ags:creatorPersonal>
	</dc:creator>
	<dc:identifier scheme="dcterms:URI"><![CDATA[http://core.kmi.open.ac.uk/download/pdf/12350305.pdf]]></dc:identifier>
	<dc:identifier scheme="dcterms:URI"><![CDATA[oai:core.kmi.open.ac.uk:12350305]]></dc:identifier>
	<dc:format><dcterms:medium><![CDATA[text]]></dcterms:medium></dc:format>
</ags:resource>
<ags:resource ags:ARN="GB2015403094">
	<dc:title><![CDATA[APLIKASI ASAP CAIR REDESTILASI PADA KARAKTERISASI  KAMABOKO IKAN TONGKOL (Euthynus affinis) DITINJAU DARI  TINGKAT KEAWETAN DAN KESUKAANKONSUMEN]]></dc:title>
	<dc:creator>
		<ags:creatorPersonal><![CDATA[Adi Kusuma Atmaja]]></ags:creatorPersonal>
	</dc:creator>
	<dc:identifier scheme="dcterms:URI"><![CDATA[http://core.kmi.open.ac.uk/download/pdf/12350293.pdf]]></dc:identifier>
	<dc:identifier scheme="dcterms:URI"><![CDATA[oai:core.kmi.open.ac.uk:12350293]]></dc:identifier>
	<dc:format><dcterms:medium><![CDATA[text]]></dcterms:medium></dc:format>
</ags:resource>
<ags:resource ags:ARN="GB2015403095">
	<dc:title><![CDATA[ANALISIS KROMOSOM DAN STOMATA TANAMAN SALAK BALI  ( Salacca zalacca var. amboinensis  ( Becc. ) Mogea ) , SALAK PADANG SIDEMPUAN  ( S. sumatrana  ( Becc. )  ) DAN SALAK JAWA  ( S. zalacca var. zalacca  ( Becc )  Mogea )  )]]></dc:title>
	<dc:creator>
		<ags:creatorPersonal><![CDATA[Fransiskus Fendi Haryanto]]></ags:creatorPersonal>
	</dc:creator>
	<dc:identifier scheme="dcterms:URI"><![CDATA[oai:core.kmi.open.ac.uk:12350368]]></dc:identifier>
	<dc:identifier scheme="dcterms:URI"><![CDATA[http://core.kmi.open.ac.uk/download/pdf/12350368.pdf]]></dc:identifier>
	<dc:format><dcterms:medium><![CDATA[text]]></dcterms:medium></dc:format>
</ags:resource>
<ags:resource ags:ARN="GB2015403096">
	<dc:title><![CDATA[PENGARUH KEPEKATAN LARUTAN NUTRISI ORGANIK TERHADAP PERTUMBUHAN DAN HASIL BABY KAILAN (Brassica oleraceae VAR. albo-glabra) PADA BERBAGAI KOMPOSISI MEDIA TANAM DENGAN SISTEM HIDROPONIK SUBSTRAT]]></dc:title>
	<dc:creator>
		<ags:creatorPersonal><![CDATA[Indah Sukawati]]></ags:creatorPersonal>
	</dc:creator>
	<dc:identifier scheme="dcterms:URI"><![CDATA[http://core.kmi.open.ac.uk/download/pdf/12350338.pdf]]></dc:identifier>
	<dc:identifier scheme="dcterms:URI"><![CDATA[oai:core.kmi.open.ac.uk:12350338]]></dc:identifier>
	<dc:format><dcterms:medium><![CDATA[text]]></dcterms:medium></dc:format>
</ags:resource>
<ags:resource ags:ARN="GB2015403097">
	<dc:title><![CDATA[PENGARUH PENAMBAHAN MOLASE DALAM BERBAGAI MEDIA PADA JAMUR TIRAM PUTIH (Pleurotus ostreatus)]]></dc:title>
	<dc:creator>
		<ags:creatorPersonal><![CDATA[Susi Steviani]]></ags:creatorPersonal>
	</dc:creator>
	<dc:identifier scheme="dcterms:URI"><![CDATA[oai:core.kmi.open.ac.uk:12350437]]></dc:identifier>
	<dc:identifier scheme="dcterms:URI"><![CDATA[http://core.kmi.open.ac.uk/download/pdf/12350437.pdf]]></dc:identifier>
	<dc:format><dcterms:medium><![CDATA[text]]></dcterms:medium></dc:format>
</ags:resource>
<ags:resource ags:ARN="GB2015403098">
	<dc:title><![CDATA[EVALUASI PENGELOLAAN TANAMAN  STRAWBERI (Fragaria vesca) DI DESA  KALISORO, BLUMBANG DAN GONDOSULI KECAMATAN TAWANGMANGU KABUPATEN  KARANGANYAR]]></dc:title>
	<dc:creator>
		<ags:creatorPersonal><![CDATA[Manna Uli Tobing]]></ags:creatorPersonal>
	</dc:creator>
	<dc:identifier scheme="dcterms:URI"><![CDATA[oai:core.kmi.open.ac.uk:12350399]]></dc:identifier>
	<dc:identifier scheme="dcterms:URI"><![CDATA[http://core.kmi.open.ac.uk/download/pdf/12350399.pdf]]></dc:identifier>
	<dc:format><dcterms:medium><![CDATA[text]]></dcterms:medium></dc:format>
</ags:resource>
<ags:resource ags:ARN="GB2015403099">
	<dc:title><![CDATA[ANALISIS PENGEMBANGAN INDUSTRI BERBAHAN BAKU GARUT  SKALA RUMAH TANGGA DI KECAMATAN GESI  KABUPATEN SRAGEN]]></dc:title>
	<dc:creator>
		<ags:creatorPersonal><![CDATA[Nurul Huda Kurniawan]]></ags:creatorPersonal>
	</dc:creator>
	<dc:identifier scheme="dcterms:URI"><![CDATA[oai:core.kmi.open.ac.uk:12350444]]></dc:identifier>
	<dc:identifier scheme="dcterms:URI"><![CDATA[http://core.kmi.open.ac.uk/download/pdf/12350444.pdf]]></dc:identifier>
	<dc:format><dcterms:medium><![CDATA[text]]></dcterms:medium></dc:format>
</ags:resource>
</ags:resources>