<?xml version="1.0" encoding="UTF-8"?>
<!DOCTYPE ags:resources SYSTEM "http://purl.org/agmes/agrisap/dtd/">
<ags:resources xmlns:ags="http://purl.org/agmes/1.1/" xmlns:dc="http://purl.org/dc/elements/1.1/" xmlns:agls="http://www.naa.gov.au/recordkeeping/gov_online/agls/1.2" xmlns:dcterms="http://purl.org/dc/terms/">
<ags:resource ags:ARN="GB2015400000">
	<dc:title><![CDATA[Development of a New USDA Plant Hardiness Zone Map for the United States]]></dc:title>
	<dc:creator>
		<ags:creatorPersonal><![CDATA[Her Majesty's Stationary Office]]></ags:creatorPersonal>
	</dc:creator>
	<dc:identifier scheme="dcterms:URI"><![CDATA[oai:core.kmi.open.ac.uk:10194635]]></dc:identifier>
	<dc:identifier scheme="dcterms:URI"><![CDATA[http://core.kmi.open.ac.uk/download/pdf/10194635.pdf]]></dc:identifier>
	<dc:format><dcterms:medium><![CDATA[text]]></dcterms:medium></dc:format>
</ags:resource>
<ags:resource ags:ARN="GB2015400001">
	<dc:title><![CDATA[Strategies for efficient irrigation water use]]></dc:title>
	<dc:creator>
		<ags:creatorPersonal><![CDATA[- Siswanto]]></ags:creatorPersonal>
	</dc:creator>
	<dc:identifier scheme="dcterms:URI"><![CDATA[oai:core.kmi.open.ac.uk:10197589]]></dc:identifier>
	<dc:identifier scheme="dcterms:URI"><![CDATA[http://core.kmi.open.ac.uk/download/pdf/10197589.pdf]]></dc:identifier>
	<dc:format><dcterms:medium><![CDATA[text]]></dcterms:medium></dc:format>
</ags:resource>
<ags:resource ags:ARN="GB2015400002">
	<dc:title><![CDATA[Technological change in agriculture : the development experience of Tamil Nadu]]></dc:title>
	<dc:creator>
		<ags:creatorPersonal><![CDATA[F Simtowe]]></ags:creatorPersonal>
		<ags:creatorPersonal><![CDATA[S Asfaw]]></ags:creatorPersonal>
		<ags:creatorPersonal><![CDATA[B Shiferaw]]></ags:creatorPersonal>
		<ags:creatorPersonal><![CDATA[M Siambi]]></ags:creatorPersonal>
		<ags:creatorPersonal><![CDATA[E Monyo]]></ags:creatorPersonal>
		<ags:creatorPersonal><![CDATA[G Muricho]]></ags:creatorPersonal>
		<ags:creatorPersonal><![CDATA[T Abate]]></ags:creatorPersonal>
		<ags:creatorPersonal><![CDATA[S Silim]]></ags:creatorPersonal>
		<ags:creatorPersonal><![CDATA[N V P R Ganga Rao]]></ags:creatorPersonal>
		<ags:creatorPersonal><![CDATA[Oswin Madzonga]]></ags:creatorPersonal>
	</dc:creator>
	<dc:identifier scheme="dcterms:URI"><![CDATA[http://core.kmi.open.ac.uk/download/pdf/10126238.pdf]]></dc:identifier>
	<dc:identifier scheme="dcterms:URI"><![CDATA[oai:core.kmi.open.ac.uk:10126238]]></dc:identifier>
	<dc:format><dcterms:medium><![CDATA[text]]></dcterms:medium></dc:format>
</ags:resource>
<ags:resource ags:ARN="GB2015400003">
	<dc:title><![CDATA[Challenges, Opportunities, and Effective Solutions for the Enhancement of Sustainable Fisheries Development Planning Capacity in Vietnam]]></dc:title>
	<dc:creator>
		<ags:creatorPersonal><![CDATA[Albert Christopher Dhas]]></ags:creatorPersonal>
	</dc:creator>
	<dc:identifier scheme="dcterms:URI"><![CDATA[oai:core.kmi.open.ac.uk:10197076]]></dc:identifier>
	<dc:identifier scheme="dcterms:URI"><![CDATA[http://core.kmi.open.ac.uk/download/pdf/10197076.pdf]]></dc:identifier>
	<dc:format><dcterms:medium><![CDATA[text]]></dcterms:medium></dc:format>
</ags:resource>
<ags:resource ags:ARN="GB2015400004">
	<dc:title><![CDATA[Impacts of Agriculture on the Inland Capture Fisheries in the Mekong Delta]]></dc:title>
	<dc:creator>
		<ags:creatorPersonal><![CDATA[Iván Darío Bustamante Barrera]]></ags:creatorPersonal>
	</dc:creator>
	<dc:identifier scheme="dcterms:URI"><![CDATA[oai:core.kmi.open.ac.uk:10197823]]></dc:identifier>
	<dc:identifier scheme="dcterms:URI"><![CDATA[http://core.kmi.open.ac.uk/download/pdf/10197823.pdf]]></dc:identifier>
	<dc:format><dcterms:medium><![CDATA[text]]></dcterms:medium></dc:format>
</ags:resource>
<ags:resource ags:ARN="GB2015400005">
	<dc:title><![CDATA[The oxidation of pyrite and its environmental consequences]]></dc:title>
	<dc:creator>
		<ags:creatorPersonal><![CDATA[Clare Ann Backes]]></ags:creatorPersonal>
	</dc:creator>
	<dc:identifier scheme="dcterms:URI"><![CDATA[oai:core.kmi.open.ac.uk:10126386]]></dc:identifier>
	<dc:identifier scheme="dcterms:URI"><![CDATA[http://core.kmi.open.ac.uk/download/pdf/10126386.pdf]]></dc:identifier>
	<dc:format><dcterms:medium><![CDATA[text]]></dcterms:medium></dc:format>
</ags:resource>
<ags:resource ags:ARN="GB2015400006">
	<dc:title><![CDATA[Effects of water withdrawals on macroinvertebrate emergence: Unexpected results for three holometabolous species]]></dc:title>
	<dc:creator>
		<ags:creatorPersonal><![CDATA[Kemal Derviş]]></ags:creatorPersonal>
		<ags:creatorPersonal><![CDATA[Daniel Gros]]></ags:creatorPersonal>
		<ags:creatorPersonal><![CDATA[Faik Öztrak]]></ags:creatorPersonal>
		<ags:creatorPersonal><![CDATA[Yusuf Işık]]></ags:creatorPersonal>
		<ags:creatorPersonal><![CDATA[Fırat. Bayar]]></ags:creatorPersonal>
	</dc:creator>
	<dc:identifier scheme="dcterms:URI"><![CDATA[oai:core.kmi.open.ac.uk:10198186]]></dc:identifier>
	<dc:identifier scheme="dcterms:URI"><![CDATA[http://core.kmi.open.ac.uk/download/pdf/10198186.pdf]]></dc:identifier>
	<dc:format><dcterms:medium><![CDATA[text]]></dcterms:medium></dc:format>
</ags:resource>
<ags:resource ags:ARN="GB2015400007">
	<dc:title><![CDATA[Thiabendazole residues and its effects on the storage quality of potatoes]]></dc:title>
	<dc:creator>
		<ags:creatorPersonal><![CDATA[Jennifer Agnes Jamieson]]></ags:creatorPersonal>
	</dc:creator>
	<dc:identifier scheme="dcterms:URI"><![CDATA[http://core.kmi.open.ac.uk/download/pdf/10242958.pdf]]></dc:identifier>
	<dc:identifier scheme="dcterms:URI"><![CDATA[oai:core.kmi.open.ac.uk:10242958]]></dc:identifier>
	<dc:format><dcterms:medium><![CDATA[text]]></dcterms:medium></dc:format>
</ags:resource>
<ags:resource ags:ARN="GB2015400008">
	<dc:title><![CDATA[Jakosc jako podstawowy instrument konkurencyjnosci w przemysle mleczarskim na przykladzie wybranych mleczarni wojewodztwa lodzkiego]]></dc:title>
	<dc:creator>
		<ags:creatorPersonal><![CDATA[G Rembielak-Vitchev]]></ags:creatorPersonal>
	</dc:creator>
	<dc:identifier scheme="dcterms:URI"><![CDATA[http://core.kmi.open.ac.uk/download/pdf/104484.pdf]]></dc:identifier>
	<dc:identifier scheme="dcterms:URI"><![CDATA[oai:core.kmi.open.ac.uk:104484]]></dc:identifier>
	<dc:format><dcterms:medium><![CDATA[text]]></dcterms:medium></dc:format>
</ags:resource>
<ags:resource ags:ARN="GB2015400009">
	<dc:title><![CDATA[Output risk in Tuscan agriculture in the late 19th and early 20th centuries]]></dc:title>
	<dc:creator>
		<ags:creatorPersonal><![CDATA[Francesco L. Galassi]]></ags:creatorPersonal>
		<ags:creatorPersonal><![CDATA[Stephen Pudney]]></ags:creatorPersonal>
	</dc:creator>
	<dc:identifier scheme="dcterms:URI"><![CDATA[oai:core.kmi.open.ac.uk:105760]]></dc:identifier>
	<dc:identifier scheme="dcterms:URI"><![CDATA[http://core.kmi.open.ac.uk/download/pdf/105760.pdf]]></dc:identifier>
	<dc:format><dcterms:medium><![CDATA[text]]></dcterms:medium></dc:format>
</ags:resource>
<ags:resource ags:ARN="GB2015400010">
	<dc:title><![CDATA[The impact of EU funding upon the management of archaeological monuments within England and the Republic of Ireland with specific reference to agri-environmental schemes]]></dc:title>
	<dc:creator>
		<ags:creatorPersonal><![CDATA[Wimolpat Bumbudsanpharoke]]></ags:creatorPersonal>
	</dc:creator>
	<dc:identifier scheme="dcterms:URI"><![CDATA[oai:core.kmi.open.ac.uk:105091]]></dc:identifier>
	<dc:identifier scheme="dcterms:URI"><![CDATA[http://core.kmi.open.ac.uk/download/pdf/105091.pdf]]></dc:identifier>
	<dc:format><dcterms:medium><![CDATA[text]]></dcterms:medium></dc:format>
</ags:resource>
<ags:resource ags:ARN="GB2015400011">
	<dc:title><![CDATA[The autonomy of the EU legal order and the law-making activities of international organizations.  Some examples regarding the Council most recent practice.  Research Papers in Law 03/2012]]></dc:title>
	<dc:creator>
		<ags:creatorPersonal><![CDATA[Jeno Czuczai]]></ags:creatorPersonal>
	</dc:creator>
	<dc:identifier scheme="dcterms:URI"><![CDATA[http://core.kmi.open.ac.uk/download/pdf/10593658.pdf]]></dc:identifier>
	<dc:identifier scheme="dcterms:URI"><![CDATA[oai:core.kmi.open.ac.uk:10593658]]></dc:identifier>
	<dc:format><dcterms:medium><![CDATA[text]]></dcterms:medium></dc:format>
</ags:resource>
<ags:resource ags:ARN="GB2015400012">
	<dc:title><![CDATA[Rola reklamy w przemysle mleczarskim na przykladzie wybranych mleczarni wojewodztw a lodzkiego]]></dc:title>
	<dc:creator>
		<ags:creatorPersonal><![CDATA[E. L. CARDOSO]]></ags:creatorPersonal>
		<ags:creatorPersonal><![CDATA[H. de. OLIVEIRA]]></ags:creatorPersonal>
	</dc:creator>
	<dc:identifier scheme="dcterms:URI"><![CDATA[http://core.kmi.open.ac.uk/download/pdf/104482.pdf]]></dc:identifier>
	<dc:identifier scheme="dcterms:URI"><![CDATA[oai:core.kmi.open.ac.uk:104482]]></dc:identifier>
	<dc:format><dcterms:medium><![CDATA[text]]></dcterms:medium></dc:format>
</ags:resource>
<ags:resource ags:ARN="GB2015400013">
	<dc:title><![CDATA[Introducing more equity in the CAP: a difficult challenge.  Egmont Paper #55, June 2012]]></dc:title>
	<dc:creator>
		<ags:creatorPersonal><![CDATA[Lajos Zoltán Bakucs]]></ags:creatorPersonal>
		<ags:creatorPersonal><![CDATA[Imre Fertő]]></ags:creatorPersonal>
		<ags:creatorPersonal><![CDATA[Gábor G. Szabó]]></ags:creatorPersonal>
	</dc:creator>
	<dc:date><dcterms:dateIssued><![CDATA[June 2012]]></dcterms:dateIssued></dc:date>
	<dc:identifier scheme="dcterms:URI"><![CDATA[http://core.kmi.open.ac.uk/download/pdf/10593747.pdf]]></dc:identifier>
	<dc:identifier scheme="dcterms:URI"><![CDATA[oai:core.kmi.open.ac.uk:10593747]]></dc:identifier>
	<dc:format><dcterms:medium><![CDATA[text]]></dcterms:medium></dc:format>
</ags:resource>
<ags:resource ags:ARN="GB2015400014">
	<dc:title><![CDATA[A comparative study of argoecological land use patterns using GIS between the early agricultural societies of the Monongahela & the Oneota]]></dc:title>
	<dc:creator>
		<ags:creatorPersonal><![CDATA[Jenica M. Simon]]></ags:creatorPersonal>
	</dc:creator>
	<dc:identifier scheme="dcterms:URI"><![CDATA[http://core.kmi.open.ac.uk/download/pdf/10597561.pdf]]></dc:identifier>
	<dc:identifier scheme="dcterms:URI"><![CDATA[oai:core.kmi.open.ac.uk:10597561]]></dc:identifier>
	<dc:format><dcterms:medium><![CDATA[text]]></dcterms:medium></dc:format>
</ags:resource>
<ags:resource ags:ARN="GB2015400015">
	<dc:title><![CDATA[UWRF CAFES internship program evaluation-2012]]></dc:title>
	<dc:creator>
		<ags:creatorPersonal><![CDATA[Brent S. Johnson]]></ags:creatorPersonal>
	</dc:creator>
	<dc:identifier scheme="dcterms:URI"><![CDATA[oai:core.kmi.open.ac.uk:10597990]]></dc:identifier>
	<dc:identifier scheme="dcterms:URI"><![CDATA[http://core.kmi.open.ac.uk/download/pdf/10597990.pdf]]></dc:identifier>
	<dc:format><dcterms:medium><![CDATA[text]]></dcterms:medium></dc:format>
</ags:resource>
<ags:resource ags:ARN="GB2015400016">
	<dc:title><![CDATA[Lots to Plots: Building and Inventory of Vacant Land in Madison, WI]]></dc:title>
	<dc:creator>
		<ags:creatorPersonal><![CDATA[Francis Eanes]]></ags:creatorPersonal>
	</dc:creator>
	<dc:identifier scheme="dcterms:URI"><![CDATA[http://core.kmi.open.ac.uk/download/pdf/10596924.pdf]]></dc:identifier>
	<dc:identifier scheme="dcterms:URI"><![CDATA[oai:core.kmi.open.ac.uk:10596924]]></dc:identifier>
	<dc:format><dcterms:medium><![CDATA[text]]></dcterms:medium></dc:format>
</ags:resource>
<ags:resource ags:ARN="GB2015400017">
	<dc:title><![CDATA[Which economic model for a water-efficient Europe?  Report of a CEPS Task Force.  CEPS Task Force Report, 27 November 2012]]></dc:title>
	<dc:creator>
		<ags:creatorPersonal><![CDATA[P. C. Kutty]]></ags:creatorPersonal>
		<ags:creatorPersonal><![CDATA[G. K. A. Parveez]]></ags:creatorPersonal>
		<ags:creatorPersonal><![CDATA[Fahrul Zaman Huyop]]></ags:creatorPersonal>
	</dc:creator>
	<dc:date><dcterms:dateIssued><![CDATA[27 November 2012]]></dcterms:dateIssued></dc:date>
	<dc:identifier scheme="dcterms:URI"><![CDATA[oai:core.kmi.open.ac.uk:10592231]]></dc:identifier>
	<dc:identifier scheme="dcterms:URI"><![CDATA[http://core.kmi.open.ac.uk/download/pdf/10592231.pdf]]></dc:identifier>
	<dc:format><dcterms:medium><![CDATA[text]]></dcterms:medium></dc:format>
</ags:resource>
<ags:resource ags:ARN="GB2015400018">
	<dc:title><![CDATA[Why it won't be like this all the time: the shift from duopoly to oligopoly in agricultural trade]]></dc:title>
	<dc:creator>
		<ags:creatorPersonal><![CDATA[A. D. Horrill]]></ags:creatorPersonal>
	</dc:creator>
	<dc:identifier scheme="dcterms:URI"><![CDATA[oai:core.kmi.open.ac.uk:105968]]></dc:identifier>
	<dc:identifier scheme="dcterms:URI"><![CDATA[http://core.kmi.open.ac.uk/download/pdf/105968.pdf]]></dc:identifier>
	<dc:format><dcterms:medium><![CDATA[text]]></dcterms:medium></dc:format>
</ags:resource>
<ags:resource ags:ARN="GB2015400019">
	<dc:title><![CDATA[Environmental considerations in a new multilateral agricultural negotiation, and associated Developing Country implications]]></dc:title>
	<dc:creator>
		<ags:creatorPersonal><![CDATA[A. F. Harrison]]></ags:creatorPersonal>
		<ags:creatorPersonal><![CDATA[K. Taylor]]></ags:creatorPersonal>
	</dc:creator>
	<dc:identifier scheme="dcterms:URI"><![CDATA[oai:core.kmi.open.ac.uk:106086]]></dc:identifier>
	<dc:identifier scheme="dcterms:URI"><![CDATA[http://core.kmi.open.ac.uk/download/pdf/106086.pdf]]></dc:identifier>
	<dc:format><dcterms:medium><![CDATA[text]]></dcterms:medium></dc:format>
</ags:resource>
<ags:resource ags:ARN="GB2015400020">
	<dc:title><![CDATA[Situation and Outlook in Agriculture 2008/09]]></dc:title>
	<dc:creator>
		<ags:creatorPersonal><![CDATA[Martin R. Broadley]]></ags:creatorPersonal>
		<ags:creatorPersonal><![CDATA[Philip J. White]]></ags:creatorPersonal>
		<ags:creatorPersonal><![CDATA[Rosie J. Bryson]]></ags:creatorPersonal>
		<ags:creatorPersonal><![CDATA[Mark C. Meacham]]></ags:creatorPersonal>
		<ags:creatorPersonal><![CDATA[Helen C. Bowen]]></ags:creatorPersonal>
		<ags:creatorPersonal><![CDATA[Sarah E. Johnson]]></ags:creatorPersonal>
		<ags:creatorPersonal><![CDATA[Malcolm J. Hawkesford]]></ags:creatorPersonal>
		<ags:creatorPersonal><![CDATA[Steve P. McGrath]]></ags:creatorPersonal>
		<ags:creatorPersonal><![CDATA[Fang-Jie Zhao]]></ags:creatorPersonal>
		<ags:creatorPersonal><![CDATA[Neil Breward]]></ags:creatorPersonal>
		<ags:creatorPersonal><![CDATA[Miles Harriman]]></ags:creatorPersonal>
		<ags:creatorPersonal><![CDATA[Mark Tucker]]></ags:creatorPersonal>
	</dc:creator>
	<dc:identifier scheme="dcterms:URI"><![CDATA[http://core.kmi.open.ac.uk/download/pdf/10622719.pdf]]></dc:identifier>
	<dc:identifier scheme="dcterms:URI"><![CDATA[oai:core.kmi.open.ac.uk:10622719]]></dc:identifier>
	<dc:format><dcterms:medium><![CDATA[text]]></dcterms:medium></dc:format>
</ags:resource>
<ags:resource ags:ARN="GB2015400021">
	<dc:title><![CDATA[Sustainable grassland systems in Europe and the EU Water Framework Directive]]></dc:title>
	<dc:creator>
		<ags:creatorPersonal><![CDATA[H. Tunney]]></ags:creatorPersonal>
		<ags:creatorPersonal><![CDATA[C. Watson]]></ags:creatorPersonal>
		<ags:creatorPersonal><![CDATA[B. Kronvang]]></ags:creatorPersonal>
		<ags:creatorPersonal><![CDATA[C. Stamm]]></ags:creatorPersonal>
		<ags:creatorPersonal><![CDATA[F. Vertes]]></ags:creatorPersonal>
		<ags:creatorPersonal><![CDATA[Karl G. Richards]]></ags:creatorPersonal>
		<ags:creatorPersonal><![CDATA[M. Gibson]]></ags:creatorPersonal>
		<ags:creatorPersonal><![CDATA[Owen Fenton]]></ags:creatorPersonal>
		<ags:creatorPersonal><![CDATA[Rogier P. Schulte]]></ags:creatorPersonal>
	</dc:creator>
	<dc:identifier scheme="dcterms:URI"><![CDATA[oai:core.kmi.open.ac.uk:10622864]]></dc:identifier>
	<dc:identifier scheme="dcterms:URI"><![CDATA[http://core.kmi.open.ac.uk/download/pdf/10622864.pdf]]></dc:identifier>
	<dc:format><dcterms:medium><![CDATA[text]]></dcterms:medium></dc:format>
</ags:resource>
<ags:resource ags:ARN="GB2015400022">
	<dc:title><![CDATA[CAFES 2012 new student survey report]]></dc:title>
	<dc:creator>
		<ags:creatorPersonal><![CDATA[Zlatan Vassilev]]></ags:creatorPersonal>
	</dc:creator>
	<dc:identifier scheme="dcterms:URI"><![CDATA[oai:core.kmi.open.ac.uk:10597988]]></dc:identifier>
	<dc:identifier scheme="dcterms:URI"><![CDATA[http://core.kmi.open.ac.uk/download/pdf/10597988.pdf]]></dc:identifier>
	<dc:format><dcterms:medium><![CDATA[text]]></dcterms:medium></dc:format>
</ags:resource>
<ags:resource ags:ARN="GB2015400023">
	<dc:title><![CDATA[Smelling the monsoon: Senses and traditional weather forecasting knowledge among the Kenyah Badeng farmers of Sarawak, Malaysia]]></dc:title>
	<dc:creator>
		<ags:creatorPersonal><![CDATA[Ma. Salvacion R. Ferrer]]></ags:creatorPersonal>
	</dc:creator>
	<dc:identifier scheme="dcterms:URI"><![CDATA[http://core.kmi.open.ac.uk/download/pdf/10636465.pdf]]></dc:identifier>
	<dc:identifier scheme="dcterms:URI"><![CDATA[oai:core.kmi.open.ac.uk:10636465]]></dc:identifier>
	<dc:format><dcterms:medium><![CDATA[text]]></dcterms:medium></dc:format>
</ags:resource>
<ags:resource ags:ARN="GB2015400024">
	<dc:title><![CDATA[Assessing the Geographic Representativity of Farm Accountancy Data]]></dc:title>
	<dc:creator>
		<ags:creatorPersonal><![CDATA[C S Pawar]]></ags:creatorPersonal>
		<ags:creatorPersonal><![CDATA[S Sitharmantham]]></ags:creatorPersonal>
		<ags:creatorPersonal><![CDATA[H C Sharma]]></ags:creatorPersonal>
		<ags:creatorPersonal><![CDATA[S L Taneja]]></ags:creatorPersonal>
		<ags:creatorPersonal><![CDATA[P W Amin]]></ags:creatorPersonal>
		<ags:creatorPersonal><![CDATA[K Leuschner]]></ags:creatorPersonal>
		<ags:creatorPersonal><![CDATA[W Reed]]></ags:creatorPersonal>
	</dc:creator>
	<dc:identifier scheme="dcterms:URI"><![CDATA[oai:core.kmi.open.ac.uk:10622991]]></dc:identifier>
	<dc:identifier scheme="dcterms:URI"><![CDATA[http://core.kmi.open.ac.uk/download/pdf/10622991.pdf]]></dc:identifier>
	<dc:format><dcterms:medium><![CDATA[text]]></dcterms:medium></dc:format>
</ags:resource>
<ags:resource ags:ARN="GB2015400025">
	<dc:title><![CDATA[Fair Trade, Diversification and Structural Change: Towards a Broader Theoretical Framework of Analysis]]></dc:title>
	<dc:creator>
		<ags:creatorPersonal><![CDATA[M R Rao]]></ags:creatorPersonal>
		<ags:creatorPersonal><![CDATA[C K Ong]]></ags:creatorPersonal>
		<ags:creatorPersonal><![CDATA[P Pathak]]></ags:creatorPersonal>
		<ags:creatorPersonal><![CDATA[M M Sharma]]></ags:creatorPersonal>
	</dc:creator>
	<dc:identifier scheme="dcterms:URI"><![CDATA[http://core.kmi.open.ac.uk/download/pdf/10640132.pdf]]></dc:identifier>
	<dc:identifier scheme="dcterms:URI"><![CDATA[oai:core.kmi.open.ac.uk:10640132]]></dc:identifier>
	<dc:format><dcterms:medium><![CDATA[text]]></dcterms:medium></dc:format>
</ags:resource>
<ags:resource ags:ARN="GB2015400026">
	<dc:title><![CDATA[Potato sprout suppressants with particular reference to tecnazene]]></dc:title>
	<dc:creator>
		<ags:creatorPersonal><![CDATA[Agustina Nurcahyanti]]></ags:creatorPersonal>
	</dc:creator>
	<dc:identifier scheme="dcterms:URI"><![CDATA[http://core.kmi.open.ac.uk/download/pdf/10642181.pdf]]></dc:identifier>
	<dc:identifier scheme="dcterms:URI"><![CDATA[oai:core.kmi.open.ac.uk:10642181]]></dc:identifier>
	<dc:format><dcterms:medium><![CDATA[text]]></dcterms:medium></dc:format>
</ags:resource>
<ags:resource ags:ARN="GB2015400027">
	<dc:title><![CDATA[The roles and values of wild foods in agricultural systems.]]></dc:title>
	<dc:creator>
		<ags:creatorPersonal><![CDATA[Zareen Bharucha]]></ags:creatorPersonal>
		<ags:creatorPersonal><![CDATA[Jules N Pretty]]></ags:creatorPersonal>
	</dc:creator>
	<dc:identifier scheme="dcterms:URI"><![CDATA[http://core.kmi.open.ac.uk/download/pdf/10639480.pdf]]></dc:identifier>
	<dc:identifier scheme="dcterms:URI"><![CDATA[oai:core.kmi.open.ac.uk:10639480]]></dc:identifier>
	<dc:format><dcterms:medium><![CDATA[text]]></dcterms:medium></dc:format>
</ags:resource>
<ags:resource ags:ARN="GB2015400028">
	<dc:title><![CDATA[A bioeconomic model for estimating the benefits of acid rain abatement to Salmon fishing: a case study in South West Scotland]]></dc:title>
	<dc:creator>
		<ags:creatorPersonal><![CDATA[U.K. Baruah]]></ags:creatorPersonal>
		<ags:creatorPersonal><![CDATA[B.C. Borah]]></ags:creatorPersonal>
	</dc:creator>
	<dc:identifier scheme="dcterms:URI"><![CDATA[oai:core.kmi.open.ac.uk:10630457]]></dc:identifier>
	<dc:identifier scheme="dcterms:URI"><![CDATA[http://core.kmi.open.ac.uk/download/pdf/10630457.pdf]]></dc:identifier>
	<dc:format><dcterms:medium><![CDATA[text]]></dcterms:medium></dc:format>
</ags:resource>
<ags:resource ags:ARN="GB2015400029">
	<dc:title><![CDATA[Effects of FluidGro on Centennial Supply: implementing effective marketing strategies to enhance sales and profitability]]></dc:title>
	<dc:creator>
		<ags:creatorPersonal><![CDATA[Vladimir Yefimov]]></ags:creatorPersonal>
	</dc:creator>
	<dc:identifier scheme="dcterms:URI"><![CDATA[http://core.kmi.open.ac.uk/download/pdf/10652738.pdf]]></dc:identifier>
	<dc:identifier scheme="dcterms:URI"><![CDATA[oai:core.kmi.open.ac.uk:10652738]]></dc:identifier>
	<dc:format><dcterms:medium><![CDATA[text]]></dcterms:medium></dc:format>
</ags:resource>
<ags:resource ags:ARN="GB2015400030">
	<dc:title><![CDATA[Factors affecting the availability of invertebrate food for the chough, Pyrrhocorax pyrrhocorax L]]></dc:title>
	<dc:creator>
		<ags:creatorPersonal><![CDATA[R.R.B. Leakey]]></ags:creatorPersonal>
	</dc:creator>
	<dc:identifier scheme="dcterms:URI"><![CDATA[http://core.kmi.open.ac.uk/download/pdf/10640418.pdf]]></dc:identifier>
	<dc:identifier scheme="dcterms:URI"><![CDATA[oai:core.kmi.open.ac.uk:10640418]]></dc:identifier>
	<dc:format><dcterms:medium><![CDATA[text]]></dcterms:medium></dc:format>
</ags:resource>
<ags:resource ags:ARN="GB2015400031">
	<dc:title><![CDATA[Quantifying the role of agriculture and urbanization in the nitrogen cycle across Texas]]></dc:title>
	<dc:creator>
		<ags:creatorPersonal><![CDATA[Philip White]]></ags:creatorPersonal>
		<ags:creatorPersonal><![CDATA[Timothy George]]></ags:creatorPersonal>
		<ags:creatorPersonal><![CDATA[Lionel Dupuy]]></ags:creatorPersonal>
		<ags:creatorPersonal><![CDATA[Alison Karley]]></ags:creatorPersonal>
		<ags:creatorPersonal><![CDATA[Tracy Valentine]]></ags:creatorPersonal>
		<ags:creatorPersonal><![CDATA[Lea Wiesel]]></ags:creatorPersonal>
		<ags:creatorPersonal><![CDATA[Jane Wishart]]></ags:creatorPersonal>
	</dc:creator>
	<dc:identifier scheme="dcterms:URI"><![CDATA[http://core.kmi.open.ac.uk/download/pdf/10644348.pdf]]></dc:identifier>
	<dc:identifier scheme="dcterms:URI"><![CDATA[oai:core.kmi.open.ac.uk:10644348]]></dc:identifier>
	<dc:format><dcterms:medium><![CDATA[text]]></dcterms:medium></dc:format>
</ags:resource>
<ags:resource ags:ARN="GB2015400032">
	<dc:title><![CDATA[Benefits of flour storage as related to process efficiencies in milling]]></dc:title>
	<dc:creator>
		<ags:creatorPersonal><![CDATA[G Rembielak-Vitchev]]></ags:creatorPersonal>
	</dc:creator>
	<dc:identifier scheme="dcterms:URI"><![CDATA[http://core.kmi.open.ac.uk/download/pdf/10652931.pdf]]></dc:identifier>
	<dc:identifier scheme="dcterms:URI"><![CDATA[oai:core.kmi.open.ac.uk:10652931]]></dc:identifier>
	<dc:format><dcterms:medium><![CDATA[text]]></dcterms:medium></dc:format>
</ags:resource>
<ags:resource ags:ARN="GB2015400033">
	<dc:title><![CDATA[The effect of spices on carboxymethyllyinse levels in biscuits]]></dc:title>
	<dc:creator>
		<ags:creatorPersonal><![CDATA[Jennifer Dunn]]></ags:creatorPersonal>
	</dc:creator>
	<dc:identifier scheme="dcterms:URI"><![CDATA[oai:core.kmi.open.ac.uk:10652947]]></dc:identifier>
	<dc:identifier scheme="dcterms:URI"><![CDATA[http://core.kmi.open.ac.uk/download/pdf/10652947.pdf]]></dc:identifier>
	<dc:format><dcterms:medium><![CDATA[text]]></dcterms:medium></dc:format>
</ags:resource>
<ags:resource ags:ARN="GB2015400034">
	<dc:title><![CDATA[Adapting Great Plains Cropping Systems to a Changing Climate]]></dc:title>
	<dc:creator>
		<ags:creatorPersonal><![CDATA[Christopher Johnson]]></ags:creatorPersonal>
	</dc:creator>
	<dc:identifier scheme="dcterms:URI"><![CDATA[http://core.kmi.open.ac.uk/download/pdf/10652787.pdf]]></dc:identifier>
	<dc:identifier scheme="dcterms:URI"><![CDATA[oai:core.kmi.open.ac.uk:10652787]]></dc:identifier>
	<dc:format><dcterms:medium><![CDATA[text]]></dcterms:medium></dc:format>
</ags:resource>
<ags:resource ags:ARN="GB2015400035">
	<dc:title><![CDATA[The common agricultural policy, smuggling and the two percent levy of 1979]]></dc:title>
	<dc:creator>
		<ags:creatorPersonal><![CDATA[Puji Ariani]]></ags:creatorPersonal>
	</dc:creator>
	<dc:date><dcterms:dateIssued><![CDATA[smuggling and the two percent levy of 1979]]></dcterms:dateIssued></dc:date>
	<dc:identifier scheme="dcterms:URI"><![CDATA[http://core.kmi.open.ac.uk/download/pdf/10652928.pdf]]></dc:identifier>
	<dc:identifier scheme="dcterms:URI"><![CDATA[oai:core.kmi.open.ac.uk:10652928]]></dc:identifier>
	<dc:format><dcterms:medium><![CDATA[text]]></dcterms:medium></dc:format>
</ags:resource>
<ags:resource ags:ARN="GB2015400036">
	<dc:title><![CDATA[Politics and the Plowshare: PL 480 in Crisis, 1972-80]]></dc:title>
	<dc:creator>
		<ags:creatorPersonal><![CDATA[Salvatore Di Falco]]></ags:creatorPersonal>
		<ags:creatorPersonal><![CDATA[Marcella Veronesi]]></ags:creatorPersonal>
		<ags:creatorPersonal><![CDATA[Mahmud Yesuf]]></ags:creatorPersonal>
	</dc:creator>
	<dc:date><dcterms:dateIssued><![CDATA[1972-80]]></dcterms:dateIssued></dc:date>
	<dc:identifier scheme="dcterms:URI"><![CDATA[oai:core.kmi.open.ac.uk:10653281]]></dc:identifier>
	<dc:identifier scheme="dcterms:URI"><![CDATA[http://core.kmi.open.ac.uk/download/pdf/10653281.pdf]]></dc:identifier>
	<dc:format><dcterms:medium><![CDATA[text]]></dcterms:medium></dc:format>
</ags:resource>
<ags:resource ags:ARN="GB2015400037">
	<dc:title><![CDATA[Horizontal transfer of methoprene and its effect on Tribolium castaneum (Herbst) individuals and populations]]></dc:title>
	<dc:creator>
		<ags:creatorPersonal><![CDATA[Angela Marie Tucker]]></ags:creatorPersonal>
	</dc:creator>
	<dc:identifier scheme="dcterms:URI"><![CDATA[http://core.kmi.open.ac.uk/download/pdf/10652968.pdf]]></dc:identifier>
	<dc:identifier scheme="dcterms:URI"><![CDATA[oai:core.kmi.open.ac.uk:10652968]]></dc:identifier>
	<dc:format><dcterms:medium><![CDATA[text]]></dcterms:medium></dc:format>
</ags:resource>
<ags:resource ags:ARN="GB2015400038">
	<dc:title><![CDATA[Application of rumen-protected lysine to lower crude protein diets for lactating dairy cows]]></dc:title>
	<dc:creator>
		<ags:creatorPersonal><![CDATA[Jon Patrick Pretz]]></ags:creatorPersonal>
	</dc:creator>
	<dc:identifier scheme="dcterms:URI"><![CDATA[oai:core.kmi.open.ac.uk:10653473]]></dc:identifier>
	<dc:identifier scheme="dcterms:URI"><![CDATA[http://core.kmi.open.ac.uk/download/pdf/10653473.pdf]]></dc:identifier>
	<dc:format><dcterms:medium><![CDATA[text]]></dcterms:medium></dc:format>
</ags:resource>
<ags:resource ags:ARN="GB2015400039">
	<dc:title><![CDATA[The challenges facing contemporary food systems: European policy and governance pathways to sustainable food consumption and production]]></dc:title>
	<dc:creator>
		<ags:creatorPersonal><![CDATA[Eko Pranata Putra Sebayang]]></ags:creatorPersonal>
	</dc:creator>
	<dc:identifier scheme="dcterms:URI"><![CDATA[oai:core.kmi.open.ac.uk:10653475]]></dc:identifier>
	<dc:identifier scheme="dcterms:URI"><![CDATA[http://core.kmi.open.ac.uk/download/pdf/10653475.pdf]]></dc:identifier>
	<dc:format><dcterms:medium><![CDATA[text]]></dcterms:medium></dc:format>
</ags:resource>
<ags:resource ags:ARN="GB2015400040">
	<dc:title><![CDATA[Determinants of adoption of genetically modified maize by smallholders in KwaZulu-Natal, South Africa]]></dc:title>
	<dc:creator>
		<ags:creatorPersonal><![CDATA[Rebecca Manes]]></ags:creatorPersonal>
	</dc:creator>
	<dc:identifier scheme="dcterms:URI"><![CDATA[oai:core.kmi.open.ac.uk:10653493]]></dc:identifier>
	<dc:identifier scheme="dcterms:URI"><![CDATA[http://core.kmi.open.ac.uk/download/pdf/10653493.pdf]]></dc:identifier>
	<dc:format><dcterms:medium><![CDATA[text]]></dcterms:medium></dc:format>
</ags:resource>
<ags:resource ags:ARN="GB2015400041">
	<dc:title><![CDATA[Effect of planting geometry, hybrid maturity, and population density on yield and yield components in sorghum]]></dc:title>
	<dc:creator>
		<ags:creatorPersonal><![CDATA[James Fenske]]></ags:creatorPersonal>
		<ags:creatorPersonal><![CDATA[Prashant Bharadwaj]]></ags:creatorPersonal>
	</dc:creator>
	<dc:identifier scheme="dcterms:URI"><![CDATA[oai:core.kmi.open.ac.uk:10652950]]></dc:identifier>
	<dc:identifier scheme="dcterms:URI"><![CDATA[http://core.kmi.open.ac.uk/download/pdf/10652950.pdf]]></dc:identifier>
	<dc:format><dcterms:medium><![CDATA[text]]></dcterms:medium></dc:format>
</ags:resource>
<ags:resource ags:ARN="GB2015400042">
	<dc:title><![CDATA[The effects of crude glycerol, dried distillers grains with solubles, Ractopamine HCl, NutriDense corn, and feeder adjustment on growing and finishing pig performance]]></dc:title>
	<dc:creator>
		<ags:creatorPersonal><![CDATA[Joseph E. Brockmeyer]]></ags:creatorPersonal>
	</dc:creator>
	<dc:identifier scheme="dcterms:URI"><![CDATA[oai:core.kmi.open.ac.uk:10653494]]></dc:identifier>
	<dc:identifier scheme="dcterms:URI"><![CDATA[http://core.kmi.open.ac.uk/download/pdf/10653494.pdf]]></dc:identifier>
	<dc:format><dcterms:medium><![CDATA[text]]></dcterms:medium></dc:format>
</ags:resource>
<ags:resource ags:ARN="GB2015400043">
	<dc:title><![CDATA[Amylose content and chemically cross-linking starch on in-vitro digestibility and extrusion of starch]]></dc:title>
	<dc:creator>
		<ags:creatorPersonal><![CDATA[Adam J. Vanbergen]]></ags:creatorPersonal>
		<ags:creatorPersonal><![CDATA[Nick Ambrose]]></ags:creatorPersonal>
		<ags:creatorPersonal><![CDATA[David Aston]]></ags:creatorPersonal>
		<ags:creatorPersonal><![CDATA[Jacobus C. Biesmeijer]]></ags:creatorPersonal>
		<ags:creatorPersonal><![CDATA[Andrew Bourke]]></ags:creatorPersonal>
		<ags:creatorPersonal><![CDATA[Tom Breeze]]></ags:creatorPersonal>
		<ags:creatorPersonal><![CDATA[Peter Brotherton]]></ags:creatorPersonal>
		<ags:creatorPersonal><![CDATA[Mike Brown]]></ags:creatorPersonal>
		<ags:creatorPersonal><![CDATA[Dave Ch]]></ags:creatorPersonal>
		<ags:creatorPersonal><![CDATA[ler]]></ags:creatorPersonal>
		<ags:creatorPersonal><![CDATA[Mark Clook]]></ags:creatorPersonal>
		<ags:creatorPersonal><![CDATA[Christopher N. Connolly]]></ags:creatorPersonal>
		<ags:creatorPersonal><![CDATA[Peter Costigan]]></ags:creatorPersonal>
		<ags:creatorPersonal><![CDATA[Mike Coulson]]></ags:creatorPersonal>
		<ags:creatorPersonal><![CDATA[James Cresswell]]></ags:creatorPersonal>
		<ags:creatorPersonal><![CDATA[Robin Dean]]></ags:creatorPersonal>
		<ags:creatorPersonal><![CDATA[Lynne Dicks]]></ags:creatorPersonal>
		<ags:creatorPersonal><![CDATA[Antonio Felicioli]]></ags:creatorPersonal>
		<ags:creatorPersonal><![CDATA[Otakar Fojt]]></ags:creatorPersonal>
		<ags:creatorPersonal><![CDATA[Nicola Gallai]]></ags:creatorPersonal>
		<ags:creatorPersonal><![CDATA[Elke Genersch]]></ags:creatorPersonal>
		<ags:creatorPersonal><![CDATA[Charles Godfray]]></ags:creatorPersonal>
		<ags:creatorPersonal><![CDATA[Maryanne Grieg-Gran]]></ags:creatorPersonal>
		<ags:creatorPersonal><![CDATA[Andrew Halstead]]></ags:creatorPersonal>
		<ags:creatorPersonal><![CDATA[Debbie Harding]]></ags:creatorPersonal>
		<ags:creatorPersonal><![CDATA[Brian Harris]]></ags:creatorPersonal>
		<ags:creatorPersonal><![CDATA[Chris Hartfield]]></ags:creatorPersonal>
		<ags:creatorPersonal><![CDATA[Matt S. Heard]]></ags:creatorPersonal>
		<ags:creatorPersonal><![CDATA[Barbara Herren]]></ags:creatorPersonal>
		<ags:creatorPersonal><![CDATA[Julie Howarth]]></ags:creatorPersonal>
		<ags:creatorPersonal><![CDATA[Thomas Ings]]></ags:creatorPersonal>
		<ags:creatorPersonal><![CDATA[David Kleijn]]></ags:creatorPersonal>
		<ags:creatorPersonal><![CDATA[Alex]]></ags:creatorPersonal>
		<ags:creatorPersonal><![CDATA[ra Klein]]></ags:creatorPersonal>
		<ags:creatorPersonal><![CDATA[William E. Kunin]]></ags:creatorPersonal>
		<ags:creatorPersonal><![CDATA[Gavin Lewis]]></ags:creatorPersonal>
		<ags:creatorPersonal><![CDATA[Alison MacEwen]]></ags:creatorPersonal>
		<ags:creatorPersonal><![CDATA[Christian Maus]]></ags:creatorPersonal>
		<ags:creatorPersonal><![CDATA[Liz McIntosh]]></ags:creatorPersonal>
		<ags:creatorPersonal><![CDATA[Neil S. Millar]]></ags:creatorPersonal>
		<ags:creatorPersonal><![CDATA[Peter Neumann]]></ags:creatorPersonal>
		<ags:creatorPersonal><![CDATA[Jeff Ollerton]]></ags:creatorPersonal>
		<ags:creatorPersonal><![CDATA[Rol]]></ags:creatorPersonal>
		<ags:creatorPersonal><![CDATA[Olschewski]]></ags:creatorPersonal>
		<ags:creatorPersonal><![CDATA[Juliet L. Osborne]]></ags:creatorPersonal>
		<ags:creatorPersonal><![CDATA[Robert J. Paxton]]></ags:creatorPersonal>
		<ags:creatorPersonal><![CDATA[Jeff Pettis]]></ags:creatorPersonal>
		<ags:creatorPersonal><![CDATA[Belinda Phillipson]]></ags:creatorPersonal>
		<ags:creatorPersonal><![CDATA[Simon G. Potts]]></ags:creatorPersonal>
		<ags:creatorPersonal><![CDATA[Richard Pywell]]></ags:creatorPersonal>
		<ags:creatorPersonal><![CDATA[Pierre Rasmont]]></ags:creatorPersonal>
		<ags:creatorPersonal><![CDATA[Stuart Roberts]]></ags:creatorPersonal>
		<ags:creatorPersonal><![CDATA[Jean-Michel Salles]]></ags:creatorPersonal>
		<ags:creatorPersonal><![CDATA[Oliver Schweiger]]></ags:creatorPersonal>
		<ags:creatorPersonal><![CDATA[Peter Sima]]></ags:creatorPersonal>
		<ags:creatorPersonal><![CDATA[Helen Thompson]]></ags:creatorPersonal>
		<ags:creatorPersonal><![CDATA[Dalibor Titera]]></ags:creatorPersonal>
		<ags:creatorPersonal><![CDATA[Bernard Vaissiere]]></ags:creatorPersonal>
		<ags:creatorPersonal><![CDATA[Jeroen Van der Sluijs]]></ags:creatorPersonal>
		<ags:creatorPersonal><![CDATA[Sarah Webster]]></ags:creatorPersonal>
		<ags:creatorPersonal><![CDATA[Jonathan Wentworth]]></ags:creatorPersonal>
		<ags:creatorPersonal><![CDATA[Geraldine A. Wright]]></ags:creatorPersonal>
	</dc:creator>
	<dc:identifier scheme="dcterms:URI"><![CDATA[oai:core.kmi.open.ac.uk:10653463]]></dc:identifier>
	<dc:identifier scheme="dcterms:URI"><![CDATA[http://core.kmi.open.ac.uk/download/pdf/10653463.pdf]]></dc:identifier>
	<dc:format><dcterms:medium><![CDATA[text]]></dcterms:medium></dc:format>
</ags:resource>
<ags:resource ags:ARN="GB2015400044">
	<dc:title><![CDATA[Detoxification and nutritional enhancement of soy meal via microbial bioprocessing]]></dc:title>
	<dc:creator>
		<ags:creatorPersonal><![CDATA[Satyabrata Maiti]]></ags:creatorPersonal>
		<ags:creatorPersonal><![CDATA[Sridhar Gutam]]></ags:creatorPersonal>
		<ags:creatorPersonal><![CDATA[K.A. Geetha]]></ags:creatorPersonal>
	</dc:creator>
	<dc:identifier scheme="dcterms:URI"><![CDATA[oai:core.kmi.open.ac.uk:10653500]]></dc:identifier>
	<dc:identifier scheme="dcterms:URI"><![CDATA[http://core.kmi.open.ac.uk/download/pdf/10653500.pdf]]></dc:identifier>
	<dc:format><dcterms:medium><![CDATA[text]]></dcterms:medium></dc:format>
</ags:resource>
<ags:resource ags:ARN="GB2015400045">
	<dc:title><![CDATA[GIS-based coupled cellular automaton model to allocate irrigated agriculture land use in the High Plains Aquifer Region]]></dc:title>
	<dc:creator>
		<ags:creatorPersonal><![CDATA[Peiwen Wang]]></ags:creatorPersonal>
	</dc:creator>
	<dc:identifier scheme="dcterms:URI"><![CDATA[oai:core.kmi.open.ac.uk:10653528]]></dc:identifier>
	<dc:identifier scheme="dcterms:URI"><![CDATA[http://core.kmi.open.ac.uk/download/pdf/10653528.pdf]]></dc:identifier>
	<dc:format><dcterms:medium><![CDATA[text]]></dcterms:medium></dc:format>
</ags:resource>
<ags:resource ags:ARN="GB2015400046">
	<dc:title><![CDATA[Potential for methane digesters on U.S. dairy farms]]></dc:title>
	<dc:creator>
		<ags:creatorPersonal><![CDATA[Dana L. Brooks]]></ags:creatorPersonal>
	</dc:creator>
	<dc:identifier scheme="dcterms:URI"><![CDATA[oai:core.kmi.open.ac.uk:10653535]]></dc:identifier>
	<dc:identifier scheme="dcterms:URI"><![CDATA[http://core.kmi.open.ac.uk/download/pdf/10653535.pdf]]></dc:identifier>
	<dc:format><dcterms:medium><![CDATA[text]]></dcterms:medium></dc:format>
</ags:resource>
<ags:resource ags:ARN="GB2015400047">
	<dc:title><![CDATA[Review of transboundary air pollution (RoTAP): acidification, eutrophication, ground level ozone and heavy metals in the UK: summary for policy makers]]></dc:title>
	<dc:creator>
		<ags:creatorPersonal><![CDATA[Verena Dlugoß]]></ags:creatorPersonal>
	</dc:creator>
	<dc:identifier scheme="dcterms:URI"><![CDATA[http://core.kmi.open.ac.uk/download/pdf/10653731.pdf]]></dc:identifier>
	<dc:identifier scheme="dcterms:URI"><![CDATA[oai:core.kmi.open.ac.uk:10653731]]></dc:identifier>
	<dc:format><dcterms:medium><![CDATA[text]]></dcterms:medium></dc:format>
</ags:resource>
<ags:resource ags:ARN="GB2015400048">
	<dc:title><![CDATA[The fruits of landscape: the power of landscape in presenting sustainable food production]]></dc:title>
	<dc:creator>
		<ags:creatorPersonal><![CDATA[William T. Mann]]></ags:creatorPersonal>
	</dc:creator>
	<dc:identifier scheme="dcterms:URI"><![CDATA[oai:core.kmi.open.ac.uk:10653536]]></dc:identifier>
	<dc:identifier scheme="dcterms:URI"><![CDATA[http://core.kmi.open.ac.uk/download/pdf/10653536.pdf]]></dc:identifier>
	<dc:format><dcterms:medium><![CDATA[text]]></dcterms:medium></dc:format>
</ags:resource>
<ags:resource ags:ARN="GB2015400049">
	<dc:title><![CDATA[Phenotypic and genetic relationships among temperament, immune, and carcass traits in beef cattle]]></dc:title>
	<dc:creator>
		<ags:creatorPersonal><![CDATA[Andrea. Lenschow]]></ags:creatorPersonal>
	</dc:creator>
	<dc:identifier scheme="dcterms:URI"><![CDATA[oai:core.kmi.open.ac.uk:10653735]]></dc:identifier>
	<dc:identifier scheme="dcterms:URI"><![CDATA[http://core.kmi.open.ac.uk/download/pdf/10653735.pdf]]></dc:identifier>
	<dc:format><dcterms:medium><![CDATA[text]]></dcterms:medium></dc:format>
</ags:resource>
<ags:resource ags:ARN="GB2015400050">
	<dc:title><![CDATA[Conservation science for common ground: developing the necessary tools to manage livestock grazing pressure in Bale Mountains National Park, Ethiopia]]></dc:title>
	<dc:creator>
		<ags:creatorPersonal><![CDATA[Mike Young]]></ags:creatorPersonal>
	</dc:creator>
	<dc:identifier scheme="dcterms:URI"><![CDATA[http://core.kmi.open.ac.uk/download/pdf/10679931.pdf]]></dc:identifier>
	<dc:identifier scheme="dcterms:URI"><![CDATA[oai:core.kmi.open.ac.uk:10679931]]></dc:identifier>
	<dc:format><dcterms:medium><![CDATA[text]]></dcterms:medium></dc:format>
</ags:resource>
<ags:resource ags:ARN="GB2015400051">
	<dc:title><![CDATA[Analysing Linkages between Strategy, Performance, Management Structure and Culture in the Spanish Fresh Produce Industry]]></dc:title>
	<dc:creator>
		<ags:creatorPersonal><![CDATA[Marian Garcia Martinez]]></ags:creatorPersonal>
		<ags:creatorPersonal><![CDATA[Nigel Poole]]></ags:creatorPersonal>
	</dc:creator>
	<dc:identifier scheme="dcterms:URI"><![CDATA[http://core.kmi.open.ac.uk/download/pdf/10674932.pdf]]></dc:identifier>
	<dc:identifier scheme="dcterms:URI"><![CDATA[oai:core.kmi.open.ac.uk:10674932]]></dc:identifier>
	<dc:format><dcterms:medium><![CDATA[text]]></dcterms:medium></dc:format>
</ags:resource>
<ags:resource ags:ARN="GB2015400052">
	<dc:title><![CDATA[Food Choice and Fundamental Rights: A Piece of Cake or Pie in the Sky?]]></dc:title>
	<dc:creator>
		<ags:creatorPersonal><![CDATA[Pavlos D. Pezaros]]></ags:creatorPersonal>
	</dc:creator>
	<dc:identifier scheme="dcterms:URI"><![CDATA[oai:core.kmi.open.ac.uk:10678317]]></dc:identifier>
	<dc:identifier scheme="dcterms:URI"><![CDATA[http://core.kmi.open.ac.uk/download/pdf/10678317.pdf]]></dc:identifier>
	<dc:format><dcterms:medium><![CDATA[text]]></dcterms:medium></dc:format>
</ags:resource>
<ags:resource ags:ARN="GB2015400053">
	<dc:title><![CDATA[Exploring Entrepreneurial Skills and Competencies in Farm Tourism]]></dc:title>
	<dc:creator>
		<ags:creatorPersonal><![CDATA[1973- Sarah Robinson]]></ags:creatorPersonal>
	</dc:creator>
	<dc:identifier scheme="dcterms:URI"><![CDATA[http://core.kmi.open.ac.uk/download/pdf/107271.pdf]]></dc:identifier>
	<dc:identifier scheme="dcterms:URI"><![CDATA[oai:core.kmi.open.ac.uk:107271]]></dc:identifier>
	<dc:format><dcterms:medium><![CDATA[text]]></dcterms:medium></dc:format>
</ags:resource>
<ags:resource ags:ARN="GB2015400054">
	<dc:title><![CDATA[Comparative investment analysis for small scale broiler and layer enterprises in Zambia]]></dc:title>
	<dc:creator>
		<ags:creatorPersonal><![CDATA[Sosthenes Mwansa]]></ags:creatorPersonal>
	</dc:creator>
	<dc:identifier scheme="dcterms:URI"><![CDATA[http://core.kmi.open.ac.uk/download/pdf/10653746.pdf]]></dc:identifier>
	<dc:identifier scheme="dcterms:URI"><![CDATA[oai:core.kmi.open.ac.uk:10653746]]></dc:identifier>
	<dc:format><dcterms:medium><![CDATA[text]]></dcterms:medium></dc:format>
</ags:resource>
<ags:resource ags:ARN="GB2015400055">
	<dc:title><![CDATA[Utilisation de l'habitat par les femelles du faucon pèlerin (Falco peregrinus anatum) à l'échelle du domaine vital, en période de nidification]]></dc:title>
	<dc:creator>
		<ags:creatorPersonal><![CDATA[Jean Lapointe]]></ags:creatorPersonal>
	</dc:creator>
	<dc:identifier scheme="dcterms:URI"><![CDATA[oai:core.kmi.open.ac.uk:10801434]]></dc:identifier>
	<dc:identifier scheme="dcterms:URI"><![CDATA[http://core.kmi.open.ac.uk/download/pdf/10801434.pdf]]></dc:identifier>
	<dc:format><dcterms:medium><![CDATA[text]]></dcterms:medium></dc:format>
</ags:resource>
<ags:resource ags:ARN="GB2015400056">
	<dc:title><![CDATA[A study of the relationship between agricultural efficiency and urban growth in the post-Revolutionary War period]]></dc:title>
	<dc:creator>
		<ags:creatorPersonal><![CDATA[Samantha Tierney Grover]]></ags:creatorPersonal>
	</dc:creator>
	<dc:identifier scheme="dcterms:URI"><![CDATA[http://core.kmi.open.ac.uk/download/pdf/10688399.pdf]]></dc:identifier>
	<dc:identifier scheme="dcterms:URI"><![CDATA[oai:core.kmi.open.ac.uk:10688399]]></dc:identifier>
	<dc:format><dcterms:medium><![CDATA[text]]></dcterms:medium></dc:format>
</ags:resource>
<ags:resource ags:ARN="GB2015400057">
	<dc:title><![CDATA[A new function for the Arabidopsis thaliana SNARE SYP121]]></dc:title>
	<dc:creator>
		<ags:creatorPersonal><![CDATA[Annegret Honsbein]]></ags:creatorPersonal>
	</dc:creator>
	<dc:identifier scheme="dcterms:URI"><![CDATA[http://core.kmi.open.ac.uk/download/pdf/10808502.pdf]]></dc:identifier>
	<dc:identifier scheme="dcterms:URI"><![CDATA[oai:core.kmi.open.ac.uk:10808502]]></dc:identifier>
	<dc:format><dcterms:medium><![CDATA[text]]></dcterms:medium></dc:format>
</ags:resource>
<ags:resource ags:ARN="GB2015400058">
	<dc:title><![CDATA[Le commerce équitable à travers la crise économique : étude de cas d'une filière de textile équitable et biologique entre 2006 et 2011]]></dc:title>
	<dc:creator>
		<ags:creatorPersonal><![CDATA[Julien Boucher]]></ags:creatorPersonal>
	</dc:creator>
	<dc:identifier scheme="dcterms:URI"><![CDATA[oai:core.kmi.open.ac.uk:10801436]]></dc:identifier>
	<dc:identifier scheme="dcterms:URI"><![CDATA[http://core.kmi.open.ac.uk/download/pdf/10801436.pdf]]></dc:identifier>
	<dc:format><dcterms:medium><![CDATA[text]]></dcterms:medium></dc:format>
</ags:resource>
<ags:resource ags:ARN="GB2015400059">
	<dc:title><![CDATA[Planning and agriculture : the impact of planning controls on agriculture in the Shire of Bass]]></dc:title>
	<dc:creator>
		<ags:creatorPersonal><![CDATA[Susan Halstead-Lyons]]></ags:creatorPersonal>
	</dc:creator>
	<dc:identifier scheme="dcterms:URI"><![CDATA[http://core.kmi.open.ac.uk/download/pdf/10834182.pdf]]></dc:identifier>
	<dc:identifier scheme="dcterms:URI"><![CDATA[oai:core.kmi.open.ac.uk:10834182]]></dc:identifier>
	<dc:format><dcterms:medium><![CDATA[text]]></dcterms:medium></dc:format>
</ags:resource>
<ags:resource ags:ARN="GB2015400060">
	<dc:title><![CDATA[Future sustainability of organic vegetable production in the UK: perception of the growers]]></dc:title>
	<dc:creator>
		<ags:creatorPersonal><![CDATA[PANKAJ  KUMAR BANIK]]></ags:creatorPersonal>
	</dc:creator>
	<dc:identifier scheme="dcterms:URI"><![CDATA[http://core.kmi.open.ac.uk/download/pdf/10808150.pdf]]></dc:identifier>
	<dc:identifier scheme="dcterms:URI"><![CDATA[oai:core.kmi.open.ac.uk:10808150]]></dc:identifier>
	<dc:format><dcterms:medium><![CDATA[text]]></dcterms:medium></dc:format>
</ags:resource>
<ags:resource ags:ARN="GB2015400061">
	<dc:title><![CDATA[Design of an agricultural mobile spraying system]]></dc:title>
	<dc:creator>
		<ags:creatorPersonal><![CDATA[O. W. Heal]]></ags:creatorPersonal>
	</dc:creator>
	<dc:identifier scheme="dcterms:URI"><![CDATA[http://core.kmi.open.ac.uk/download/pdf/10799591.pdf]]></dc:identifier>
	<dc:identifier scheme="dcterms:URI"><![CDATA[oai:core.kmi.open.ac.uk:10799591]]></dc:identifier>
	<dc:format><dcterms:medium><![CDATA[text]]></dcterms:medium></dc:format>
</ags:resource>
<ags:resource ags:ARN="GB2015400062">
	<dc:title><![CDATA[農産物流通自由化と農村部における流通システムの形成 -- ミャンマー・リョクトウ産地の事例から]]></dc:title>
	<dc:creator>
		<ags:creatorPersonal><![CDATA[郁子 岡本]]></ags:creatorPersonal>
	</dc:creator>
	<dc:identifier scheme="dcterms:URI"><![CDATA[http://core.kmi.open.ac.uk/download/pdf/10843588.pdf]]></dc:identifier>
	<dc:identifier scheme="dcterms:URI"><![CDATA[oai:core.kmi.open.ac.uk:10843588]]></dc:identifier>
	<dc:format><dcterms:medium><![CDATA[text]]></dcterms:medium></dc:format>
</ags:resource>
<ags:resource ags:ARN="GB2015400063">
	<dc:title><![CDATA[Design development and implementation of agriculture online service system]]></dc:title>
	<dc:creator>
		<ags:creatorPersonal><![CDATA[Lisa Helper Meyer]]></ags:creatorPersonal>
	</dc:creator>
	<dc:identifier scheme="dcterms:URI"><![CDATA[oai:core.kmi.open.ac.uk:10834141]]></dc:identifier>
	<dc:identifier scheme="dcterms:URI"><![CDATA[http://core.kmi.open.ac.uk/download/pdf/10834141.pdf]]></dc:identifier>
	<dc:format><dcterms:medium><![CDATA[text]]></dcterms:medium></dc:format>
</ags:resource>
<ags:resource ags:ARN="GB2015400064">
	<dc:title><![CDATA[The development and investigation of a systems model of farm tourism in Victoria]]></dc:title>
	<dc:creator>
		<ags:creatorPersonal><![CDATA[Syed Abul Basher]]></ags:creatorPersonal>
		<ags:creatorPersonal><![CDATA[David G. Raboy]]></ags:creatorPersonal>
		<ags:creatorPersonal><![CDATA[Simeon Kaitibie]]></ags:creatorPersonal>
		<ags:creatorPersonal><![CDATA[Ishrat Hossain]]></ags:creatorPersonal>
	</dc:creator>
	<dc:identifier scheme="dcterms:URI"><![CDATA[http://core.kmi.open.ac.uk/download/pdf/10835700.pdf]]></dc:identifier>
	<dc:identifier scheme="dcterms:URI"><![CDATA[oai:core.kmi.open.ac.uk:10835700]]></dc:identifier>
	<dc:format><dcterms:medium><![CDATA[text]]></dcterms:medium></dc:format>
</ags:resource>
<ags:resource ags:ARN="GB2015400065">
	<dc:title><![CDATA[Incentives Embedded in Institutions: The Case of Share Contracts in Ghanaian Cocoa Production]]></dc:title>
	<dc:creator>
		<ags:creatorPersonal><![CDATA[Tsutomu Takane]]></ags:creatorPersonal>
	</dc:creator>
	<dc:identifier scheme="dcterms:URI"><![CDATA[oai:core.kmi.open.ac.uk:10843611]]></dc:identifier>
	<dc:identifier scheme="dcterms:URI"><![CDATA[http://core.kmi.open.ac.uk/download/pdf/10843611.pdf]]></dc:identifier>
	<dc:format><dcterms:medium><![CDATA[text]]></dcterms:medium></dc:format>
</ags:resource>
<ags:resource ags:ARN="GB2015400066">
	<dc:title><![CDATA[Agricultural Policies and Development of Myanmar's Agricultural Sector: An Overview]]></dc:title>
	<dc:creator>
		<ags:creatorPersonal><![CDATA[Koichi Fujita]]></ags:creatorPersonal>
		<ags:creatorPersonal><![CDATA[Ikuko Okamoto]]></ags:creatorPersonal>
	</dc:creator>
	<dc:identifier scheme="dcterms:URI"><![CDATA[http://core.kmi.open.ac.uk/download/pdf/10843648.pdf]]></dc:identifier>
	<dc:identifier scheme="dcterms:URI"><![CDATA[oai:core.kmi.open.ac.uk:10843648]]></dc:identifier>
	<dc:format><dcterms:medium><![CDATA[text]]></dcterms:medium></dc:format>
</ags:resource>
<ags:resource ags:ARN="GB2015400067">
	<dc:title><![CDATA[多国籍種苗企業の国際展開]]></dc:title>
	<dc:creator>
		<ags:creatorPersonal><![CDATA[成朗 伊藤]]></ags:creatorPersonal>
	</dc:creator>
	<dc:identifier scheme="dcterms:URI"><![CDATA[http://core.kmi.open.ac.uk/download/pdf/10843822.pdf]]></dc:identifier>
	<dc:identifier scheme="dcterms:URI"><![CDATA[oai:core.kmi.open.ac.uk:10843822]]></dc:identifier>
	<dc:format><dcterms:medium><![CDATA[text]]></dcterms:medium></dc:format>
</ags:resource>
<ags:resource ags:ARN="GB2015400068">
	<dc:title><![CDATA[[書評] 髙橋昭雄著『現代ミャンマーの農村経済－移行経済下の農民と非農民－』]]></dc:title>
	<dc:creator>
		<ags:creatorPersonal><![CDATA[郁子 岡本]]></ags:creatorPersonal>
	</dc:creator>
	<dc:identifier scheme="dcterms:URI"><![CDATA[http://core.kmi.open.ac.uk/download/pdf/10843909.pdf]]></dc:identifier>
	<dc:identifier scheme="dcterms:URI"><![CDATA[oai:core.kmi.open.ac.uk:10843909]]></dc:identifier>
	<dc:format><dcterms:medium><![CDATA[text]]></dcterms:medium></dc:format>
</ags:resource>
<ags:resource ags:ARN="GB2015400069">
	<dc:title><![CDATA[Rural development in the Republic of the Congo : policy and the society]]></dc:title>
	<dc:creator>
		<ags:creatorPersonal><![CDATA[進一 武内]]></ags:creatorPersonal>
	</dc:creator>
	<dc:identifier scheme="dcterms:URI"><![CDATA[http://core.kmi.open.ac.uk/download/pdf/10843769.pdf]]></dc:identifier>
	<dc:identifier scheme="dcterms:URI"><![CDATA[oai:core.kmi.open.ac.uk:10843769]]></dc:identifier>
	<dc:format><dcterms:medium><![CDATA[text]]></dcterms:medium></dc:format>
</ags:resource>
<ags:resource ags:ARN="GB2015400070">
	<dc:title><![CDATA[Economic development capitalizing on brand agriculture : turning development strategy on its head]]></dc:title>
	<dc:creator>
		<ags:creatorPersonal><![CDATA[Masahisa Fujita]]></ags:creatorPersonal>
	</dc:creator>
	<dc:identifier scheme="dcterms:URI"><![CDATA[http://core.kmi.open.ac.uk/download/pdf/10843920.pdf]]></dc:identifier>
	<dc:identifier scheme="dcterms:URI"><![CDATA[oai:core.kmi.open.ac.uk:10843920]]></dc:identifier>
	<dc:format><dcterms:medium><![CDATA[text]]></dcterms:medium></dc:format>
</ags:resource>
<ags:resource ags:ARN="GB2015400071">
	<dc:title><![CDATA[Export-Led Growth and Geographic Distribution of the Poultry Meat Industry in Brazil]]></dc:title>
	<dc:creator>
		<ags:creatorPersonal><![CDATA[Yasushi Ueki]]></ags:creatorPersonal>
	</dc:creator>
	<dc:identifier scheme="dcterms:URI"><![CDATA[oai:core.kmi.open.ac.uk:10843671]]></dc:identifier>
	<dc:identifier scheme="dcterms:URI"><![CDATA[http://core.kmi.open.ac.uk/download/pdf/10843671.pdf]]></dc:identifier>
	<dc:format><dcterms:medium><![CDATA[text]]></dcterms:medium></dc:format>
</ags:resource>
<ags:resource ags:ARN="GB2015400072">
	<dc:title><![CDATA[Expansion of Asparagus Production and Exports in Peru]]></dc:title>
	<dc:creator>
		<ags:creatorPersonal><![CDATA[Tatsuya Shimizu]]></ags:creatorPersonal>
	</dc:creator>
	<dc:identifier scheme="dcterms:URI"><![CDATA[oai:core.kmi.open.ac.uk:10843658]]></dc:identifier>
	<dc:identifier scheme="dcterms:URI"><![CDATA[http://core.kmi.open.ac.uk/download/pdf/10843658.pdf]]></dc:identifier>
	<dc:format><dcterms:medium><![CDATA[text]]></dcterms:medium></dc:format>
</ags:resource>
<ags:resource ags:ARN="GB2015400073">
	<dc:title><![CDATA[アルゼンチン農牧業の展開過程と地域差の形成]]></dc:title>
	<dc:creator>
		<ags:creatorPersonal><![CDATA[Elly C. Knight]]></ags:creatorPersonal>
		<ags:creatorPersonal><![CDATA[Nancy A. Mahony]]></ags:creatorPersonal>
		<ags:creatorPersonal><![CDATA[David J. Green]]></ags:creatorPersonal>
	</dc:creator>
	<dc:identifier scheme="dcterms:URI"><![CDATA[http://core.kmi.open.ac.uk/download/pdf/10844204.pdf]]></dc:identifier>
	<dc:identifier scheme="dcterms:URI"><![CDATA[oai:core.kmi.open.ac.uk:10844204]]></dc:identifier>
	<dc:format><dcterms:medium><![CDATA[text]]></dcterms:medium></dc:format>
</ags:resource>
<ags:resource ags:ARN="GB2015400074">
	<dc:title><![CDATA[[書評] 原隆一著『イランの水と社会』]]></dc:title>
	<dc:creator>
		<ags:creatorPersonal><![CDATA[均 鈴木]]></ags:creatorPersonal>
	</dc:creator>
	<dc:identifier scheme="dcterms:URI"><![CDATA[http://core.kmi.open.ac.uk/download/pdf/10844027.pdf]]></dc:identifier>
	<dc:identifier scheme="dcterms:URI"><![CDATA[oai:core.kmi.open.ac.uk:10844027]]></dc:identifier>
	<dc:format><dcterms:medium><![CDATA[text]]></dcterms:medium></dc:format>
</ags:resource>
<ags:resource ags:ARN="GB2015400075">
	<dc:title><![CDATA[Gambling with Liberalization: Smallholder Livelihoods in Contemporary Rural Malawi]]></dc:title>
	<dc:creator>
		<ags:creatorPersonal><![CDATA[Tsutomu Takane]]></ags:creatorPersonal>
	</dc:creator>
	<dc:identifier scheme="dcterms:URI"><![CDATA[http://core.kmi.open.ac.uk/download/pdf/10844482.pdf]]></dc:identifier>
	<dc:identifier scheme="dcterms:URI"><![CDATA[oai:core.kmi.open.ac.uk:10844482]]></dc:identifier>
	<dc:format><dcterms:medium><![CDATA[text]]></dcterms:medium></dc:format>
</ags:resource>
<ags:resource ags:ARN="GB2015400076">
	<dc:title><![CDATA[Diversities and Disparities among Female-Headed Households in Rural Malawi]]></dc:title>
	<dc:creator>
		<ags:creatorPersonal><![CDATA[Tsutomu Takane]]></ags:creatorPersonal>
	</dc:creator>
	<dc:identifier scheme="dcterms:URI"><![CDATA[http://core.kmi.open.ac.uk/download/pdf/10844572.pdf]]></dc:identifier>
	<dc:identifier scheme="dcterms:URI"><![CDATA[oai:core.kmi.open.ac.uk:10844572]]></dc:identifier>
	<dc:format><dcterms:medium><![CDATA[text]]></dcterms:medium></dc:format>
</ags:resource>
<ags:resource ags:ARN="GB2015400077">
	<dc:title><![CDATA[Causality Relationships between Total Exports with Agricultural and Manufacturing GDP in Tanzania]]></dc:title>
	<dc:creator>
		<ags:creatorPersonal><![CDATA[Nicolaus Herman Shombe]]></ags:creatorPersonal>
	</dc:creator>
	<dc:identifier scheme="dcterms:URI"><![CDATA[oai:core.kmi.open.ac.uk:10844678]]></dc:identifier>
	<dc:identifier scheme="dcterms:URI"><![CDATA[http://core.kmi.open.ac.uk/download/pdf/10844678.pdf]]></dc:identifier>
	<dc:format><dcterms:medium><![CDATA[text]]></dcterms:medium></dc:format>
</ags:resource>
<ags:resource ags:ARN="GB2015400078">
	<dc:title><![CDATA[The Impact of Tobacco Production Liberalization on Smallholders in Malawi]]></dc:title>
	<dc:creator>
		<ags:creatorPersonal><![CDATA[Azusa Harashima]]></ags:creatorPersonal>
	</dc:creator>
	<dc:identifier scheme="dcterms:URI"><![CDATA[http://core.kmi.open.ac.uk/download/pdf/10844793.pdf]]></dc:identifier>
	<dc:identifier scheme="dcterms:URI"><![CDATA[oai:core.kmi.open.ac.uk:10844793]]></dc:identifier>
	<dc:format><dcterms:medium><![CDATA[text]]></dcterms:medium></dc:format>
</ags:resource>
<ags:resource ags:ARN="GB2015400079">
	<dc:title><![CDATA[The rise and fall in the price of food, fuel and manufactured goods : interdependency between prices and technology determining comparative advantages and development paths]]></dc:title>
	<dc:creator>
		<ags:creatorPersonal><![CDATA[Tatsufumi Yamagata]]></ags:creatorPersonal>
		<ags:creatorPersonal><![CDATA[Yoko Asuyama]]></ags:creatorPersonal>
	</dc:creator>
	<dc:identifier scheme="dcterms:URI"><![CDATA[http://core.kmi.open.ac.uk/download/pdf/10845185.pdf]]></dc:identifier>
	<dc:identifier scheme="dcterms:URI"><![CDATA[oai:core.kmi.open.ac.uk:10845185]]></dc:identifier>
	<dc:format><dcterms:medium><![CDATA[text]]></dcterms:medium></dc:format>
</ags:resource>
<ags:resource ags:ARN="GB2015400080">
	<dc:title><![CDATA[Border Barriers in Agricultural Trade and the Impact of their Elimination: Evidence from East Asia]]></dc:title>
	<dc:creator>
		<ags:creatorPersonal><![CDATA[Kazunobu Hayakawa]]></ags:creatorPersonal>
		<ags:creatorPersonal><![CDATA[Kuo-I Chang]]></ags:creatorPersonal>
	</dc:creator>
	<dc:identifier scheme="dcterms:URI"><![CDATA[http://core.kmi.open.ac.uk/download/pdf/10844772.pdf]]></dc:identifier>
	<dc:identifier scheme="dcterms:URI"><![CDATA[oai:core.kmi.open.ac.uk:10844772]]></dc:identifier>
	<dc:format><dcterms:medium><![CDATA[text]]></dcterms:medium></dc:format>
</ags:resource>
<ags:resource ags:ARN="GB2015400081">
	<dc:title><![CDATA[Development strategy in Bihar through revitalizing the agricultural sector : a preliminary analysis]]></dc:title>
	<dc:creator>
		<ags:creatorPersonal><![CDATA[David Trechter]]></ags:creatorPersonal>
		<ags:creatorPersonal><![CDATA[Caleb Riedeman]]></ags:creatorPersonal>
	</dc:creator>
	<dc:identifier scheme="dcterms:URI"><![CDATA[oai:core.kmi.open.ac.uk:10845293]]></dc:identifier>
	<dc:identifier scheme="dcterms:URI"><![CDATA[http://core.kmi.open.ac.uk/download/pdf/10845293.pdf]]></dc:identifier>
	<dc:format><dcterms:medium><![CDATA[text]]></dcterms:medium></dc:format>
</ags:resource>
<ags:resource ags:ARN="GB2015400082">
	<dc:title><![CDATA[Farming on commonage is it a constraint to recreational access]]></dc:title>
	<dc:creator>
		<ags:creatorPersonal><![CDATA[Jatinder Bedi]]></ags:creatorPersonal>
	</dc:creator>
	<dc:identifier scheme="dcterms:URI"><![CDATA[oai:core.kmi.open.ac.uk:10851611]]></dc:identifier>
	<dc:identifier scheme="dcterms:URI"><![CDATA[http://core.kmi.open.ac.uk/download/pdf/10851611.pdf]]></dc:identifier>
	<dc:format><dcterms:medium><![CDATA[text]]></dcterms:medium></dc:format>
</ags:resource>
<ags:resource ags:ARN="GB2015400083">
	<dc:title><![CDATA[1980年代のカンボジアにおける家族農業の創設－クロムサマキの役割－]]></dc:title>
	<dc:creator>
		<ags:creatorPersonal><![CDATA[直子 天川]]></ags:creatorPersonal>
	</dc:creator>
	<dc:identifier scheme="dcterms:URI"><![CDATA[http://core.kmi.open.ac.uk/download/pdf/10844044.pdf]]></dc:identifier>
	<dc:identifier scheme="dcterms:URI"><![CDATA[oai:core.kmi.open.ac.uk:10844044]]></dc:identifier>
	<dc:format><dcterms:medium><![CDATA[text]]></dcterms:medium></dc:format>
</ags:resource>
<ags:resource ags:ARN="GB2015400084">
	<dc:title><![CDATA[Regional differences regarding land tenancy in rural Rwanda, with special reference to sharecropping in a coffee production area]]></dc:title>
	<dc:creator>
		<ags:creatorPersonal><![CDATA[Shinichi Takeuchi]]></ags:creatorPersonal>
		<ags:creatorPersonal><![CDATA[Jean Marara]]></ags:creatorPersonal>
	</dc:creator>
	<dc:identifier scheme="dcterms:URI"><![CDATA[oai:core.kmi.open.ac.uk:10845347]]></dc:identifier>
	<dc:identifier scheme="dcterms:URI"><![CDATA[http://core.kmi.open.ac.uk/download/pdf/10845347.pdf]]></dc:identifier>
	<dc:format><dcterms:medium><![CDATA[text]]></dcterms:medium></dc:format>
</ags:resource>
<ags:resource ags:ARN="GB2015400085">
	<dc:title><![CDATA[[書評] Richard A. Shroeder, Shady Practices: Agroforestry and Gender Politics in Gambia]]></dc:title>
	<dc:creator>
		<ags:creatorPersonal><![CDATA[務 高根]]></ags:creatorPersonal>
	</dc:creator>
	<dc:identifier scheme="dcterms:URI"><![CDATA[oai:core.kmi.open.ac.uk:10843974]]></dc:identifier>
	<dc:identifier scheme="dcterms:URI"><![CDATA[http://core.kmi.open.ac.uk/download/pdf/10843974.pdf]]></dc:identifier>
	<dc:format><dcterms:medium><![CDATA[text]]></dcterms:medium></dc:format>
</ags:resource>
<ags:resource ags:ARN="GB2015400086">
	<dc:title><![CDATA[The Shrimp Export Boom and Small-Scale Fishermen in Myanmar]]></dc:title>
	<dc:creator>
		<ags:creatorPersonal><![CDATA[Ikuko Okamoto]]></ags:creatorPersonal>
	</dc:creator>
	<dc:identifier scheme="dcterms:URI"><![CDATA[oai:core.kmi.open.ac.uk:10844674]]></dc:identifier>
	<dc:identifier scheme="dcterms:URI"><![CDATA[http://core.kmi.open.ac.uk/download/pdf/10844674.pdf]]></dc:identifier>
	<dc:format><dcterms:medium><![CDATA[text]]></dcterms:medium></dc:format>
</ags:resource>
<ags:resource ags:ARN="GB2015400087">
	<dc:title><![CDATA[Benefits and Costs of Methane Emission Reduction in the Irish National Herd]]></dc:title>
	<dc:creator>
		<ags:creatorPersonal><![CDATA[Eoghan Garvey]]></ags:creatorPersonal>
		<ags:creatorPersonal><![CDATA[Niall Mc Inerney]]></ags:creatorPersonal>
	</dc:creator>
	<dc:identifier scheme="dcterms:URI"><![CDATA[http://core.kmi.open.ac.uk/download/pdf/10851678.pdf]]></dc:identifier>
	<dc:identifier scheme="dcterms:URI"><![CDATA[oai:core.kmi.open.ac.uk:10851678]]></dc:identifier>
	<dc:format><dcterms:medium><![CDATA[text]]></dcterms:medium></dc:format>
</ags:resource>
<ags:resource ags:ARN="GB2015400088">
	<dc:title><![CDATA[Environmental risk factors for Parkinson's disease]]></dc:title>
	<dc:creator>
		<ags:creatorPersonal><![CDATA[Coral Elizabeth Gartner]]></ags:creatorPersonal>
	</dc:creator>
	<dc:identifier scheme="dcterms:URI"><![CDATA[http://core.kmi.open.ac.uk/download/pdf/10885092.pdf]]></dc:identifier>
	<dc:identifier scheme="dcterms:URI"><![CDATA[oai:core.kmi.open.ac.uk:10885092]]></dc:identifier>
	<dc:format><dcterms:medium><![CDATA[text]]></dcterms:medium></dc:format>
</ags:resource>
<ags:resource ags:ARN="GB2015400089">
	<dc:title><![CDATA[Governing sustainable food and farming production futures using integrated risk assessment approaches]]></dc:title>
	<dc:creator>
		<ags:creatorPersonal><![CDATA[Astrid H. Gesche]]></ags:creatorPersonal>
		<ags:creatorPersonal><![CDATA[Alex]]></ags:creatorPersonal>
		<ags:creatorPersonal><![CDATA[er Haslberger]]></ags:creatorPersonal>
	</dc:creator>
	<dc:identifier scheme="dcterms:URI"><![CDATA[oai:core.kmi.open.ac.uk:10877199]]></dc:identifier>
	<dc:identifier scheme="dcterms:URI"><![CDATA[http://core.kmi.open.ac.uk/download/pdf/10877199.pdf]]></dc:identifier>
	<dc:format><dcterms:medium><![CDATA[text]]></dcterms:medium></dc:format>
</ags:resource>
<ags:resource ags:ARN="GB2015400090">
	<dc:title><![CDATA[Scientific and technological information services in Australia II. Discipline formation in information management]]></dc:title>
	<dc:creator>
		<ags:creatorPersonal><![CDATA[Michael R. Middleton]]></ags:creatorPersonal>
	</dc:creator>
	<dc:identifier scheme="dcterms:URI"><![CDATA[oai:core.kmi.open.ac.uk:10876099]]></dc:identifier>
	<dc:identifier scheme="dcterms:URI"><![CDATA[http://core.kmi.open.ac.uk/download/pdf/10876099.pdf]]></dc:identifier>
	<dc:format><dcterms:medium><![CDATA[text]]></dcterms:medium></dc:format>
</ags:resource>
<ags:resource ags:ARN="GB2015400091">
	<dc:title><![CDATA[A golf course for Birdsville]]></dc:title>
	<dc:creator>
		<ags:creatorPersonal><![CDATA[Annie Béliveau]]></ags:creatorPersonal>
	</dc:creator>
	<dc:identifier scheme="dcterms:URI"><![CDATA[http://core.kmi.open.ac.uk/download/pdf/10878649.pdf]]></dc:identifier>
	<dc:identifier scheme="dcterms:URI"><![CDATA[oai:core.kmi.open.ac.uk:10878649]]></dc:identifier>
	<dc:format><dcterms:medium><![CDATA[text]]></dcterms:medium></dc:format>
</ags:resource>
<ags:resource ags:ARN="GB2015400092">
	<dc:title><![CDATA[Scientific and technological information services in Australia I. History and development]]></dc:title>
	<dc:creator>
		<ags:creatorPersonal><![CDATA[Michael R. Middleton]]></ags:creatorPersonal>
	</dc:creator>
	<dc:identifier scheme="dcterms:URI"><![CDATA[http://core.kmi.open.ac.uk/download/pdf/10876011.pdf]]></dc:identifier>
	<dc:identifier scheme="dcterms:URI"><![CDATA[oai:core.kmi.open.ac.uk:10876011]]></dc:identifier>
	<dc:format><dcterms:medium><![CDATA[text]]></dcterms:medium></dc:format>
</ags:resource>
<ags:resource ags:ARN="GB2015400093">
	<dc:title><![CDATA[Virtual fences for controlling cows]]></dc:title>
	<dc:creator>
		<ags:creatorPersonal><![CDATA[Z. Butler]]></ags:creatorPersonal>
		<ags:creatorPersonal><![CDATA[P. Corke]]></ags:creatorPersonal>
		<ags:creatorPersonal><![CDATA[R. Peterson]]></ags:creatorPersonal>
		<ags:creatorPersonal><![CDATA[D. Rus]]></ags:creatorPersonal>
	</dc:creator>
	<dc:identifier scheme="dcterms:URI"><![CDATA[oai:core.kmi.open.ac.uk:10897928]]></dc:identifier>
	<dc:identifier scheme="dcterms:URI"><![CDATA[http://core.kmi.open.ac.uk/download/pdf/10897928.pdf]]></dc:identifier>
	<dc:format><dcterms:medium><![CDATA[text]]></dcterms:medium></dc:format>
</ags:resource>
<ags:resource ags:ARN="GB2015400094">
	<dc:title><![CDATA[Transforming agriculture through pervasive wireless sensor networks]]></dc:title>
	<dc:creator>
		<ags:creatorPersonal><![CDATA[Tim Wark]]></ags:creatorPersonal>
		<ags:creatorPersonal><![CDATA[Peter Corke]]></ags:creatorPersonal>
		<ags:creatorPersonal><![CDATA[Pavan Sikka]]></ags:creatorPersonal>
		<ags:creatorPersonal><![CDATA[Lasse Klingbeil]]></ags:creatorPersonal>
		<ags:creatorPersonal><![CDATA[Ying Guo]]></ags:creatorPersonal>
		<ags:creatorPersonal><![CDATA[Chris Crossman]]></ags:creatorPersonal>
		<ags:creatorPersonal><![CDATA[Philip Valencia]]></ags:creatorPersonal>
		<ags:creatorPersonal><![CDATA[Dave Swain]]></ags:creatorPersonal>
		<ags:creatorPersonal><![CDATA[Greg Bishop-Hurley]]></ags:creatorPersonal>
	</dc:creator>
	<dc:identifier scheme="dcterms:URI"><![CDATA[http://core.kmi.open.ac.uk/download/pdf/10898485.pdf]]></dc:identifier>
	<dc:identifier scheme="dcterms:URI"><![CDATA[oai:core.kmi.open.ac.uk:10898485]]></dc:identifier>
	<dc:format><dcterms:medium><![CDATA[text]]></dcterms:medium></dc:format>
</ags:resource>
<ags:resource ags:ARN="GB2015400095">
	<dc:title><![CDATA[Hierarchical Bayesian models for estimating the extent of plant pest invasions]]></dc:title>
	<dc:creator>
		<ags:creatorPersonal><![CDATA[Mark Andrew Stanaway]]></ags:creatorPersonal>
	</dc:creator>
	<dc:identifier scheme="dcterms:URI"><![CDATA[http://core.kmi.open.ac.uk/download/pdf/10903126.pdf]]></dc:identifier>
	<dc:identifier scheme="dcterms:URI"><![CDATA[oai:core.kmi.open.ac.uk:10903126]]></dc:identifier>
	<dc:format><dcterms:medium><![CDATA[text]]></dcterms:medium></dc:format>
</ags:resource>
<ags:resource ags:ARN="GB2015400096">
	<dc:title><![CDATA[Improved salinity management for the Nebine / Mungallala / Wallam catchment]]></dc:title>
	<dc:creator>
		<ags:creatorPersonal><![CDATA[John Wolfenden]]></ags:creatorPersonal>
		<ags:creatorPersonal><![CDATA[Matthew Gray]]></ags:creatorPersonal>
		<ags:creatorPersonal><![CDATA[Michael Evans]]></ags:creatorPersonal>
	</dc:creator>
	<dc:identifier scheme="dcterms:URI"><![CDATA[http://core.kmi.open.ac.uk/download/pdf/10903551.pdf]]></dc:identifier>
	<dc:identifier scheme="dcterms:URI"><![CDATA[oai:core.kmi.open.ac.uk:10903551]]></dc:identifier>
	<dc:format><dcterms:medium><![CDATA[text]]></dcterms:medium></dc:format>
</ags:resource>
<ags:resource ags:ARN="GB2015400097">
	<dc:title><![CDATA[Development of an autonomous unmanned aerial system to collect time-stamped samples from the atmosphere and localize potential pathogen sources]]></dc:title>
	<dc:creator>
		<ags:creatorPersonal><![CDATA[Felipe Gonzalez]]></ags:creatorPersonal>
		<ags:creatorPersonal><![CDATA[Pritesh P. Narayan]]></ags:creatorPersonal>
		<ags:creatorPersonal><![CDATA[Marcos P.G. Castro]]></ags:creatorPersonal>
		<ags:creatorPersonal><![CDATA[Les Zeller]]></ags:creatorPersonal>
	</dc:creator>
	<dc:identifier scheme="dcterms:URI"><![CDATA[http://core.kmi.open.ac.uk/download/pdf/10907846.pdf]]></dc:identifier>
	<dc:identifier scheme="dcterms:URI"><![CDATA[oai:core.kmi.open.ac.uk:10907846]]></dc:identifier>
	<dc:format><dcterms:medium><![CDATA[text]]></dcterms:medium></dc:format>
</ags:resource>
<ags:resource ags:ARN="GB2015400098">
	<dc:title><![CDATA[Nitrogen fertilizer rate management as a nitrous oxide mitigation strategy:  Development of a nitrous oxide emission reduction protocol (NERP)]]></dc:title>
	<dc:creator>
		<ags:creatorPersonal><![CDATA[Phillip Kostov]]></ags:creatorPersonal>
		<ags:creatorPersonal><![CDATA[John Lingard]]></ags:creatorPersonal>
	</dc:creator>
	<dc:identifier scheme="dcterms:URI"><![CDATA[oai:core.kmi.open.ac.uk:10900736]]></dc:identifier>
	<dc:identifier scheme="dcterms:URI"><![CDATA[http://core.kmi.open.ac.uk/download/pdf/10900736.pdf]]></dc:identifier>
	<dc:format><dcterms:medium><![CDATA[text]]></dcterms:medium></dc:format>
</ags:resource>
<ags:resource ags:ARN="GB2015400099">
	<dc:title><![CDATA[Designing disruption : linking participatory design and design thinking in technology orientated industries]]></dc:title>
	<dc:creator>
		<ags:creatorPersonal><![CDATA[Carl Behrendorff]]></ags:creatorPersonal>
		<ags:creatorPersonal><![CDATA[Sam Bucolo]]></ags:creatorPersonal>
		<ags:creatorPersonal><![CDATA[Evonne Miller]]></ags:creatorPersonal>
	</dc:creator>
	<dc:identifier scheme="dcterms:URI"><![CDATA[http://core.kmi.open.ac.uk/download/pdf/10904363.pdf]]></dc:identifier>
	<dc:identifier scheme="dcterms:URI"><![CDATA[oai:core.kmi.open.ac.uk:10904363]]></dc:identifier>
	<dc:format><dcterms:medium><![CDATA[text]]></dcterms:medium></dc:format>
</ags:resource>
</ags:resources>