<?xml version="1.0" encoding="UTF-8"?>
<!DOCTYPE ags:resources SYSTEM "http://purl.org/agmes/agrisap/dtd/">
<ags:resources xmlns:ags="http://purl.org/agmes/1.1/" xmlns:dc="http://purl.org/dc/elements/1.1/" xmlns:agls="http://www.naa.gov.au/recordkeeping/gov_online/agls/1.2" xmlns:dcterms="http://purl.org/dc/terms/">
<ags:resource ags:ARN="GB2015402900">
	<dc:title><![CDATA[RESPON PENAWARAN WORTEL  ( Daucus carota ) DI KABUPATEN BOYOLALI]]></dc:title>
	<dc:creator>
		<ags:creatorPersonal><![CDATA[Dyah Kartika Rini]]></ags:creatorPersonal>
	</dc:creator>
	<dc:identifier scheme="dcterms:URI"><![CDATA[http://core.kmi.open.ac.uk/download/pdf/12347527.pdf]]></dc:identifier>
	<dc:identifier scheme="dcterms:URI"><![CDATA[oai:core.kmi.open.ac.uk:12347527]]></dc:identifier>
	<dc:format><dcterms:medium><![CDATA[text]]></dcterms:medium></dc:format>
</ags:resource>
<ags:resource ags:ARN="GB2015402901">
	<dc:title><![CDATA[PENGARUH MACAM MEDIA TANAM DAN KULTIVAR TERHADAP PERTUMBUHAN BIBIT SALAK (Salacca zalacca Gaertner (Voss)) LOKAL JAWA TENGAH]]></dc:title>
	<dc:creator>
		<ags:creatorPersonal><![CDATA[Hanna Astranindita]]></ags:creatorPersonal>
	</dc:creator>
	<dc:identifier scheme="dcterms:URI"><![CDATA[http://core.kmi.open.ac.uk/download/pdf/12347560.pdf]]></dc:identifier>
	<dc:identifier scheme="dcterms:URI"><![CDATA[oai:core.kmi.open.ac.uk:12347560]]></dc:identifier>
	<dc:format><dcterms:medium><![CDATA[text]]></dcterms:medium></dc:format>
</ags:resource>
<ags:resource ags:ARN="GB2015402902">
	<dc:title><![CDATA[PENGARUH  SISTEM PENGOLAHAN TANAH DAN PEMBERIAN  MACAM BAHAN ORGANIK TERHADAP PERTUMBUHAN DAN HASIL   KACANG TANAH (Arachis hypogaea L.)]]></dc:title>
	<dc:creator>
		<ags:creatorPersonal><![CDATA[ARIEK TRIAS INDRIA]]></ags:creatorPersonal>
	</dc:creator>
	<dc:identifier scheme="dcterms:URI"><![CDATA[oai:core.kmi.open.ac.uk:12347547]]></dc:identifier>
	<dc:identifier scheme="dcterms:URI"><![CDATA[http://core.kmi.open.ac.uk/download/pdf/12347547.pdf]]></dc:identifier>
	<dc:format><dcterms:medium><![CDATA[text]]></dcterms:medium></dc:format>
</ags:resource>
<ags:resource ags:ARN="GB2015402903">
	<dc:title><![CDATA[PENGARUH KUALITAS MASUKAN BERBAGAI SERESAH TERHADAP DINAMIKA NH4 +, NO3 -, DAN POTENSIAL NITRIFIKASI TANAH SERTA SERAPAN N TANAMAN JAGUNG (Zea mays L.)]]></dc:title>
	<dc:creator>
		<ags:creatorPersonal><![CDATA[PUJI ASTUTI]]></ags:creatorPersonal>
	</dc:creator>
	<dc:identifier scheme="dcterms:URI"><![CDATA[oai:core.kmi.open.ac.uk:12347570]]></dc:identifier>
	<dc:identifier scheme="dcterms:URI"><![CDATA[http://core.kmi.open.ac.uk/download/pdf/12347570.pdf]]></dc:identifier>
	<dc:format><dcterms:medium><![CDATA[text]]></dcterms:medium></dc:format>
</ags:resource>
<ags:resource ags:ARN="GB2015402904">
	<dc:title><![CDATA[ANALISIS KETERPADUAN PASAR BUNCIS ANTARA PASAR TAWANGMANGU KABUPATEN KARANGANYAR  DENGAN  PASAR LEGI KOTA SURAKARTA]]></dc:title>
	<dc:creator>
		<ags:creatorPersonal><![CDATA[Fajar Martha D]]></ags:creatorPersonal>
	</dc:creator>
	<dc:identifier scheme="dcterms:URI"><![CDATA[oai:core.kmi.open.ac.uk:12347613]]></dc:identifier>
	<dc:identifier scheme="dcterms:URI"><![CDATA[http://core.kmi.open.ac.uk/download/pdf/12347613.pdf]]></dc:identifier>
	<dc:format><dcterms:medium><![CDATA[text]]></dcterms:medium></dc:format>
</ags:resource>
<ags:resource ags:ARN="GB2015402905">
	<dc:title><![CDATA[ANALISIS NILAI TAMBAH UBI KAYU SEBAGAI BAHAN  BAKU KERIPIK SINGKONG DI KABUPATEN  KARANGANYAR (Kasus pada KUB Wanita Tani Makmur)]]></dc:title>
	<dc:creator>
		<ags:creatorPersonal><![CDATA[AMALIA PUTRI KUSUMANINGRUM]]></ags:creatorPersonal>
	</dc:creator>
	<dc:identifier scheme="dcterms:URI"><![CDATA[oai:core.kmi.open.ac.uk:12347616]]></dc:identifier>
	<dc:identifier scheme="dcterms:URI"><![CDATA[http://core.kmi.open.ac.uk/download/pdf/12347616.pdf]]></dc:identifier>
	<dc:format><dcterms:medium><![CDATA[text]]></dcterms:medium></dc:format>
</ags:resource>
<ags:resource ags:ARN="GB2015402906">
	<dc:title><![CDATA[Aplikasi edible film maizena dengan penambahan ekstrak jahe sebagai  antioksidan alami pada coatingsosis sapi]]></dc:title>
	<dc:creator>
		<ags:creatorPersonal><![CDATA[Heny Ratri Estiningtyas]]></ags:creatorPersonal>
	</dc:creator>
	<dc:identifier scheme="dcterms:URI"><![CDATA[oai:core.kmi.open.ac.uk:12347631]]></dc:identifier>
	<dc:identifier scheme="dcterms:URI"><![CDATA[http://core.kmi.open.ac.uk/download/pdf/12347631.pdf]]></dc:identifier>
	<dc:format><dcterms:medium><![CDATA[text]]></dcterms:medium></dc:format>
</ags:resource>
<ags:resource ags:ARN="GB2015402907">
	<dc:title><![CDATA[Farmers' perceptions of problems using RRA methodology]]></dc:title>
	<dc:creator>
		<ags:creatorPersonal><![CDATA[Attila Hegedűs]]></ags:creatorPersonal>
		<ags:creatorPersonal><![CDATA[Zoltán Szabó]]></ags:creatorPersonal>
		<ags:creatorPersonal><![CDATA[J. Nyeki]]></ags:creatorPersonal>
		<ags:creatorPersonal><![CDATA[Júlia Halász]]></ags:creatorPersonal>
		<ags:creatorPersonal><![CDATA[Andrzej Pedryc]]></ags:creatorPersonal>
	</dc:creator>
	<dc:identifier scheme="dcterms:URI"><![CDATA[http://core.kmi.open.ac.uk/download/pdf/12347811.pdf]]></dc:identifier>
	<dc:identifier scheme="dcterms:URI"><![CDATA[oai:core.kmi.open.ac.uk:12347811]]></dc:identifier>
	<dc:format><dcterms:medium><![CDATA[text]]></dcterms:medium></dc:format>
</ags:resource>
<ags:resource ags:ARN="GB2015402908">
	<dc:title><![CDATA[SIKAP KONSUMEN PASAR SWALAYAN  TERHADAP PRODUK KECAP  DI KOTA SURAKARTA]]></dc:title>
	<dc:creator>
		<ags:creatorPersonal><![CDATA[DWI PURY PURNAMASARI]]></ags:creatorPersonal>
	</dc:creator>
	<dc:identifier scheme="dcterms:URI"><![CDATA[http://core.kmi.open.ac.uk/download/pdf/12347630.pdf]]></dc:identifier>
	<dc:identifier scheme="dcterms:URI"><![CDATA[oai:core.kmi.open.ac.uk:12347630]]></dc:identifier>
	<dc:format><dcterms:medium><![CDATA[text]]></dcterms:medium></dc:format>
</ags:resource>
<ags:resource ags:ARN="GB2015402909">
	<dc:title><![CDATA[ANALISIS USAHA KERUPUK PATHILO  SKALA RUMAH TANGGA DI KABUPATEN WONOGIRI]]></dc:title>
	<dc:creator>
		<ags:creatorPersonal><![CDATA[ELTRI WIDIANTI]]></ags:creatorPersonal>
	</dc:creator>
	<dc:identifier scheme="dcterms:URI"><![CDATA[oai:core.kmi.open.ac.uk:12347877]]></dc:identifier>
	<dc:identifier scheme="dcterms:URI"><![CDATA[http://core.kmi.open.ac.uk/download/pdf/12347877.pdf]]></dc:identifier>
	<dc:format><dcterms:medium><![CDATA[text]]></dcterms:medium></dc:format>
</ags:resource>
<ags:resource ags:ARN="GB2015402910">
	<dc:title><![CDATA[SIKAP PETANI TEMBAKAU TERHADAP PROGRAM KEMITRAAN   PT GUDANG GARAM DI KECAMATAN SUGIHWARAS   KABUPATEN BOJONEGORO]]></dc:title>
	<dc:creator>
		<ags:creatorPersonal><![CDATA[Hikmah Nur Latifah]]></ags:creatorPersonal>
	</dc:creator>
	<dc:identifier scheme="dcterms:URI"><![CDATA[http://core.kmi.open.ac.uk/download/pdf/12347853.pdf]]></dc:identifier>
	<dc:identifier scheme="dcterms:URI"><![CDATA[oai:core.kmi.open.ac.uk:12347853]]></dc:identifier>
	<dc:format><dcterms:medium><![CDATA[text]]></dcterms:medium></dc:format>
</ags:resource>
<ags:resource ags:ARN="GB2015402911">
	<dc:title><![CDATA[ANALISIS BREAK EVEN POINT (BEP) KOMODITAS MINYAK PALA DI PT. PERKEBUNAN NUSANTARA IX (PERSERO) KEBUN NGOBO SEMARANG]]></dc:title>
	<dc:creator>
		<ags:creatorPersonal><![CDATA[ERNA OKTAVIANINGSIH]]></ags:creatorPersonal>
	</dc:creator>
	<dc:identifier scheme="dcterms:URI"><![CDATA[http://core.kmi.open.ac.uk/download/pdf/12347883.pdf]]></dc:identifier>
	<dc:identifier scheme="dcterms:URI"><![CDATA[oai:core.kmi.open.ac.uk:12347883]]></dc:identifier>
	<dc:format><dcterms:medium><![CDATA[text]]></dcterms:medium></dc:format>
</ags:resource>
<ags:resource ags:ARN="GB2015402912">
	<dc:title><![CDATA[PENGARUH PENGGANTIAN KONSENTRAT DENGAN KULIT  UBI KAYU (Manihot utilisima) FERMENTASI DALAM RANSUM  TERHADAP PRODUKSI KARKAS KELINCI  KETURUNAN VLAAMS REUS JANTAN]]></dc:title>
	<dc:creator>
		<ags:creatorPersonal><![CDATA[Eko Kurniawan]]></ags:creatorPersonal>
	</dc:creator>
	<dc:identifier scheme="dcterms:URI"><![CDATA[http://core.kmi.open.ac.uk/download/pdf/12347820.pdf]]></dc:identifier>
	<dc:identifier scheme="dcterms:URI"><![CDATA[oai:core.kmi.open.ac.uk:12347820]]></dc:identifier>
	<dc:format><dcterms:medium><![CDATA[text]]></dcterms:medium></dc:format>
</ags:resource>
<ags:resource ags:ARN="GB2015402913">
	<dc:title><![CDATA[ANALISIS KEMITRAAN DALAM PEMBENIHAN JAGUNG HIBRIDA PADA PT BISI INTERNATIONAL Tbk DI KABUPATEN KEDIRI]]></dc:title>
	<dc:creator>
		<ags:creatorPersonal><![CDATA[EKA KARTIKA NURYANA DEWI]]></ags:creatorPersonal>
	</dc:creator>
	<dc:identifier scheme="dcterms:URI"><![CDATA[oai:core.kmi.open.ac.uk:12347927]]></dc:identifier>
	<dc:identifier scheme="dcterms:URI"><![CDATA[http://core.kmi.open.ac.uk/download/pdf/12347927.pdf]]></dc:identifier>
	<dc:format><dcterms:medium><![CDATA[text]]></dcterms:medium></dc:format>
</ags:resource>
<ags:resource ags:ARN="GB2015402914">
	<dc:title><![CDATA[PENGEMBANGAN USAHA AGRIBISNIS PERDESAAN (PUAP) DI KECAMATAN PLUPUH KABUPATEN SRAGEN (Kasus Pada Budidaya Tanaman Padi (Oryza Sativa))]]></dc:title>
	<dc:creator>
		<ags:creatorPersonal><![CDATA[BRIYANTYASTIN ASFIGURETANAWATI]]></ags:creatorPersonal>
	</dc:creator>
	<dc:identifier scheme="dcterms:URI"><![CDATA[http://core.kmi.open.ac.uk/download/pdf/12347928.pdf]]></dc:identifier>
	<dc:identifier scheme="dcterms:URI"><![CDATA[oai:core.kmi.open.ac.uk:12347928]]></dc:identifier>
	<dc:format><dcterms:medium><![CDATA[text]]></dcterms:medium></dc:format>
</ags:resource>
<ags:resource ags:ARN="GB2015402915">
	<dc:title><![CDATA[ANALISIS CURAHAN WAKTU KERJA WANITA PADA INDUSTRI KARAK SKALA RUMAH TANGGA DI KECAMATAN MOJOLABAN KABUPATEN SUKOHARJO]]></dc:title>
	<dc:creator>
		<ags:creatorPersonal><![CDATA[ASRINA ISTIQOMAH HENDRAYANI]]></ags:creatorPersonal>
	</dc:creator>
	<dc:identifier scheme="dcterms:URI"><![CDATA[oai:core.kmi.open.ac.uk:12347950]]></dc:identifier>
	<dc:identifier scheme="dcterms:URI"><![CDATA[http://core.kmi.open.ac.uk/download/pdf/12347950.pdf]]></dc:identifier>
	<dc:format><dcterms:medium><![CDATA[text]]></dcterms:medium></dc:format>
</ags:resource>
<ags:resource ags:ARN="GB2015402916">
	<dc:title><![CDATA[ANALISIS USAHA DAN ALTERNATIF STRATEGI PENGEMBANGAN AGRIBISNIS PEMBENIHAN IKAN LELE DUMBO DI KECAMATAN CEPER KABUPATEN KLATEN]]></dc:title>
	<dc:creator>
		<ags:creatorPersonal><![CDATA[Joko Wibowo]]></ags:creatorPersonal>
	</dc:creator>
	<dc:identifier scheme="dcterms:URI"><![CDATA[http://core.kmi.open.ac.uk/download/pdf/12347977.pdf]]></dc:identifier>
	<dc:identifier scheme="dcterms:URI"><![CDATA[oai:core.kmi.open.ac.uk:12347977]]></dc:identifier>
	<dc:format><dcterms:medium><![CDATA[text]]></dcterms:medium></dc:format>
</ags:resource>
<ags:resource ags:ARN="GB2015402917">
	<dc:title><![CDATA[STRATEGI PEMASARAN BAKSO DAGING DI PT KEPURUN PAWANA INDONESIA KABUPATEN KLATEN]]></dc:title>
	<dc:creator>
		<ags:creatorPersonal><![CDATA[Muhammad Hanif Khoiruddin]]></ags:creatorPersonal>
	</dc:creator>
	<dc:identifier scheme="dcterms:URI"><![CDATA[http://core.kmi.open.ac.uk/download/pdf/12347974.pdf]]></dc:identifier>
	<dc:identifier scheme="dcterms:URI"><![CDATA[oai:core.kmi.open.ac.uk:12347974]]></dc:identifier>
	<dc:format><dcterms:medium><![CDATA[text]]></dcterms:medium></dc:format>
</ags:resource>
<ags:resource ags:ARN="GB2015402918">
	<dc:title><![CDATA[ANALISIS KETERPADUAN PASAR BUNCIS ANTARA PASAR TAWANGMANGU KABUPATEN KARANGANYAR DENGAN PASAR LEGI KOTA SURAKARTA]]></dc:title>
	<dc:creator>
		<ags:creatorPersonal><![CDATA[Fajar Martha D]]></ags:creatorPersonal>
	</dc:creator>
	<dc:identifier scheme="dcterms:URI"><![CDATA[oai:core.kmi.open.ac.uk:12348009]]></dc:identifier>
	<dc:identifier scheme="dcterms:URI"><![CDATA[http://core.kmi.open.ac.uk/download/pdf/12348009.pdf]]></dc:identifier>
	<dc:format><dcterms:medium><![CDATA[text]]></dcterms:medium></dc:format>
</ags:resource>
<ags:resource ags:ARN="GB2015402919">
	<dc:title><![CDATA[KAJIAN PENAMBAHAN EKSTRAK DAN TEPUNG WORTEL TERHADAP KARAKTERISTIK FISIK, KIMIA, DAN SENSORIS ES KRIM]]></dc:title>
	<dc:creator>
		<ags:creatorPersonal><![CDATA[TESTI KURNIA FITRIANI]]></ags:creatorPersonal>
	</dc:creator>
	<dc:identifier scheme="dcterms:URI"><![CDATA[http://core.kmi.open.ac.uk/download/pdf/12347994.pdf]]></dc:identifier>
	<dc:identifier scheme="dcterms:URI"><![CDATA[oai:core.kmi.open.ac.uk:12347994]]></dc:identifier>
	<dc:format><dcterms:medium><![CDATA[text]]></dcterms:medium></dc:format>
</ags:resource>
<ags:resource ags:ARN="GB2015402920">
	<dc:title><![CDATA[UJI POTENSI EKSTRAK DAUN SUREN (Toona sureni Blume) SEBAGAI INSEKTISIDA ULAT GRAYAK (Spodoptera litura F.) PADA TANAMAN KEDELAI (Glycine max L.)]]></dc:title>
	<dc:creator>
		<ags:creatorPersonal><![CDATA[ESTRI NOVIANA]]></ags:creatorPersonal>
	</dc:creator>
	<dc:identifier scheme="dcterms:URI"><![CDATA[http://core.kmi.open.ac.uk/download/pdf/12347995.pdf]]></dc:identifier>
	<dc:identifier scheme="dcterms:URI"><![CDATA[oai:core.kmi.open.ac.uk:12347995]]></dc:identifier>
	<dc:format><dcterms:medium><![CDATA[text]]></dcterms:medium></dc:format>
</ags:resource>
<ags:resource ags:ARN="GB2015402921">
	<dc:title><![CDATA[SIKAP DAN MINAT KONSUMEN PASAR SWALAYAN  TERHADAP PRODUK TEH DI SURAKARTA]]></dc:title>
	<dc:creator>
		<ags:creatorPersonal><![CDATA[Mohammad Samaun Safa]]></ags:creatorPersonal>
		<ags:creatorPersonal><![CDATA[Minur Rahman Siddiqui]]></ags:creatorPersonal>
		<ags:creatorPersonal><![CDATA[Adnan Asanoy]]></ags:creatorPersonal>
		<ags:creatorPersonal><![CDATA[Arifin Abdu]]></ags:creatorPersonal>
	</dc:creator>
	<dc:identifier scheme="dcterms:URI"><![CDATA[http://core.kmi.open.ac.uk/download/pdf/12348012.pdf]]></dc:identifier>
	<dc:identifier scheme="dcterms:URI"><![CDATA[oai:core.kmi.open.ac.uk:12348012]]></dc:identifier>
	<dc:format><dcterms:medium><![CDATA[text]]></dcterms:medium></dc:format>
</ags:resource>
<ags:resource ags:ARN="GB2015402922">
	<dc:title><![CDATA[SKRIPSI IMPLEMENTASI AKAD MURABAHAH DALAM PEMBIAYAAN PEMILIKAN RUMAH BERSUBSIDI SECARA SYARIAH DI BANK TABUNGAN NEGARA KANTOR CABANG SYARIAH SURAKARTA]]></dc:title>
	<dc:creator>
		<ags:creatorPersonal><![CDATA[ABDUL AZZIZ HERAWANTO]]></ags:creatorPersonal>
	</dc:creator>
	<dc:identifier scheme="dcterms:URI"><![CDATA[http://core.kmi.open.ac.uk/download/pdf/12348011.pdf]]></dc:identifier>
	<dc:identifier scheme="dcterms:URI"><![CDATA[oai:core.kmi.open.ac.uk:12348011]]></dc:identifier>
	<dc:format><dcterms:medium><![CDATA[text]]></dcterms:medium></dc:format>
</ags:resource>
<ags:resource ags:ARN="GB2015402923">
	<dc:title><![CDATA[PENGARUH PENAMBAHAN PUPUK ORGANIK KOTORAN SAPI DAN SERESAH SENGON (Albizzia falcataria) TERHADAP KETERSEDIAAN DAN SERAPAN UNSUR Ca PADA DUA SISTEM BUDIDAYA PADI SAWAH (Oryza sativa L.)]]></dc:title>
	<dc:creator>
		<ags:creatorPersonal><![CDATA[MUHAMMAD IQOMUDDIN]]></ags:creatorPersonal>
	</dc:creator>
	<dc:identifier scheme="dcterms:URI"><![CDATA[oai:core.kmi.open.ac.uk:12348036]]></dc:identifier>
	<dc:identifier scheme="dcterms:URI"><![CDATA[http://core.kmi.open.ac.uk/download/pdf/12348036.pdf]]></dc:identifier>
	<dc:format><dcterms:medium><![CDATA[text]]></dcterms:medium></dc:format>
</ags:resource>
<ags:resource ags:ARN="GB2015402924">
	<dc:title><![CDATA[PROSES PRODUKSI SIRUP MALTOSA, DEXTROSA DAN  FRUKTOSA]]></dc:title>
	<dc:creator>
		<ags:creatorPersonal><![CDATA[RUDY HARYADI]]></ags:creatorPersonal>
	</dc:creator>
	<dc:identifier scheme="dcterms:URI"><![CDATA[oai:core.kmi.open.ac.uk:12348046]]></dc:identifier>
	<dc:identifier scheme="dcterms:URI"><![CDATA[http://core.kmi.open.ac.uk/download/pdf/12348046.pdf]]></dc:identifier>
	<dc:format><dcterms:medium><![CDATA[text]]></dcterms:medium></dc:format>
</ags:resource>
<ags:resource ags:ARN="GB2015402925">
	<dc:title><![CDATA[Strategi pengembangan industri kecil tempe di  Kecamatan Pedan Kabupaten Klaten]]></dc:title>
	<dc:creator>
		<ags:creatorPersonal><![CDATA[Nurul Laela Fatmawati]]></ags:creatorPersonal>
	</dc:creator>
	<dc:identifier scheme="dcterms:URI"><![CDATA[http://core.kmi.open.ac.uk/download/pdf/12348040.pdf]]></dc:identifier>
	<dc:identifier scheme="dcterms:URI"><![CDATA[oai:core.kmi.open.ac.uk:12348040]]></dc:identifier>
	<dc:format><dcterms:medium><![CDATA[text]]></dcterms:medium></dc:format>
</ags:resource>
<ags:resource ags:ARN="GB2015402926">
	<dc:title><![CDATA[KERAGAMAN FENOTIPE  BEBERAPA GALUR PADI HIBRIDA (Oryza sativa L.)  DI DESA KARANGDUREN, SAWIT, BOYOLALI]]></dc:title>
	<dc:creator>
		<ags:creatorPersonal><![CDATA[LAZIM SOFI]]></ags:creatorPersonal>
	</dc:creator>
	<dc:identifier scheme="dcterms:URI"><![CDATA[oai:core.kmi.open.ac.uk:12348056]]></dc:identifier>
	<dc:identifier scheme="dcterms:URI"><![CDATA[http://core.kmi.open.ac.uk/download/pdf/12348056.pdf]]></dc:identifier>
	<dc:format><dcterms:medium><![CDATA[text]]></dcterms:medium></dc:format>
</ags:resource>
<ags:resource ags:ARN="GB2015402927">
	<dc:title><![CDATA[ANALISIS SITOGENETIKA TANAMAN MANGGIS (Garcinia mangostana L.) JOGOROGO]]></dc:title>
	<dc:creator>
		<ags:creatorPersonal><![CDATA[Arini Sarasmiyarti]]></ags:creatorPersonal>
	</dc:creator>
	<dc:identifier scheme="dcterms:URI"><![CDATA[oai:core.kmi.open.ac.uk:12348064]]></dc:identifier>
	<dc:identifier scheme="dcterms:URI"><![CDATA[http://core.kmi.open.ac.uk/download/pdf/12348064.pdf]]></dc:identifier>
	<dc:format><dcterms:medium><![CDATA[text]]></dcterms:medium></dc:format>
</ags:resource>
<ags:resource ags:ARN="GB2015402928">
	<dc:title><![CDATA[PENGARUH DOSIS PUPUK MAJEMUK DAN KONSENTRASI EM-4 TERHADAP PERTUMBUHAN BIBIT STEK TEBU  (Saccharum officinarum L.)]]></dc:title>
	<dc:creator>
		<ags:creatorPersonal><![CDATA[Esti Purwanti]]></ags:creatorPersonal>
	</dc:creator>
	<dc:identifier scheme="dcterms:URI"><![CDATA[http://core.kmi.open.ac.uk/download/pdf/12348050.pdf]]></dc:identifier>
	<dc:identifier scheme="dcterms:URI"><![CDATA[oai:core.kmi.open.ac.uk:12348050]]></dc:identifier>
	<dc:format><dcterms:medium><![CDATA[text]]></dcterms:medium></dc:format>
</ags:resource>
<ags:resource ags:ARN="GB2015402929">
	<dc:title><![CDATA[PENGARUH PERTUMBUHAN VEGETATIF NANAS TERHADAP PERTUMBUHAN DAN HASIL UBI JALAR DALAM SISTEM TUMPANGSARI]]></dc:title>
	<dc:creator>
		<ags:creatorPersonal><![CDATA[Arina Kurnia Wul]]></ags:creatorPersonal>
		<ags:creatorPersonal><![CDATA[ari]]></ags:creatorPersonal>
	</dc:creator>
	<dc:identifier scheme="dcterms:URI"><![CDATA[oai:core.kmi.open.ac.uk:12348059]]></dc:identifier>
	<dc:identifier scheme="dcterms:URI"><![CDATA[http://core.kmi.open.ac.uk/download/pdf/12348059.pdf]]></dc:identifier>
	<dc:format><dcterms:medium><![CDATA[text]]></dcterms:medium></dc:format>
</ags:resource>
<ags:resource ags:ARN="GB2015402930">
	<dc:title><![CDATA[ANALISIS KETERPADUAN PASAR CABAI RAWIT ANTARA PASAR LEGI DENGAN PASAR GEDE DAN PASAR NUSUKAN DI KOTA SURAKARTA]]></dc:title>
	<dc:creator>
		<ags:creatorPersonal><![CDATA[Robert Lillywhite]]></ags:creatorPersonal>
	</dc:creator>
	<dc:identifier scheme="dcterms:URI"><![CDATA[oai:core.kmi.open.ac.uk:12348072]]></dc:identifier>
	<dc:identifier scheme="dcterms:URI"><![CDATA[http://core.kmi.open.ac.uk/download/pdf/12348072.pdf]]></dc:identifier>
	<dc:format><dcterms:medium><![CDATA[text]]></dcterms:medium></dc:format>
</ags:resource>
<ags:resource ags:ARN="GB2015402931">
	<dc:title><![CDATA[KAJIAN MACAM MEDIA DAN KONSENTRASI BAP TERHADAP MULTIPLIKASI TANAMAN MANGGIS (Garcinia mangostana L.) SECARA IN VITRO]]></dc:title>
	<dc:creator>
		<ags:creatorPersonal><![CDATA[EKA NURSETIADI]]></ags:creatorPersonal>
	</dc:creator>
	<dc:identifier scheme="dcterms:URI"><![CDATA[http://core.kmi.open.ac.uk/download/pdf/12348087.pdf]]></dc:identifier>
	<dc:identifier scheme="dcterms:URI"><![CDATA[oai:core.kmi.open.ac.uk:12348087]]></dc:identifier>
	<dc:format><dcterms:medium><![CDATA[text]]></dcterms:medium></dc:format>
</ags:resource>
<ags:resource ags:ARN="GB2015402932">
	<dc:title><![CDATA[MANAJEMEN PEMELIHARAAN AYAM BROILER DI PETERNAKAN UD HADI PS KECAMATAN NGUTER KABUPATEN SUKOHARJO]]></dc:title>
	<dc:creator>
		<ags:creatorPersonal><![CDATA[Tim Chancellor]]></ags:creatorPersonal>
		<ags:creatorPersonal><![CDATA[Charles Busolo-Bulafo]]></ags:creatorPersonal>
		<ags:creatorPersonal><![CDATA[Piet van der Merwe]]></ags:creatorPersonal>
		<ags:creatorPersonal><![CDATA[Naidu Rayapati]]></ags:creatorPersonal>
		<ags:creatorPersonal><![CDATA[Francis Kimmins]]></ags:creatorPersonal>
	</dc:creator>
	<dc:identifier scheme="dcterms:URI"><![CDATA[http://core.kmi.open.ac.uk/download/pdf/12348109.pdf]]></dc:identifier>
	<dc:identifier scheme="dcterms:URI"><![CDATA[oai:core.kmi.open.ac.uk:12348109]]></dc:identifier>
	<dc:format><dcterms:medium><![CDATA[text]]></dcterms:medium></dc:format>
</ags:resource>
<ags:resource ags:ARN="GB2015402933">
	<dc:title><![CDATA[KAJIAN KONSENTRASI BAP DAN NAA TERHADAP MULTIPLIKASI TANAMAN Artemisia annua L. SECARA IN VITRO]]></dc:title>
	<dc:creator>
		<ags:creatorPersonal><![CDATA[Hikmah Fitriani]]></ags:creatorPersonal>
	</dc:creator>
	<dc:identifier scheme="dcterms:URI"><![CDATA[http://core.kmi.open.ac.uk/download/pdf/12348077.pdf]]></dc:identifier>
	<dc:identifier scheme="dcterms:URI"><![CDATA[oai:core.kmi.open.ac.uk:12348077]]></dc:identifier>
	<dc:format><dcterms:medium><![CDATA[text]]></dcterms:medium></dc:format>
</ags:resource>
<ags:resource ags:ARN="GB2015402934">
	<dc:title><![CDATA[PENGUJIAN PERTUMBUHAN DAN POTENSI HASIL BEBERAPA GENOTIPE JAGUNG HIBRIDA (Zea mays L.) DI DESA KEPRABON, KECAMATAN POLANHARJO, KABUPATEN KLATEN]]></dc:title>
	<dc:creator>
		<ags:creatorPersonal><![CDATA[ARTALINI KUSUMO WARDANI]]></ags:creatorPersonal>
	</dc:creator>
	<dc:identifier scheme="dcterms:URI"><![CDATA[oai:core.kmi.open.ac.uk:12348114]]></dc:identifier>
	<dc:identifier scheme="dcterms:URI"><![CDATA[http://core.kmi.open.ac.uk/download/pdf/12348114.pdf]]></dc:identifier>
	<dc:format><dcterms:medium><![CDATA[text]]></dcterms:medium></dc:format>
</ags:resource>
<ags:resource ags:ARN="GB2015402935">
	<dc:title><![CDATA[Pengaruh penggunaan pakan suplemen yang mengandung daun lamtoro terhadap  Keseimbangan nitrogen ransum sapi Peranakan ongole jantan]]></dc:title>
	<dc:creator>
		<ags:creatorPersonal><![CDATA[Danang Dimas Wijaya]]></ags:creatorPersonal>
	</dc:creator>
	<dc:identifier scheme="dcterms:URI"><![CDATA[oai:core.kmi.open.ac.uk:12348130]]></dc:identifier>
	<dc:identifier scheme="dcterms:URI"><![CDATA[http://core.kmi.open.ac.uk/download/pdf/12348130.pdf]]></dc:identifier>
	<dc:format><dcterms:medium><![CDATA[text]]></dcterms:medium></dc:format>
</ags:resource>
<ags:resource ags:ARN="GB2015402936">
	<dc:title><![CDATA[PENGATURAN KERAPATAN POPULASI  DAN PEMBERIAN PUPUK KANDANG   PADA TANAMAN ALFALFA (Medicago sativa L.)]]></dc:title>
	<dc:creator>
		<ags:creatorPersonal><![CDATA[Asri Nurani Tri Hartanti]]></ags:creatorPersonal>
	</dc:creator>
	<dc:identifier scheme="dcterms:URI"><![CDATA[oai:core.kmi.open.ac.uk:12348134]]></dc:identifier>
	<dc:identifier scheme="dcterms:URI"><![CDATA[http://core.kmi.open.ac.uk/download/pdf/12348134.pdf]]></dc:identifier>
	<dc:format><dcterms:medium><![CDATA[text]]></dcterms:medium></dc:format>
</ags:resource>
<ags:resource ags:ARN="GB2015402937">
	<dc:title><![CDATA[Pengaruh penggunaan bungkil biji kapuk (ceiba pentandra) dalam ransum terhadap performan  Domba lokal jantan]]></dc:title>
	<dc:creator>
		<ags:creatorPersonal><![CDATA[Era Ari Astanto]]></ags:creatorPersonal>
	</dc:creator>
	<dc:identifier scheme="dcterms:URI"><![CDATA[http://core.kmi.open.ac.uk/download/pdf/12348115.pdf]]></dc:identifier>
	<dc:identifier scheme="dcterms:URI"><![CDATA[oai:core.kmi.open.ac.uk:12348115]]></dc:identifier>
	<dc:format><dcterms:medium><![CDATA[text]]></dcterms:medium></dc:format>
</ags:resource>
<ags:resource ags:ARN="GB2015402938">
	<dc:title><![CDATA[KAJIAN BERBAGAI KOMPOSISI MEDIA SERTA KONDISI GELAP DAN TERANG TERHADAP INDUKSI KALUS TANAMAN JATI BELANDA  (Guazuma lmifolia Lamk.)]]></dc:title>
	<dc:creator>
		<ags:creatorPersonal><![CDATA[NUKE ISNAYANTI PUTRI]]></ags:creatorPersonal>
	</dc:creator>
	<dc:identifier scheme="dcterms:URI"><![CDATA[http://core.kmi.open.ac.uk/download/pdf/12348119.pdf]]></dc:identifier>
	<dc:identifier scheme="dcterms:URI"><![CDATA[oai:core.kmi.open.ac.uk:12348119]]></dc:identifier>
	<dc:format><dcterms:medium><![CDATA[text]]></dcterms:medium></dc:format>
</ags:resource>
<ags:resource ags:ARN="GB2015402939">
	<dc:title><![CDATA[ANALISIS PERILAKU KONSUMEN  DALAM MEMBELI IKAN LELE DI PASAR  TRADISIONAL KOTA SURAKARTA]]></dc:title>
	<dc:creator>
		<ags:creatorPersonal><![CDATA[Irma Diana Puspitasari]]></ags:creatorPersonal>
	</dc:creator>
	<dc:identifier scheme="dcterms:URI"><![CDATA[http://core.kmi.open.ac.uk/download/pdf/12348141.pdf]]></dc:identifier>
	<dc:identifier scheme="dcterms:URI"><![CDATA[oai:core.kmi.open.ac.uk:12348141]]></dc:identifier>
	<dc:format><dcterms:medium><![CDATA[text]]></dcterms:medium></dc:format>
</ags:resource>
<ags:resource ags:ARN="GB2015402940">
	<dc:title><![CDATA[PENGARUH KONSENTRASI SITOKININ DAN TAKARAN PUPUK ORGANIK TERHADAP PERTUMBUHAN DAN HASIL PULE PANDAK(Rauvolfia serpentina (L.) Benth. ex Kurz)]]></dc:title>
	<dc:creator>
		<ags:creatorPersonal><![CDATA[Redha Arnita]]></ags:creatorPersonal>
	</dc:creator>
	<dc:identifier scheme="dcterms:URI"><![CDATA[http://core.kmi.open.ac.uk/download/pdf/12348145.pdf]]></dc:identifier>
	<dc:identifier scheme="dcterms:URI"><![CDATA[oai:core.kmi.open.ac.uk:12348145]]></dc:identifier>
	<dc:format><dcterms:medium><![CDATA[text]]></dcterms:medium></dc:format>
</ags:resource>
<ags:resource ags:ARN="GB2015402941">
	<dc:title><![CDATA[PEMBANGUNAN WILAYAH KECAMATAN BERBASIS KOMODITI PERTANIAN DI KABUPATEN KUDUS  (PENDEKATAN LOCATION QUOTIENT DAN SHIFT SHARE ANALYSIS)]]></dc:title>
	<dc:creator>
		<ags:creatorPersonal><![CDATA[Wul]]></ags:creatorPersonal>
		<ags:creatorPersonal><![CDATA[ani]]></ags:creatorPersonal>
	</dc:creator>
	<dc:identifier scheme="dcterms:URI"><![CDATA[http://core.kmi.open.ac.uk/download/pdf/12348168.pdf]]></dc:identifier>
	<dc:identifier scheme="dcterms:URI"><![CDATA[oai:core.kmi.open.ac.uk:12348168]]></dc:identifier>
	<dc:format><dcterms:medium><![CDATA[text]]></dcterms:medium></dc:format>
</ags:resource>
<ags:resource ags:ARN="GB2015402942">
	<dc:title><![CDATA[PROSES PRODUKSI JAMU KAPSUL HERBATHUS DI CV. HERBALTAMA PERSADA YOGYAKARTA BANTUL, YOGYAKARTA]]></dc:title>
	<dc:creator>
		<ags:creatorPersonal><![CDATA[MAWARDI ISDIANTO]]></ags:creatorPersonal>
	</dc:creator>
	<dc:identifier scheme="dcterms:URI"><![CDATA[http://core.kmi.open.ac.uk/download/pdf/12348150.pdf]]></dc:identifier>
	<dc:identifier scheme="dcterms:URI"><![CDATA[oai:core.kmi.open.ac.uk:12348150]]></dc:identifier>
	<dc:format><dcterms:medium><![CDATA[text]]></dcterms:medium></dc:format>
</ags:resource>
<ags:resource ags:ARN="GB2015402943">
	<dc:title><![CDATA[Pengaruh penggunaan pakan suplemen yang mengandung bungkil kedelai terhadap  Kecernaan nutrien ransum sapi Peranakan ongole jantan]]></dc:title>
	<dc:creator>
		<ags:creatorPersonal><![CDATA[Murniati]]></ags:creatorPersonal>
	</dc:creator>
	<dc:identifier scheme="dcterms:URI"><![CDATA[http://core.kmi.open.ac.uk/download/pdf/12348158.pdf]]></dc:identifier>
	<dc:identifier scheme="dcterms:URI"><![CDATA[oai:core.kmi.open.ac.uk:12348158]]></dc:identifier>
	<dc:format><dcterms:medium><![CDATA[text]]></dcterms:medium></dc:format>
</ags:resource>
<ags:resource ags:ARN="GB2015402944">
	<dc:title><![CDATA[ANALISIS SITOGENETIKA  TANAMAN MANGGIS (Garcinia mangostana L.) JOGOROGO]]></dc:title>
	<dc:creator>
		<ags:creatorPersonal><![CDATA[Arini Sarasmiyarti]]></ags:creatorPersonal>
	</dc:creator>
	<dc:identifier scheme="dcterms:URI"><![CDATA[http://core.kmi.open.ac.uk/download/pdf/12348154.pdf]]></dc:identifier>
	<dc:identifier scheme="dcterms:URI"><![CDATA[oai:core.kmi.open.ac.uk:12348154]]></dc:identifier>
	<dc:format><dcterms:medium><![CDATA[text]]></dcterms:medium></dc:format>
</ags:resource>
<ags:resource ags:ARN="GB2015402945">
	<dc:title><![CDATA[Pengaruh penggunaan pakan suplemen yang Mengandung daun lamtoro terhadap Performan sapi peranakan Ongole jantan]]></dc:title>
	<dc:creator>
		<ags:creatorPersonal><![CDATA[Titin Herviani Solikhah]]></ags:creatorPersonal>
	</dc:creator>
	<dc:identifier scheme="dcterms:URI"><![CDATA[http://core.kmi.open.ac.uk/download/pdf/12348276.pdf]]></dc:identifier>
	<dc:identifier scheme="dcterms:URI"><![CDATA[oai:core.kmi.open.ac.uk:12348276]]></dc:identifier>
	<dc:format><dcterms:medium><![CDATA[text]]></dcterms:medium></dc:format>
</ags:resource>
<ags:resource ags:ARN="GB2015402946">
	<dc:title><![CDATA[Peningkatan kualitas Anthurium hookeri melalui pemberian unsur boron (B)]]></dc:title>
	<dc:creator>
		<ags:creatorPersonal><![CDATA[PUTRI REZA ASHARI]]></ags:creatorPersonal>
	</dc:creator>
	<dc:identifier scheme="dcterms:URI"><![CDATA[oai:core.kmi.open.ac.uk:12348180]]></dc:identifier>
	<dc:identifier scheme="dcterms:URI"><![CDATA[http://core.kmi.open.ac.uk/download/pdf/12348180.pdf]]></dc:identifier>
	<dc:format><dcterms:medium><![CDATA[text]]></dcterms:medium></dc:format>
</ags:resource>
<ags:resource ags:ARN="GB2015402947">
	<dc:title><![CDATA[ASUPAN NITROGEN DAN KOMPOS TERHADAP HASIL DAN KADAR VITAMIN C KELOPAK BUNGA ROSELA (Hibiscus sabdariffa L.)]]></dc:title>
	<dc:creator>
		<ags:creatorPersonal><![CDATA[PUNTO LAKSONO JATI]]></ags:creatorPersonal>
	</dc:creator>
	<dc:identifier scheme="dcterms:URI"><![CDATA[oai:core.kmi.open.ac.uk:12348239]]></dc:identifier>
	<dc:identifier scheme="dcterms:URI"><![CDATA[http://core.kmi.open.ac.uk/download/pdf/12348239.pdf]]></dc:identifier>
	<dc:format><dcterms:medium><![CDATA[text]]></dcterms:medium></dc:format>
</ags:resource>
<ags:resource ags:ARN="GB2015402948">
	<dc:title><![CDATA[KAJIAN MACAM EKSPLAN DAN KONSENTRASI IBA TERHADAP MULTIPLIKASI TANAMAN MANGGIS (Garcinia mangostana L.) SECARA IN VITRO]]></dc:title>
	<dc:creator>
		<ags:creatorPersonal><![CDATA[ADHI PURWANTO]]></ags:creatorPersonal>
	</dc:creator>
	<dc:identifier scheme="dcterms:URI"><![CDATA[http://core.kmi.open.ac.uk/download/pdf/12348282.pdf]]></dc:identifier>
	<dc:identifier scheme="dcterms:URI"><![CDATA[oai:core.kmi.open.ac.uk:12348282]]></dc:identifier>
	<dc:format><dcterms:medium><![CDATA[text]]></dcterms:medium></dc:format>
</ags:resource>
<ags:resource ags:ARN="GB2015402949">
	<dc:title><![CDATA[Pengaruh macam persilangan  terhadap hasil dan kemampuan silang  buah naga jenis merah (hylocereus polyrhizus)]]></dc:title>
	<dc:creator>
		<ags:creatorPersonal><![CDATA[Miftah Nurul Aini]]></ags:creatorPersonal>
	</dc:creator>
	<dc:identifier scheme="dcterms:URI"><![CDATA[http://core.kmi.open.ac.uk/download/pdf/12348279.pdf]]></dc:identifier>
	<dc:identifier scheme="dcterms:URI"><![CDATA[oai:core.kmi.open.ac.uk:12348279]]></dc:identifier>
	<dc:format><dcterms:medium><![CDATA[text]]></dcterms:medium></dc:format>
</ags:resource>
<ags:resource ags:ARN="GB2015402950">
	<dc:title><![CDATA[PENGARUH PENGGUNAAN AMPAS BIR DALAM RANSUM TERHADAP KECERNAAN BAHAN KERING DAN BAHAN ORGANIK PADA DOMBA LOKAL JANTAN]]></dc:title>
	<dc:creator>
		<ags:creatorPersonal><![CDATA[Sri Hartini]]></ags:creatorPersonal>
	</dc:creator>
	<dc:identifier scheme="dcterms:URI"><![CDATA[oai:core.kmi.open.ac.uk:12348285]]></dc:identifier>
	<dc:identifier scheme="dcterms:URI"><![CDATA[http://core.kmi.open.ac.uk/download/pdf/12348285.pdf]]></dc:identifier>
	<dc:format><dcterms:medium><![CDATA[text]]></dcterms:medium></dc:format>
</ags:resource>
<ags:resource ags:ARN="GB2015402951">
	<dc:title><![CDATA[PENGARUH PENAMBAHAN TEPUNG TEMULAWAK (Curcuma xanthorrhiza Roxb) DALAM RANSUM  TERHADAP PERFORMAN DOMBA  LOKAL JANTAN]]></dc:title>
	<dc:creator>
		<ags:creatorPersonal><![CDATA[Awwalul Muqorrobin]]></ags:creatorPersonal>
	</dc:creator>
	<dc:identifier scheme="dcterms:URI"><![CDATA[http://core.kmi.open.ac.uk/download/pdf/12348291.pdf]]></dc:identifier>
	<dc:identifier scheme="dcterms:URI"><![CDATA[oai:core.kmi.open.ac.uk:12348291]]></dc:identifier>
	<dc:format><dcterms:medium><![CDATA[text]]></dcterms:medium></dc:format>
</ags:resource>
<ags:resource ags:ARN="GB2015402952">
	<dc:title><![CDATA[HUBUNGAN STATUS SOSIAL EKONOMI RUMAH TANGGA PETANI DENGAN MOTIVASI MENABUNG PADA LEMBAGA KEUANGAN DI KECAMATAN BENDOSARI KABUPATEN SUKOHARJO]]></dc:title>
	<dc:creator>
		<ags:creatorPersonal><![CDATA[Andri Puspita Lestari]]></ags:creatorPersonal>
	</dc:creator>
	<dc:identifier scheme="dcterms:URI"><![CDATA[http://core.kmi.open.ac.uk/download/pdf/12348302.pdf]]></dc:identifier>
	<dc:identifier scheme="dcterms:URI"><![CDATA[oai:core.kmi.open.ac.uk:12348302]]></dc:identifier>
	<dc:format><dcterms:medium><![CDATA[text]]></dcterms:medium></dc:format>
</ags:resource>
<ags:resource ags:ARN="GB2015402953">
	<dc:title><![CDATA[PENGARUH PENAMBAHAN TEPUNG TEMULAWAK  (Curcuma xanthorrhiza Roxb)  DALAM  RANSUM  TERHADAP KECERNAAN BAHAN KERING  DAN  BAHAN  ORGANIK  PADA  DOMBA LOKAL JANTAN RINGKASAN]]></dc:title>
	<dc:creator>
		<ags:creatorPersonal><![CDATA[Prabowo Edy Damasto]]></ags:creatorPersonal>
	</dc:creator>
	<dc:identifier scheme="dcterms:URI"><![CDATA[oai:core.kmi.open.ac.uk:12348297]]></dc:identifier>
	<dc:identifier scheme="dcterms:URI"><![CDATA[http://core.kmi.open.ac.uk/download/pdf/12348297.pdf]]></dc:identifier>
	<dc:format><dcterms:medium><![CDATA[text]]></dcterms:medium></dc:format>
</ags:resource>
<ags:resource ags:ARN="GB2015402954">
	<dc:title><![CDATA[STUDI KERAGAMAN POLA PITA ISOZIM PADA TANAMAN KAPAS (Gossypium sp.)]]></dc:title>
	<dc:creator>
		<ags:creatorPersonal><![CDATA[SULISTYOWATI]]></ags:creatorPersonal>
	</dc:creator>
	<dc:identifier scheme="dcterms:URI"><![CDATA[http://core.kmi.open.ac.uk/download/pdf/12348314.pdf]]></dc:identifier>
	<dc:identifier scheme="dcterms:URI"><![CDATA[oai:core.kmi.open.ac.uk:12348314]]></dc:identifier>
	<dc:format><dcterms:medium><![CDATA[text]]></dcterms:medium></dc:format>
</ags:resource>
<ags:resource ags:ARN="GB2015402955">
	<dc:title><![CDATA[Pengaruh macam media dan intensitas pemupukan terhadap pertumbuhan bibit tanaman anthurium  gelombang cinta (Anthurium plowmanii)]]></dc:title>
	<dc:creator>
		<ags:creatorPersonal><![CDATA[Supriyono]]></ags:creatorPersonal>
	</dc:creator>
	<dc:identifier scheme="dcterms:URI"><![CDATA[oai:core.kmi.open.ac.uk:12348324]]></dc:identifier>
	<dc:identifier scheme="dcterms:URI"><![CDATA[http://core.kmi.open.ac.uk/download/pdf/12348324.pdf]]></dc:identifier>
	<dc:format><dcterms:medium><![CDATA[text]]></dcterms:medium></dc:format>
</ags:resource>
<ags:resource ags:ARN="GB2015402956">
	<dc:title><![CDATA[FAKTOR-FAKTOR YANG MEMPENGARUHI ADOPSI BIOPESTISIDA  OLEH PETANI DI KECAMATAN MOJOGEDANG KABUPATEN KARANGANYAR]]></dc:title>
	<dc:creator>
		<ags:creatorPersonal><![CDATA[HERNING PRABAYANTI]]></ags:creatorPersonal>
	</dc:creator>
	<dc:identifier scheme="dcterms:URI"><![CDATA[http://core.kmi.open.ac.uk/download/pdf/12348369.pdf]]></dc:identifier>
	<dc:identifier scheme="dcterms:URI"><![CDATA[oai:core.kmi.open.ac.uk:12348369]]></dc:identifier>
	<dc:format><dcterms:medium><![CDATA[text]]></dcterms:medium></dc:format>
</ags:resource>
<ags:resource ags:ARN="GB2015402957">
	<dc:title><![CDATA[PENGARUH TIPE PERSILANGAN TERHADAP HASIL BUAH NAGA JENIS PUTIH (Hylocereus undatus)]]></dc:title>
	<dc:creator>
		<ags:creatorPersonal><![CDATA[MELLANI MUTIA]]></ags:creatorPersonal>
	</dc:creator>
	<dc:identifier scheme="dcterms:URI"><![CDATA[oai:core.kmi.open.ac.uk:12348332]]></dc:identifier>
	<dc:identifier scheme="dcterms:URI"><![CDATA[http://core.kmi.open.ac.uk/download/pdf/12348332.pdf]]></dc:identifier>
	<dc:format><dcterms:medium><![CDATA[text]]></dcterms:medium></dc:format>
</ags:resource>
<ags:resource ags:ARN="GB2015402958">
	<dc:title><![CDATA[ANALISIS EFISIENSI EKONOMI  PENGGUNAAN FAKTOR-FAKTOR PRODUKSI  PADA USAHATANI STROBERI  DI KABUPATEN KARANGANYAR]]></dc:title>
	<dc:creator>
		<ags:creatorPersonal><![CDATA[PAULA JUDITH HASIANI BORU SITANGGANG]]></ags:creatorPersonal>
	</dc:creator>
	<dc:identifier scheme="dcterms:URI"><![CDATA[http://core.kmi.open.ac.uk/download/pdf/12348412.pdf]]></dc:identifier>
	<dc:identifier scheme="dcterms:URI"><![CDATA[oai:core.kmi.open.ac.uk:12348412]]></dc:identifier>
	<dc:format><dcterms:medium><![CDATA[text]]></dcterms:medium></dc:format>
</ags:resource>
<ags:resource ags:ARN="GB2015402959">
	<dc:title><![CDATA[STRATEGI PENGEMBANGAN INDUSTRI KECIL TAHU DI KECAMATAN SRAGEN KABUPATEN SRAGEN]]></dc:title>
	<dc:creator>
		<ags:creatorPersonal><![CDATA[Yoga Rike Meysiana]]></ags:creatorPersonal>
	</dc:creator>
	<dc:identifier scheme="dcterms:URI"><![CDATA[oai:core.kmi.open.ac.uk:12348422]]></dc:identifier>
	<dc:identifier scheme="dcterms:URI"><![CDATA[http://core.kmi.open.ac.uk/download/pdf/12348422.pdf]]></dc:identifier>
	<dc:format><dcterms:medium><![CDATA[text]]></dcterms:medium></dc:format>
</ags:resource>
<ags:resource ags:ARN="GB2015402960">
	<dc:title><![CDATA[LAPORAN MAGANG  DI PTPN  IX (PERSERO) KEBUN JOLOTIGO PEKALONGAN]]></dc:title>
	<dc:creator>
		<ags:creatorPersonal><![CDATA[IKA  SEPTIAN ANGGREINY]]></ags:creatorPersonal>
	</dc:creator>
	<dc:identifier scheme="dcterms:URI"><![CDATA[oai:core.kmi.open.ac.uk:12348510]]></dc:identifier>
	<dc:identifier scheme="dcterms:URI"><![CDATA[http://core.kmi.open.ac.uk/download/pdf/12348510.pdf]]></dc:identifier>
	<dc:format><dcterms:medium><![CDATA[text]]></dcterms:medium></dc:format>
</ags:resource>
<ags:resource ags:ARN="GB2015402961">
	<dc:title><![CDATA[Kajian tingkat populasi dan konsentrasi pupuk daun terhadap pertumbuhan dan hasil beberapa varietas jagung hibrida zea mays l]]></dc:title>
	<dc:creator>
		<ags:creatorPersonal><![CDATA[Wahju Wibowo]]></ags:creatorPersonal>
	</dc:creator>
	<dc:identifier scheme="dcterms:URI"><![CDATA[oai:core.kmi.open.ac.uk:12348514]]></dc:identifier>
	<dc:identifier scheme="dcterms:URI"><![CDATA[http://core.kmi.open.ac.uk/download/pdf/12348514.pdf]]></dc:identifier>
	<dc:format><dcterms:medium><![CDATA[text]]></dcterms:medium></dc:format>
</ags:resource>
<ags:resource ags:ARN="GB2015402962">
	<dc:title><![CDATA[PROSES PRODUKSI KACANG GARING  ORIGINAL  DI PT GARUDAFOOD PUTRA  PUTRI  JAYA  PATI  JL. KEMBANG  JOYO NO 100 PATI , 59188, JAWA  TENGAH  TELP  (0295) 382716 FAX  (0295) 382494]]></dc:title>
	<dc:creator>
		<ags:creatorPersonal><![CDATA[FYRDA  FARIHATUL INAYAH]]></ags:creatorPersonal>
	</dc:creator>
	<dc:date><dcterms:dateIssued><![CDATA[JAWA  TENGAH  TELP  (0295) 382716 FAX  (0295) 382494]]></dcterms:dateIssued></dc:date>
	<dc:identifier scheme="dcterms:URI"><![CDATA[http://core.kmi.open.ac.uk/download/pdf/12348508.pdf]]></dc:identifier>
	<dc:identifier scheme="dcterms:URI"><![CDATA[oai:core.kmi.open.ac.uk:12348508]]></dc:identifier>
	<dc:format><dcterms:medium><![CDATA[text]]></dcterms:medium></dc:format>
</ags:resource>
<ags:resource ags:ARN="GB2015402963">
	<dc:title><![CDATA[KARAKTERISASI MORFOLOGI BEBERAPA NOMOR AKSESI  TANAMAN JARAK PAGAR (Jatropha curcas L.) DI KEBUN PLASMA  NUTFAH ASEMBAGUS, SITUBONDO, JAWA TIMUR]]></dc:title>
	<dc:creator>
		<ags:creatorPersonal><![CDATA[Wahyu Nugroho]]></ags:creatorPersonal>
	</dc:creator>
	<dc:identifier scheme="dcterms:URI"><![CDATA[http://core.kmi.open.ac.uk/download/pdf/12348486.pdf]]></dc:identifier>
	<dc:identifier scheme="dcterms:URI"><![CDATA[oai:core.kmi.open.ac.uk:12348486]]></dc:identifier>
	<dc:format><dcterms:medium><![CDATA[text]]></dcterms:medium></dc:format>
</ags:resource>
<ags:resource ags:ARN="GB2015402964">
	<dc:title><![CDATA[KAJIAN JENIS MEDIA TANAM DAN KONSENTRASI BAP (Benzyl Amino Purine) TERHADAP PERTUMBUHAN BIBIT JAMBU METE (Anacardium occidentale L.)]]></dc:title>
	<dc:creator>
		<ags:creatorPersonal><![CDATA[Ridwan Jauhari]]></ags:creatorPersonal>
	</dc:creator>
	<dc:identifier scheme="dcterms:URI"><![CDATA[oai:core.kmi.open.ac.uk:12348524]]></dc:identifier>
	<dc:identifier scheme="dcterms:URI"><![CDATA[http://core.kmi.open.ac.uk/download/pdf/12348524.pdf]]></dc:identifier>
	<dc:format><dcterms:medium><![CDATA[text]]></dcterms:medium></dc:format>
</ags:resource>
<ags:resource ags:ARN="GB2015402965">
	<dc:title><![CDATA[SUBSITUSI JAGUNG (Zea mays) DENGAN JALI (Coix Lacryma-jobi L.) PADA PEMBUATAN TORTILA: KAJIAN KARAKTERISTIK KIMIA DAN SENSORI]]></dc:title>
	<dc:creator>
		<ags:creatorPersonal><![CDATA[Widhi Cahyani]]></ags:creatorPersonal>
	</dc:creator>
	<dc:identifier scheme="dcterms:URI"><![CDATA[http://core.kmi.open.ac.uk/download/pdf/12348527.pdf]]></dc:identifier>
	<dc:identifier scheme="dcterms:URI"><![CDATA[oai:core.kmi.open.ac.uk:12348527]]></dc:identifier>
	<dc:format><dcterms:medium><![CDATA[text]]></dcterms:medium></dc:format>
</ags:resource>
<ags:resource ags:ARN="GB2015402966">
	<dc:title><![CDATA[SIKAP PETANI TERHADAP PROYEK SUBSIDI BENIH PADI CIHERANG DI KECAMATAN BAKI KABUPATEN SUKOHARJO]]></dc:title>
	<dc:creator>
		<ags:creatorPersonal><![CDATA[Arifah]]></ags:creatorPersonal>
	</dc:creator>
	<dc:identifier scheme="dcterms:URI"><![CDATA[http://core.kmi.open.ac.uk/download/pdf/12348530.pdf]]></dc:identifier>
	<dc:identifier scheme="dcterms:URI"><![CDATA[oai:core.kmi.open.ac.uk:12348530]]></dc:identifier>
	<dc:format><dcterms:medium><![CDATA[text]]></dcterms:medium></dc:format>
</ags:resource>
<ags:resource ags:ARN="GB2015402967">
	<dc:title><![CDATA[ANALISIS PENDAPATAN USAHA PETERNAKAN SAPI PERAH RAKYAT DI KECAMATAN MUSUK KABUPATEN BOYOLALI]]></dc:title>
	<dc:creator>
		<ags:creatorPersonal><![CDATA[RATNA FIBRI WAHYUNININGSIH]]></ags:creatorPersonal>
	</dc:creator>
	<dc:identifier scheme="dcterms:URI"><![CDATA[oai:core.kmi.open.ac.uk:12348571]]></dc:identifier>
	<dc:identifier scheme="dcterms:URI"><![CDATA[http://core.kmi.open.ac.uk/download/pdf/12348571.pdf]]></dc:identifier>
	<dc:format><dcterms:medium><![CDATA[text]]></dcterms:medium></dc:format>
</ags:resource>
<ags:resource ags:ARN="GB2015402968">
	<dc:title><![CDATA[EFISIENSI SERAPAN N SERTA HASIL TANAMAN PADI (Oryza sativa L.) PADA BERBAGAI IMBANGAN PUPUK KANDANG PUYUH DAN PUPUK ANORGANIK DI LAHAN SAWAH PALUR SUKOHARJO]]></dc:title>
	<dc:creator>
		<ags:creatorPersonal><![CDATA[Galih Nico Supramudho]]></ags:creatorPersonal>
	</dc:creator>
	<dc:identifier scheme="dcterms:URI"><![CDATA[http://core.kmi.open.ac.uk/download/pdf/12348532.pdf]]></dc:identifier>
	<dc:identifier scheme="dcterms:URI"><![CDATA[oai:core.kmi.open.ac.uk:12348532]]></dc:identifier>
	<dc:format><dcterms:medium><![CDATA[text]]></dcterms:medium></dc:format>
</ags:resource>
<ags:resource ags:ARN="GB2015402969">
	<dc:title><![CDATA[PROSES PRODUKSI ASINAN TIMUN JEPANG  DI PERUSAHAAN AGRINDO BOGA SANTIKA  Dukuh Tombol, Desa Dalangan, Kecamatan Tulung, Kabupaten  Klaten, Jawa Tengah]]></dc:title>
	<dc:creator>
		<ags:creatorPersonal><![CDATA[LINDA SAFITRI]]></ags:creatorPersonal>
	</dc:creator>
	<dc:identifier scheme="dcterms:URI"><![CDATA[oai:core.kmi.open.ac.uk:12348609]]></dc:identifier>
	<dc:identifier scheme="dcterms:URI"><![CDATA[http://core.kmi.open.ac.uk/download/pdf/12348609.pdf]]></dc:identifier>
	<dc:format><dcterms:medium><![CDATA[text]]></dcterms:medium></dc:format>
</ags:resource>
<ags:resource ags:ARN="GB2015402970">
	<dc:title><![CDATA[PEMANFAATAN TEPUNG SUWEG (Amorphopallus campanulatus) SEBAGAI SUBTITUSI TEPUNG TERIGU PADA PEMBUATAN COOKIES]]></dc:title>
	<dc:creator>
		<ags:creatorPersonal><![CDATA[RATIH TURISYAWATI]]></ags:creatorPersonal>
	</dc:creator>
	<dc:identifier scheme="dcterms:URI"><![CDATA[oai:core.kmi.open.ac.uk:12348610]]></dc:identifier>
	<dc:identifier scheme="dcterms:URI"><![CDATA[http://core.kmi.open.ac.uk/download/pdf/12348610.pdf]]></dc:identifier>
	<dc:format><dcterms:medium><![CDATA[text]]></dcterms:medium></dc:format>
</ags:resource>
<ags:resource ags:ARN="GB2015402971">
	<dc:title><![CDATA[KAJIAN KARAKTERISTIK FISIKO SNACK BARS DENGAN BAHAN DASAR TEPUNG TEMPE DAN BUAH NANGKA KERING (CASEIN FREE GLUTEN FREE PROGRAM STUDI TEKNOLOGI HASIL FAKULTAS PERTANIAN UNIVERSITAS SEBELAS MARET FISIKOKIMIA DAN ORGANOLEPTIK SEBAGAI ALTERNATIF PANGAN CFGF FREE)]]></dc:title>
	<dc:creator>
		<ags:creatorPersonal><![CDATA[Rena da Frina]]></ags:creatorPersonal>
	</dc:creator>
	<dc:identifier scheme="dcterms:URI"><![CDATA[http://core.kmi.open.ac.uk/download/pdf/12348623.pdf]]></dc:identifier>
	<dc:identifier scheme="dcterms:URI"><![CDATA[oai:core.kmi.open.ac.uk:12348623]]></dc:identifier>
	<dc:format><dcterms:medium><![CDATA[text]]></dcterms:medium></dc:format>
</ags:resource>
<ags:resource ags:ARN="GB2015402972">
	<dc:title><![CDATA[EVALUASI PROGRAM RINTISAN DAN AKSELERASI PEMASYARAKATAN INOVASI TEKNOLOGI PERTANIAN (PRIMA TANI) DI KECAMATAN MOJOLABAN KABUPATEN SUKOHARJO]]></dc:title>
	<dc:creator>
		<ags:creatorPersonal><![CDATA[Iwan Sasono]]></ags:creatorPersonal>
	</dc:creator>
	<dc:identifier scheme="dcterms:URI"><![CDATA[http://core.kmi.open.ac.uk/download/pdf/12348624.pdf]]></dc:identifier>
	<dc:identifier scheme="dcterms:URI"><![CDATA[oai:core.kmi.open.ac.uk:12348624]]></dc:identifier>
	<dc:format><dcterms:medium><![CDATA[text]]></dcterms:medium></dc:format>
</ags:resource>
<ags:resource ags:ARN="GB2015402973">
	<dc:title><![CDATA[STRATEGI PENGEMBANGAN BISNIS BELIMBING INSTAN DI KOTA DEPOK (Studi Kasus CV. Tirta Indah Sentosa)]]></dc:title>
	<dc:creator>
		<ags:creatorPersonal><![CDATA[Widya Pangastuti]]></ags:creatorPersonal>
	</dc:creator>
	<dc:identifier scheme="dcterms:URI"><![CDATA[http://core.kmi.open.ac.uk/download/pdf/12348629.pdf]]></dc:identifier>
	<dc:identifier scheme="dcterms:URI"><![CDATA[oai:core.kmi.open.ac.uk:12348629]]></dc:identifier>
	<dc:format><dcterms:medium><![CDATA[text]]></dcterms:medium></dc:format>
</ags:resource>
<ags:resource ags:ARN="GB2015402974">
	<dc:title><![CDATA[DI PTPN IX (PERSERO) KEBUN JOLOTIGO   PEKALONGAN  (PROSES PRODUKSI TEH HITAM)]]></dc:title>
	<dc:creator>
		<ags:creatorPersonal><![CDATA[RIA EKA PUSPASARI]]></ags:creatorPersonal>
	</dc:creator>
	<dc:identifier scheme="dcterms:URI"><![CDATA[http://core.kmi.open.ac.uk/download/pdf/12348635.pdf]]></dc:identifier>
	<dc:identifier scheme="dcterms:URI"><![CDATA[oai:core.kmi.open.ac.uk:12348635]]></dc:identifier>
	<dc:format><dcterms:medium><![CDATA[text]]></dcterms:medium></dc:format>
</ags:resource>
<ags:resource ags:ARN="GB2015402975">
	<dc:title><![CDATA[PENGARUH KONSENTRASI EKSTRAK UBI JALAR DAN EMULSI IKAN TERHADAP PERTUMBUHAN PLB ANGGREK PERSILANGAN Phalaenopsis Pinlong Cinderella x Vanda tricolor PADA MEDIA KNUDSON C]]></dc:title>
	<dc:creator>
		<ags:creatorPersonal><![CDATA[Sepvi Mega Agriani]]></ags:creatorPersonal>
	</dc:creator>
	<dc:identifier scheme="dcterms:URI"><![CDATA[http://core.kmi.open.ac.uk/download/pdf/12348648.pdf]]></dc:identifier>
	<dc:identifier scheme="dcterms:URI"><![CDATA[oai:core.kmi.open.ac.uk:12348648]]></dc:identifier>
	<dc:format><dcterms:medium><![CDATA[text]]></dcterms:medium></dc:format>
</ags:resource>
<ags:resource ags:ARN="GB2015402976">
	<dc:title><![CDATA[INDUSTRI PENGOLAHAN TEH HITAM PT. PAGILARAN  (QUALITY CONTROL)]]></dc:title>
	<dc:creator>
		<ags:creatorPersonal><![CDATA[YUSUF PROJO JATI KUSUMO]]></ags:creatorPersonal>
	</dc:creator>
	<dc:identifier scheme="dcterms:URI"><![CDATA[http://core.kmi.open.ac.uk/download/pdf/12348716.pdf]]></dc:identifier>
	<dc:identifier scheme="dcterms:URI"><![CDATA[oai:core.kmi.open.ac.uk:12348716]]></dc:identifier>
	<dc:format><dcterms:medium><![CDATA[text]]></dcterms:medium></dc:format>
</ags:resource>
<ags:resource ags:ARN="GB2015402977">
	<dc:title><![CDATA[KAJIAN TOTAL BAKTERI PROBIOTIK DAN AKTIVITAS ANTIOKSIDAN YOGHURT TEMPE DENGAN VARIASI SUBSTRAT]]></dc:title>
	<dc:creator>
		<ags:creatorPersonal><![CDATA[Béatrice Degrange]]></ags:creatorPersonal>
		<ags:creatorPersonal><![CDATA[Pierre Sans]]></ags:creatorPersonal>
	</dc:creator>
	<dc:identifier scheme="dcterms:URI"><![CDATA[http://core.kmi.open.ac.uk/download/pdf/12348772.pdf]]></dc:identifier>
	<dc:identifier scheme="dcterms:URI"><![CDATA[oai:core.kmi.open.ac.uk:12348772]]></dc:identifier>
	<dc:format><dcterms:medium><![CDATA[text]]></dcterms:medium></dc:format>
</ags:resource>
<ags:resource ags:ARN="GB2015402978">
	<dc:title><![CDATA[ANALISIS HUBUNGAN PROPORSI PENGELUARAN DAN KONSUMSI PANGAN DENGAN KETAHANAN PANGAN RUMAH TANGGA PETANI PADI DI KABUPATEN KLATEN]]></dc:title>
	<dc:creator>
		<ags:creatorPersonal><![CDATA[HUSNUL AMALIYAH]]></ags:creatorPersonal>
	</dc:creator>
	<dc:identifier scheme="dcterms:URI"><![CDATA[http://core.kmi.open.ac.uk/download/pdf/12348718.pdf]]></dc:identifier>
	<dc:identifier scheme="dcterms:URI"><![CDATA[oai:core.kmi.open.ac.uk:12348718]]></dc:identifier>
	<dc:format><dcterms:medium><![CDATA[text]]></dcterms:medium></dc:format>
</ags:resource>
<ags:resource ags:ARN="GB2015402979">
	<dc:title><![CDATA[AKTIVITAS ANTIBAKTERI BERBAGAI JENIS MADU TERHADAP MIKROBA PEMBUSUK  (Pseudomonas fluorescens FNCC 0071 dan Pseudomonas putida FNCC 0070)]]></dc:title>
	<dc:creator>
		<ags:creatorPersonal><![CDATA[LELA FITRI HARIYATI]]></ags:creatorPersonal>
	</dc:creator>
	<dc:identifier scheme="dcterms:URI"><![CDATA[http://core.kmi.open.ac.uk/download/pdf/12348789.pdf]]></dc:identifier>
	<dc:identifier scheme="dcterms:URI"><![CDATA[oai:core.kmi.open.ac.uk:12348789]]></dc:identifier>
	<dc:format><dcterms:medium><![CDATA[text]]></dcterms:medium></dc:format>
</ags:resource>
<ags:resource ags:ARN="GB2015402980">
	<dc:title><![CDATA[APLIKASI MILLET (Pennisetum Spp) MERAH DAN MILLET KUNING SEBAGAI SUBSTITUSI TERIGU DALAM PEMBUATAN ROTI TAWAR : EVALUASI SIFAT SENSORIS DAN FISIKOKIMIA]]></dc:title>
	<dc:creator>
		<ags:creatorPersonal><![CDATA[ARISTA NUR’AINI]]></ags:creatorPersonal>
	</dc:creator>
	<dc:identifier scheme="dcterms:URI"><![CDATA[http://core.kmi.open.ac.uk/download/pdf/12348787.pdf]]></dc:identifier>
	<dc:identifier scheme="dcterms:URI"><![CDATA[oai:core.kmi.open.ac.uk:12348787]]></dc:identifier>
	<dc:format><dcterms:medium><![CDATA[text]]></dcterms:medium></dc:format>
</ags:resource>
<ags:resource ags:ARN="GB2015402981">
	<dc:title><![CDATA[PENGARUH IMBANGAN PUPUK ORGANIK DAN PUPUK ANORGANIK TERHADAP EMISI GAS METANA (CH4) DI LAHAN SAWAH PALUR]]></dc:title>
	<dc:creator>
		<ags:creatorPersonal><![CDATA[Feri Sari]]></ags:creatorPersonal>
	</dc:creator>
	<dc:identifier scheme="dcterms:URI"><![CDATA[oai:core.kmi.open.ac.uk:12348825]]></dc:identifier>
	<dc:identifier scheme="dcterms:URI"><![CDATA[http://core.kmi.open.ac.uk/download/pdf/12348825.pdf]]></dc:identifier>
	<dc:format><dcterms:medium><![CDATA[text]]></dcterms:medium></dc:format>
</ags:resource>
<ags:resource ags:ARN="GB2015402982">
	<dc:title><![CDATA[HUBUNGAN KARAKTERISTIK PETANI DENGAN PERSEPSI PETANI TERHADAP SISTEM RESI GUDANG KOMODITAS PADI (Oryza Sativa) DI KECAMATAN JATEN KABUPATEN KARANGANYAR]]></dc:title>
	<dc:creator>
		<ags:creatorPersonal><![CDATA[Yoniar Effendi]]></ags:creatorPersonal>
	</dc:creator>
	<dc:identifier scheme="dcterms:URI"><![CDATA[oai:core.kmi.open.ac.uk:12348830]]></dc:identifier>
	<dc:identifier scheme="dcterms:URI"><![CDATA[http://core.kmi.open.ac.uk/download/pdf/12348830.pdf]]></dc:identifier>
	<dc:format><dcterms:medium><![CDATA[text]]></dcterms:medium></dc:format>
</ags:resource>
<ags:resource ags:ARN="GB2015402983">
	<dc:title><![CDATA[KAJIAN PENGGUNAAN BERBAGAI KONSENTRASI BAP DAN 2,4-D  TERHADAP INDUKSI KALUS JARAK PAGAR  (Jatropha curcas L.)  SECARA IN VITRO]]></dc:title>
	<dc:creator>
		<ags:creatorPersonal><![CDATA[SETIANINGRUM ANDARYANI]]></ags:creatorPersonal>
	</dc:creator>
	<dc:identifier scheme="dcterms:URI"><![CDATA[http://core.kmi.open.ac.uk/download/pdf/12348875.pdf]]></dc:identifier>
	<dc:identifier scheme="dcterms:URI"><![CDATA[oai:core.kmi.open.ac.uk:12348875]]></dc:identifier>
	<dc:format><dcterms:medium><![CDATA[text]]></dcterms:medium></dc:format>
</ags:resource>
<ags:resource ags:ARN="GB2015402984">
	<dc:title><![CDATA[PENGARUH KARAKTER INDIVIDU POHON TERHADAP LAJU INFILTRASI DAN PERMEABILITAS TANAH DI SUB DAS SAMIN, DAS BENGAWAN SOLO HULU, KABUPATEN KARANGANYAR]]></dc:title>
	<dc:creator>
		<ags:creatorPersonal><![CDATA[Lady Noor Ayni]]></ags:creatorPersonal>
	</dc:creator>
	<dc:identifier scheme="dcterms:URI"><![CDATA[oai:core.kmi.open.ac.uk:12348841]]></dc:identifier>
	<dc:identifier scheme="dcterms:URI"><![CDATA[http://core.kmi.open.ac.uk/download/pdf/12348841.pdf]]></dc:identifier>
	<dc:format><dcterms:medium><![CDATA[text]]></dcterms:medium></dc:format>
</ags:resource>
<ags:resource ags:ARN="GB2015402985">
	<dc:title><![CDATA[APLIKASI MADU SEBAGAI PENGAWET DAGING SAPI GILING SEGAR  SELAMA PROSES PENYIMPANAN]]></dc:title>
	<dc:creator>
		<ags:creatorPersonal><![CDATA[SIGIT RAHARJO]]></ags:creatorPersonal>
	</dc:creator>
	<dc:identifier scheme="dcterms:URI"><![CDATA[oai:core.kmi.open.ac.uk:12348899]]></dc:identifier>
	<dc:identifier scheme="dcterms:URI"><![CDATA[http://core.kmi.open.ac.uk/download/pdf/12348899.pdf]]></dc:identifier>
	<dc:format><dcterms:medium><![CDATA[text]]></dcterms:medium></dc:format>
</ags:resource>
<ags:resource ags:ARN="GB2015402986">
	<dc:title><![CDATA[IMPLEMENTASI TANGGUNG JAWAB SOSIAL PERUSAHAAN (CORPORATE SOCIAL RESPONSIBILITY) DI PT SINAR MAS AGRO RESOURCES AND TECHNOLOGY ( PT SMART Tbk.)]]></dc:title>
	<dc:creator>
		<ags:creatorPersonal><![CDATA[Eksa Rusdiyana]]></ags:creatorPersonal>
	</dc:creator>
	<dc:identifier scheme="dcterms:URI"><![CDATA[http://core.kmi.open.ac.uk/download/pdf/12348906.pdf]]></dc:identifier>
	<dc:identifier scheme="dcterms:URI"><![CDATA[oai:core.kmi.open.ac.uk:12348906]]></dc:identifier>
	<dc:format><dcterms:medium><![CDATA[text]]></dcterms:medium></dc:format>
</ags:resource>
<ags:resource ags:ARN="GB2015402987">
	<dc:title><![CDATA[SERAPAN HARA N, P, K OLEH TANAMAN PADI DENGAN PENGELOLAAN KADAR LENGAS DAN PUPUK ORGANIK PADA TANAH VERTISOL]]></dc:title>
	<dc:creator>
		<ags:creatorPersonal><![CDATA[DEVINTA ROCANA]]></ags:creatorPersonal>
	</dc:creator>
	<dc:identifier scheme="dcterms:URI"><![CDATA[oai:core.kmi.open.ac.uk:12348908]]></dc:identifier>
	<dc:identifier scheme="dcterms:URI"><![CDATA[http://core.kmi.open.ac.uk/download/pdf/12348908.pdf]]></dc:identifier>
	<dc:format><dcterms:medium><![CDATA[text]]></dcterms:medium></dc:format>
</ags:resource>
<ags:resource ags:ARN="GB2015402988">
	<dc:title><![CDATA[APLIKASI ZPT NAA DAN UNSUR MIKRO UNTUK MENGATASI LAYU  PENTIL (CHERELLE WILT) PADA KAKAO (Theobroma cacao L.)  DENGAN TEKNIK PENYEMPROTAN BUAH]]></dc:title>
	<dc:creator>
		<ags:creatorPersonal><![CDATA[Andono Praja Widiancas]]></ags:creatorPersonal>
	</dc:creator>
	<dc:identifier scheme="dcterms:URI"><![CDATA[oai:core.kmi.open.ac.uk:12348960]]></dc:identifier>
	<dc:identifier scheme="dcterms:URI"><![CDATA[http://core.kmi.open.ac.uk/download/pdf/12348960.pdf]]></dc:identifier>
	<dc:format><dcterms:medium><![CDATA[text]]></dcterms:medium></dc:format>
</ags:resource>
<ags:resource ags:ARN="GB2015402989">
	<dc:title><![CDATA[KONSEP PENGENDALIAN MUTU DAN  Hazard Analysis Critical Control Point (HACCP)  NATA DE CASSAVA  Di Home Industri Inti Cassava, Bantul, Yogyakarta]]></dc:title>
	<dc:creator>
		<ags:creatorPersonal><![CDATA[Ririn Setyantini]]></ags:creatorPersonal>
	</dc:creator>
	<dc:identifier scheme="dcterms:URI"><![CDATA[oai:core.kmi.open.ac.uk:12348983]]></dc:identifier>
	<dc:identifier scheme="dcterms:URI"><![CDATA[http://core.kmi.open.ac.uk/download/pdf/12348983.pdf]]></dc:identifier>
	<dc:format><dcterms:medium><![CDATA[text]]></dcterms:medium></dc:format>
</ags:resource>
<ags:resource ags:ARN="GB2015402990">
	<dc:title><![CDATA[HUBUNGAN ANTARA KEMAMPUAN MANAJERIAL PETANI WORTEL (Daucus carota L.) DENGAN KECEPATAN ADOPSI PENGGUNAAN PESTISIDA NABATI DI KECAMATAN TAWANGMANGU KABUPATEN KARANGANYAR]]></dc:title>
	<dc:creator>
		<ags:creatorPersonal><![CDATA[Debby Eko Hari K]]></ags:creatorPersonal>
	</dc:creator>
	<dc:identifier scheme="dcterms:URI"><![CDATA[http://core.kmi.open.ac.uk/download/pdf/12348991.pdf]]></dc:identifier>
	<dc:identifier scheme="dcterms:URI"><![CDATA[oai:core.kmi.open.ac.uk:12348991]]></dc:identifier>
	<dc:format><dcterms:medium><![CDATA[text]]></dcterms:medium></dc:format>
</ags:resource>
<ags:resource ags:ARN="GB2015402991">
	<dc:title><![CDATA[KAJIAN PENGGUNAAN BERBAGAI KONSENTRASI BA DAN NAA  TERHADAP PEMBENTUKAN TUNAS JARAK PAGAR  (Jatropha curcas L.) PADA KULTUR IN VITRO]]></dc:title>
	<dc:creator>
		<ags:creatorPersonal><![CDATA[CITRA OKTAVIANA YUSWINDASARI]]></ags:creatorPersonal>
	</dc:creator>
	<dc:identifier scheme="dcterms:URI"><![CDATA[oai:core.kmi.open.ac.uk:12348988]]></dc:identifier>
	<dc:identifier scheme="dcterms:URI"><![CDATA[http://core.kmi.open.ac.uk/download/pdf/12348988.pdf]]></dc:identifier>
	<dc:format><dcterms:medium><![CDATA[text]]></dcterms:medium></dc:format>
</ags:resource>
<ags:resource ags:ARN="GB2015402992">
	<dc:title><![CDATA[PERSEPSI PETANI TERHADAP WATER RESOURCES AND IRRIGATION SECTOR MANAGEMENT PROGRAM DI KECAMATAN JATIPURNO KABUPATEN WONOGIRI]]></dc:title>
	<dc:creator>
		<ags:creatorPersonal><![CDATA[Hizbullah Nur Yatman]]></ags:creatorPersonal>
	</dc:creator>
	<dc:identifier scheme="dcterms:URI"><![CDATA[http://core.kmi.open.ac.uk/download/pdf/12349014.pdf]]></dc:identifier>
	<dc:identifier scheme="dcterms:URI"><![CDATA[oai:core.kmi.open.ac.uk:12349014]]></dc:identifier>
	<dc:format><dcterms:medium><![CDATA[text]]></dcterms:medium></dc:format>
</ags:resource>
<ags:resource ags:ARN="GB2015402993">
	<dc:title><![CDATA[KONSEP PENGENDALIAN MUTU DAN HACCP (Hazard Analysis Critical Control Point) PROSES PEMBUATAN MINUMAN FERMENTASI BUAH NAGA SUPER RED (MINAGA)]]></dc:title>
	<dc:creator>
		<ags:creatorPersonal><![CDATA[Saiful Annas]]></ags:creatorPersonal>
	</dc:creator>
	<dc:identifier scheme="dcterms:URI"><![CDATA[oai:core.kmi.open.ac.uk:12349054]]></dc:identifier>
	<dc:identifier scheme="dcterms:URI"><![CDATA[http://core.kmi.open.ac.uk/download/pdf/12349054.pdf]]></dc:identifier>
	<dc:format><dcterms:medium><![CDATA[text]]></dcterms:medium></dc:format>
</ags:resource>
<ags:resource ags:ARN="GB2015402994">
	<dc:title><![CDATA[EKSTRAKSI DAN KARAKTERISASI PEKTIN CINCAU HIJAU (Premna oblongifolia. Merr) UNTUK PEMBUATAN  EDIBLE FILM]]></dc:title>
	<dc:creator>
		<ags:creatorPersonal><![CDATA[Arinda Karina Rachmawati]]></ags:creatorPersonal>
	</dc:creator>
	<dc:identifier scheme="dcterms:URI"><![CDATA[http://core.kmi.open.ac.uk/download/pdf/12349026.pdf]]></dc:identifier>
	<dc:identifier scheme="dcterms:URI"><![CDATA[oai:core.kmi.open.ac.uk:12349026]]></dc:identifier>
	<dc:format><dcterms:medium><![CDATA[text]]></dcterms:medium></dc:format>
</ags:resource>
<ags:resource ags:ARN="GB2015402995">
	<dc:title><![CDATA[KARAKTERISTIK KIMIA DAN SENSORI TEMPE DENGAN  VARIASI BAHAN BAKU KEDELAI/BERAS DAN  PENAMBAHAN ANGKAK SERTA VARIASI LAMA  FERMENTASI]]></dc:title>
	<dc:creator>
		<ags:creatorPersonal><![CDATA[ERNA AYU DWINANINGSIH]]></ags:creatorPersonal>
	</dc:creator>
	<dc:identifier scheme="dcterms:URI"><![CDATA[http://core.kmi.open.ac.uk/download/pdf/12349031.pdf]]></dc:identifier>
	<dc:identifier scheme="dcterms:URI"><![CDATA[oai:core.kmi.open.ac.uk:12349031]]></dc:identifier>
	<dc:format><dcterms:medium><![CDATA[text]]></dcterms:medium></dc:format>
</ags:resource>
<ags:resource ags:ARN="GB2015402996">
	<dc:title><![CDATA[ANALISIS SUBSEKTOR PERTANIAN BASIS DAN KOMPONEN PERTUMBUHAN TANAMAN BAHAN MAKANAN DI PROVINSI JAWA TENGAH (PENDEKATAN LOCATION QUOTIENT DAN SHIFT SHARE ANALYSIS)]]></dc:title>
	<dc:creator>
		<ags:creatorPersonal><![CDATA[Hamdan Sultoni]]></ags:creatorPersonal>
	</dc:creator>
	<dc:identifier scheme="dcterms:URI"><![CDATA[http://core.kmi.open.ac.uk/download/pdf/12349051.pdf]]></dc:identifier>
	<dc:identifier scheme="dcterms:URI"><![CDATA[oai:core.kmi.open.ac.uk:12349051]]></dc:identifier>
	<dc:format><dcterms:medium><![CDATA[text]]></dcterms:medium></dc:format>
</ags:resource>
<ags:resource ags:ARN="GB2015402997">
	<dc:title><![CDATA[Hubungan efektivitas komunikasi antar pribadi dengan tingkat partisipasi petani dalam kelompok tani di Kecamatan Karanganyar Kabupaten Karanganyar]]></dc:title>
	<dc:creator>
		<ags:creatorPersonal><![CDATA[Soraya Rahmadani]]></ags:creatorPersonal>
	</dc:creator>
	<dc:identifier scheme="dcterms:URI"><![CDATA[http://core.kmi.open.ac.uk/download/pdf/12349069.pdf]]></dc:identifier>
	<dc:identifier scheme="dcterms:URI"><![CDATA[oai:core.kmi.open.ac.uk:12349069]]></dc:identifier>
	<dc:format><dcterms:medium><![CDATA[text]]></dcterms:medium></dc:format>
</ags:resource>
<ags:resource ags:ARN="GB2015402998">
	<dc:title><![CDATA[ANALISIS KOMPARATIF USAHATANI PADI (Oryza sativa L.) SAWAH IRIGASI BAGIAN HULU DAN SAWAH IRIGASI BAGIAN HILIR DAERAH IRIGASI BAPANG KABUPATEN SRAGEN]]></dc:title>
	<dc:creator>
		<ags:creatorPersonal><![CDATA[Joko Susilo]]></ags:creatorPersonal>
	</dc:creator>
	<dc:identifier scheme="dcterms:URI"><![CDATA[oai:core.kmi.open.ac.uk:12349085]]></dc:identifier>
	<dc:identifier scheme="dcterms:URI"><![CDATA[http://core.kmi.open.ac.uk/download/pdf/12349085.pdf]]></dc:identifier>
	<dc:format><dcterms:medium><![CDATA[text]]></dcterms:medium></dc:format>
</ags:resource>
<ags:resource ags:ARN="GB2015402999">
	<dc:title><![CDATA[STRATEGI PENGEMBANGAN KOMODITI TANAMAN BAHAN PANGAN  DI KABUPATEN BOYOLALI DENGAN PENDEKATAN TIPOLOGI KLASSEN]]></dc:title>
	<dc:creator>
		<ags:creatorPersonal><![CDATA[Milasari Puspita Dewi]]></ags:creatorPersonal>
	</dc:creator>
	<dc:identifier scheme="dcterms:URI"><![CDATA[http://core.kmi.open.ac.uk/download/pdf/12349092.pdf]]></dc:identifier>
	<dc:identifier scheme="dcterms:URI"><![CDATA[oai:core.kmi.open.ac.uk:12349092]]></dc:identifier>
	<dc:format><dcterms:medium><![CDATA[text]]></dcterms:medium></dc:format>
</ags:resource>
</ags:resources>