<?xml version="1.0" encoding="UTF-8"?>
<!DOCTYPE ags:resources SYSTEM "http://purl.org/agmes/agrisap/dtd/">
<ags:resources xmlns:ags="http://purl.org/agmes/1.1/" xmlns:dc="http://purl.org/dc/elements/1.1/" xmlns:agls="http://www.naa.gov.au/recordkeeping/gov_online/agls/1.2" xmlns:dcterms="http://purl.org/dc/terms/">
<ags:resource ags:ARN="UA2015600000">
	<dc:title><![CDATA[ZOOINDICATION AND PHYTOINDICATION OF AUTOTROPHIC AND HETEROTROPHIC CONSORTIA OF BIOGEOCOENOSES ORGANIZATION]]></dc:title>
	<dc:creator>
		<ags:creatorPersonal><![CDATA[Kunakh, O.]]></ags:creatorPersonal>
		<ags:creatorPersonal><![CDATA[Tryfanova, M.]]></ags:creatorPersonal>
		<ags:creatorPersonal><![CDATA[Ganzha, D.]]></ags:creatorPersonal>
	</dc:creator>
	<dc:publisher>
		<ags:publisherName><![CDATA[Bogdan Chmelnitskiy Melitopol State Pedagogical University]]></ags:publisherName>
	</dc:publisher>
	<dc:date><dcterms:dateIssued><![CDATA[2014]]></dcterms:dateIssued></dc:date>
	<dc:description><dcterms:abstract><![CDATA[The main results of ecomorfology structure of soil mesofauna in the adjacent area of Dneprovsko-Orylskiy Natural Reserve (Ireland Pogorily ore Dyka Kosa) have been presented by the methods of OMI-  and RLQ – analysis. The components of variability of the soil animal world (in colony of Ardea cinerea L.), which is conditioned by auto- and heterotrophic consortia and also by influence of edaphically properties of biogeocoenoses were determined. Also we registered the high level and dynamics of mineral feed and presence of nitrogen in the soil. The results of description of taxonomic and ecological diversity in association of mesopedobionts were presented. We proved that the coenomorphic type of the animals was bog-forest. On the basic of joint measuring of edaphically descriptions and features of fauna structure we estimated the properties of ecological niche of soil mesofauna. Key words: estimation of phytoindication, soil mesofauna, ecomorphic analysis, consortia, bird colonies.]]></dcterms:abstract>
	</dc:description>
	<dc:identifier scheme="dcterms:URI"><![CDATA[10.7905/bbmspu.v4i2.890]]></dc:identifier>
	<dc:format><dcterms:extent><![CDATA[p.115-141]]></dcterms:extent></dc:format>
	<dc:language scheme="ags:ISO639-1"><![CDATA[RU]]></dc:language>
	<ags:citation>
		<ags:citationTitle><![CDATA[Biological Bulletin of Bogdan Chmelnitskiy Melitopol State Pedagogical University]]></ags:citationTitle>
		<ags:citationIdentifier scheme="ags:ISSN">2225-5486</ags:citationIdentifier>
		<ags:citationNumber><![CDATA[v.4(2)]]></ags:citationNumber>
	</ags:citation>
</ags:resource>
<ags:resource ags:ARN="UA2015600001">
	<dc:title><![CDATA[MICROMICETES QUANTITY AND BIOMASS IN TECHNOGENIC  AND NATURAL SOILS]]></dc:title>
	<dc:creator>
		<ags:creatorPersonal><![CDATA[Korinovskaya, O.]]></ags:creatorPersonal>
		<ags:creatorPersonal><![CDATA[Gryshko, V.]]></ags:creatorPersonal>
	</dc:creator>
	<dc:publisher>
		<ags:publisherName><![CDATA[Bogdan Chmelnitskiy Melitopol State Pedagogical University]]></ags:publisherName>
	</dc:publisher>
	<dc:date><dcterms:dateIssued><![CDATA[2014]]></dcterms:dateIssued></dc:date>
	<dc:description><dcterms:abstract><![CDATA[It is shown that in edaphotopes around of freight checkpoint of CJSC «Krivorozhskiy Surikovyy Zavod», ore-enrichment factory and fresh-inwashed pool of tailings dam of PJSC «Northern Iron Ore Enrichment Works» there is an increase of heavy metals mobile forms (which are the most dangerous for microorganisms, plants, animals and human): for iron in 310; for zinc - in 4,3-6,5; for lead - in 3.2-5.7; for cadmium - in 5,6-9,8; for copper – 6,8-66,5 and for nickel - in 9 times as compared to zonal soil. Whereas in soils of CJSC «Krivorozhskiy Surikovyy Zavod» sanitary protection zone number of copper, nickel, lead, cadmium and zinc mobile forms exceeded the control values in 2,4-6,6 times. For the first time the features of soil microscopic fungi seasonal dynamics of quantity in industrial disturbed soils of Kryvorizhzhya compared to zonal soil (chernozem usual) were registered. Changes in fungal mycelium length and biomass, its spore’s amount and biomass in edaphotopes of ore-enrichment and chemical enterprises and of common chernozem are also presented. It is shown that in edaphotopes of heavy contamination areas of «Krivorozhskiy Surikovyy Zavod» and of «Northern Iron Ore Enrichment Works» in spring, summer, and autumn there was decrease of microscopic fungi quantity in 4-10 times, moreover in tehnozems of «Northern Iron Ore Enrichment Works» fresh-inwashed pool of tailings dam their amount reduces in more than 100 times, compared with common chernozem. In low contamination area of «Krivorozhskiy Surikovyy Zavod» their quantity decreases in 2 times. Also in heavy contamination areas of chemical and ore-enrichment enterprises there is strong decrease in the length of fungal mycelium in 2.7-4.2 times, its biomass in 2,6-4,5 times, the spores amount - in 4,5-7,7 times and their biomass - in 10,5-21 times compared to the natural soil, which could be explained by high contents of toxicants. While in the sanitary protection zone of the «Krivorozhskiy Surikovyy Zavod» the fungal mycelium length and biomass were in 1.2-1.4 times and the spores amount and biomass – in 1.5-1.7 times less than in the natural soil. Key words: mycromycetes, contamination, soil, quantity, biomass, heavy metals.]]></dcterms:abstract>
	</dc:description>
	<dc:identifier scheme="dcterms:URI"><![CDATA[10.7905/bbmspu.v4i2.885]]></dc:identifier>
	<dc:format><dcterms:extent><![CDATA[p.67-82]]></dcterms:extent></dc:format>
	<dc:language scheme="ags:ISO639-1"><![CDATA[UK]]></dc:language>
	<ags:citation>
		<ags:citationTitle><![CDATA[Biological Bulletin of Bogdan Chmelnitskiy Melitopol State Pedagogical University]]></ags:citationTitle>
		<ags:citationIdentifier scheme="ags:ISSN">2225-5486</ags:citationIdentifier>
		<ags:citationNumber><![CDATA[v.4(2)]]></ags:citationNumber>
	</ags:citation>
</ags:resource>
<ags:resource ags:ARN="UA2015600002">
	<dc:title><![CDATA[ADAPTATION OF TRANSLATIONAL APPARATUS OF PLASTIDS OF DAYLILY SORTS (НEMEROCALLIS L.) TOWARDS THE POLLUTION BY HEAVY METALS]]></dc:title>
	<dc:creator>
		<ags:creatorPersonal><![CDATA[Chipilyak, T.]]></ags:creatorPersonal>
		<ags:creatorPersonal><![CDATA[Gryshko, V.]]></ags:creatorPersonal>
	</dc:creator>
	<dc:publisher>
		<ags:publisherName><![CDATA[Bogdan Chmelnitskiy Melitopol State Pedagogical University]]></ags:publisherName>
	</dc:publisher>
	<dc:date><dcterms:dateIssued><![CDATA[2014]]></dcterms:dateIssued></dc:date>
	<dc:description><dcterms:abstract><![CDATA[The specificity of the accumulation of heavy metals (Fe, Pb, Cu, Ni, Zn, Cd) by cultivars Hemerocallis and peculiarities of adaptation of the photosynthetic system of daylilies in the conditions of industrial pollution and impact of emissions of motor transport were presented. The highest values of the indices of interstitial pollution of leaves by Pb ions and the fastest rate of lipid peroxidation in leaf cells were typical for cv. Stagecoach. The lowest rate of accumulation of the majority of heavy metals were registered for cv. Winnie the Pooh. The overall pattern of adaptive reactions of daylilies to the pollution was the alteration in chlorophyll a and b ratio. It was lower in more sensitive (cv. Stagecoach) and higher in more persistent (cv. Winnie the Pooh) sorts. The translocation indices for barrier block "soil-sheets" suggest that all the cultivars have persistent anti-concentration barrier only for Ni, which actively operates both in normal and industrial conditions (translocation indices < 1,0). Keywords: Нemerocallis L., H. x hybrida hort. cv. American Revolution, cv. Winnie the Pooh, cv. Stagecoach, heavy metals, pigments of photosynthesis, TBA-active compounds.]]></dcterms:abstract>
	</dc:description>
	<dc:identifier scheme="dcterms:URI"><![CDATA[10.7905/bbmspu.v4i2.886]]></dc:identifier>
	<dc:format><dcterms:extent><![CDATA[p.83-97]]></dcterms:extent></dc:format>
	<dc:language scheme="ags:ISO639-1"><![CDATA[UK]]></dc:language>
	<ags:citation>
		<ags:citationTitle><![CDATA[Biological Bulletin of Bogdan Chmelnitskiy Melitopol State Pedagogical University]]></ags:citationTitle>
		<ags:citationIdentifier scheme="ags:ISSN">2225-5486</ags:citationIdentifier>
		<ags:citationNumber><![CDATA[v.4(2)]]></ags:citationNumber>
	</ags:citation>
</ags:resource>
</ags:resources>